invoice_date,retailer_id,product_id,city_id,sales_method_id,price_per_unit,units_sold,total_sales,operating_profit,operating_margin
2021-10-12,1185732,3,7,3,40.0,450,18000.0,6299.999999999999,0.35
2021-10-13,1185732,2,7,3,40.0,250,10000.0,3500.0,0.35
2021-10-14,1185732,6,7,3,30.000000000000004,250,7500.000000000002,3000.0000000000005,0.39999999999999997
2021-10-15,1185732,5,7,3,35.0,100,3500.0,1050.0,0.3
2021-10-16,1185732,1,44,3,50.0,150,7500.0,1875.0,0.25
2021-10-17,1185732,4,44,3,40.0,250,10000.0,4000.0,0.4
2021-10-18,1185732,3,44,3,40.0,500,20000.0,7000.0,0.35
2021-10-19,1185732,2,44,3,40.0,150,6000.0,2100.0,0.35
2021-10-20,1185732,6,44,3,30.000000000000004,200,6000.000000000001,2400.0,0.39999999999999997
2021-10-21,1185732,5,44,3,35.0,75,2625.0,787.5,0.3
2021-10-22,1185732,1,44,3,50.0,150,7500.0,1875.0,0.25
2021-10-23,1185732,4,44,3,40.0,250,10000.0,4000.0,0.4
2021-10-24,1185732,3,44,3,40.0,470,18800.0,6580.0,0.35
2021-10-25,1185732,2,44,3,40.0,175,7000.0,2450.0,0.35
2021-10-26,1185732,6,44,3,30.000000000000004,200,6000.000000000001,2400.0,0.39999999999999997
2021-10-27,1185732,5,44,3,35.0,50,1750.0,525.0,0.3
2021-10-28,1185732,1,44,3,50.0,100,5000.0,1250.0,0.25
2021-10-29,1185732,4,44,3,40.0,200,8000.0,3200.0,0.4
2021-10-30,1185732,3,44,3,40.0,450,18000.0,6299.999999999999,0.35
2021-10-31,1185732,2,44,3,40.0,150,6000.0,2100.0,0.35
2021-11-01,1185732,6,44,3,30.000000000000004,150,4500.000000000001,1800.0,0.39999999999999997
2021-11-02,1185732,5,44,3,35.0,75,2625.0,787.5,0.3
2021-11-03,1185732,1,44,3,50.0,75,3750.0,937.5,0.25
2021-11-04,1185732,4,44,3,40.0,225,9000.0,3600.0,0.4
2021-11-05,1185732,3,44,3,54.99999999999999,495,27224.999999999993,9528.749999999996,0.35
2021-11-06,1185732,2,44,3,50.0,200,10000.0,3500.0,0.35
2021-11-07,1185732,6,44,3,45.0,175,7875.0,3149.9999999999995,0.39999999999999997
2021-11-08,1185732,5,44,3,45.0,125,5625.0,1687.5,0.3
2021-11-09,1185732,1,44,3,54.99999999999999,150,8249.999999999998,2062.4999999999995,0.25
2021-11-10,1185732,4,44,3,60.0,275,16500.0,6600.0,0.4
2021-11-11,1185732,3,44,3,54.99999999999999,525,28874.999999999993,10106.249999999996,0.35
2021-11-12,1185732,2,44,3,50.0,275,13750.0,4812.5,0.35
2021-11-13,1185732,6,44,3,45.0,200,9000.0,3600.0,0.39999999999999997
2021-11-14,1185732,5,44,3,45.0,175,7875.0,2362.5,0.3
2021-11-15,1185732,1,44,3,54.99999999999999,175,9624.999999999998,2406.2499999999995,0.25
2021-11-16,1185732,4,44,3,60.0,325,19500.0,7800.0,0.4
2021-11-17,1185732,3,44,3,54.99999999999999,550,30249.999999999993,10587.499999999996,0.35
2021-11-18,1185732,2,44,3,50.0,300,15000.0,5250.0,0.35
2021-11-19,1185732,6,44,3,45.0,225,10125.0,4050.0,0.39999999999999997
2021-11-20,1185732,5,44,3,45.0,175,7875.0,2362.5,0.3
2021-11-21,1185732,1,44,3,54.99999999999999,200,10999.999999999998,2749.9999999999995,0.25
2021-12-20,1185732,4,44,3,60.0,375,22500.0,9000.0,0.4
2021-12-21,1185732,3,44,3,54.99999999999999,525,28874.999999999993,10106.249999999996,0.35
2021-12-22,1185732,2,44,3,50.0,300,15000.0,5250.0,0.35
2021-12-23,1185732,6,44,3,45.0,225,10125.0,4050.0,0.39999999999999997
2021-12-24,1185732,5,44,3,45.0,175,7875.0,2362.5,0.3
2021-12-25,1185732,1,44,3,54.99999999999999,150,8249.999999999998,2062.4999999999995,0.25
2021-12-26,1185732,4,44,3,60.0,325,19500.0,7800.0,0.4
2021-12-27,1185732,3,44,3,54.99999999999999,450,24749.999999999996,8662.499999999998,0.35
2021-12-28,1185732,2,44,3,50.0,250,12500.0,4375.0,0.35
2021-12-29,1185732,6,44,3,45.0,150,6750.0,2699.9999999999995,0.39999999999999997
2021-12-30,1185732,5,44,3,45.0,125,5625.0,1687.5,0.3
2021-12-31,1185732,1,44,3,54.99999999999999,125,6874.999999999998,1718.7499999999995,0.25
2021-09-17,1185732,4,44,3,60.0,225,13500.0,5400.0,0.4
2021-10-19,1185732,3,44,3,60.0,400,24000.0,8400.0,0.35
2021-10-19,1185732,2,44,3,55.00000000000001,225,12375.000000000002,4331.25,0.35
2021-10-19,1185732,6,44,3,55.00000000000001,125,6875.000000000002,2750.0000000000005,0.39999999999999997
2021-10-19,1185732,5,44,3,55.00000000000001,100,5500.000000000001,1650.0,0.3
2021-10-19,1185732,1,44,3,65.0,100,6500.0,1625.0,0.25
2021-10-19,1185732,4,44,3,70.0,225,15750.0,6300.0,0.4
2021-11-18,1185732,3,44,3,65.0,375,24375.0,8531.25,0.35
2021-11-18,1185732,2,44,3,55.00000000000001,200,11000.000000000002,3850.0,0.35
2021-11-18,1185732,6,44,3,55.00000000000001,195,10725.000000000002,4290.0,0.39999999999999997
2021-11-18,1185732,5,44,3,55.00000000000001,175,9625.000000000002,2887.5000000000005,0.3
2021-11-18,1185732,1,44,3,65.0,150,9750.0,2437.5,0.25
2021-11-18,1185732,4,44,3,70.0,250,17500.0,7000.0,0.4
2021-12-17,1185732,3,44,3,65.0,475,30875.0,10806.25,0.35
2021-12-17,1185732,2,44,3,55.00000000000001,275,15125.000000000004,5293.750000000001,0.35
2021-12-17,1185732,6,44,3,55.00000000000001,250,13750.000000000004,5500.000000000001,0.39999999999999997
2021-12-17,1185732,5,44,3,55.00000000000001,200,11000.000000000002,3300.0,0.3
2021-12-17,1185732,1,44,3,65.0,200,13000.0,3250.0,0.25
2021-12-17,1185732,4,44,3,70.0,300,21000.0,8400.0,0.4
2021-01-24,1185732,4,3,3,55.00000000000001,300,16500.000000000004,4950.000000000001,0.3
2021-02-22,1185732,3,3,3,55.00000000000001,575,31625.000000000007,11068.750000000004,0.35000000000000003
2021-02-22,1185732,2,3,3,55.00000000000001,225,12375.000000000002,4331.250000000001,0.35000000000000003
2021-02-22,1185732,6,3,3,45.0,275,12375.0,3093.75,0.25
2021-02-22,1185732,5,3,3,49.99999999999999,175,8749.999999999998,2187.4999999999995,0.25
2021-02-22,1185732,1,3,3,65.00000000000001,250,16250.000000000004,4062.500000000001,0.25
2021-02-22,1185732,4,3,3,55.00000000000001,350,19250.000000000004,5775.000000000001,0.3
2021-03-20,1185732,3,3,3,55.00000000000001,545,29975.000000000007,10491.250000000004,0.35000000000000003
2021-03-20,1185732,2,3,3,55.00000000000001,250,13750.000000000004,4812.500000000002,0.35000000000000003
2021-03-20,1185732,6,3,3,45.0,275,12375.0,3093.75,0.25
2021-03-20,1185732,5,3,3,49.99999999999999,125,6249.999999999999,1562.4999999999998,0.25
2021-03-20,1185732,1,3,3,65.00000000000001,175,11375.000000000004,2843.750000000001,0.25
2021-03-20,1185732,4,3,3,55.00000000000001,275,15125.000000000004,4537.500000000001,0.3
2021-04-21,1185732,3,3,3,55.00000000000001,525,28875.000000000007,10106.250000000004,0.35000000000000003
2021-04-21,1185732,2,3,3,55.00000000000001,225,12375.000000000002,4331.250000000001,0.35000000000000003
2021-04-21,1185732,6,3,3,45.0,225,10125.0,2531.25,0.25
2021-04-21,1185732,5,3,3,49.99999999999999,150,7499.999999999998,1874.9999999999995,0.25
2021-04-21,1185732,1,3,3,60.00000000000001,150,9000.000000000002,2250.0000000000005,0.25
2021-04-21,1185732,4,3,3,50.0,300,15000.0,4500.0,0.3
2021-05-20,1185732,3,3,3,65.0,570,37050.0,12967.500000000002,0.35000000000000003
2021-05-20,1185732,2,3,3,60.00000000000001,275,16500.000000000004,5775.000000000002,0.35000000000000003
2021-05-20,1185732,6,3,3,55.00000000000001,300,16500.000000000004,4125.000000000001,0.25
2021-05-20,1185732,5,3,3,55.00000000000001,250,13750.000000000004,3437.500000000001,0.25
2021-05-20,1185732,1,3,3,65.0,275,17875.0,4468.75,0.25
2021-05-20,1185732,4,3,3,70.0,400,28000.0,8400.0,0.3
2021-06-22,1185732,3,3,3,65.0,650,42250.0,14787.5,0.35000000000000003
2021-06-22,1185732,2,3,3,60.00000000000001,400,24000.000000000004,8400.000000000002,0.35000000000000003
2021-06-22,1185732,6,3,3,55.00000000000001,325,17875.000000000004,4468.750000000001,0.25
2021-06-22,1185732,5,3,3,55.00000000000001,300,16500.000000000004,4125.000000000001,0.25
2021-06-22,1185732,1,3,3,65.0,300,19500.0,4875.0,0.25
2021-06-22,1185732,4,3,3,70.0,450,31500.0,9450.0,0.3
2021-07-20,1185732,3,3,3,65.0,675,43875.0,15356.250000000004,0.35000000000000003
2021-07-20,1185732,2,3,3,60.00000000000001,425,25500.000000000004,8925.000000000002,0.35000000000000003
2021-07-20,1185732,6,3,3,55.00000000000001,350,19250.000000000004,4812.500000000001,0.25
2021-07-20,1185732,5,3,3,55.00000000000001,300,16500.000000000004,4125.000000000001,0.25
2021-07-20,1185732,1,3,3,65.0,325,21125.0,5281.25,0.25
2021-07-20,1185732,4,3,3,70.0,500,35000.0,10500.0,0.3
2021-08-21,1185732,3,3,3,65.0,650,42250.0,14787.5,0.35000000000000003
2021-08-21,1185732,2,3,3,60.00000000000001,425,25500.000000000004,8925.000000000002,0.35000000000000003
2021-08-21,1185732,6,3,3,55.00000000000001,350,19250.000000000004,4812.500000000001,0.25
2021-08-21,1185732,5,3,3,55.00000000000001,250,13750.000000000004,3437.500000000001,0.25
2021-08-21,1185732,1,3,3,65.0,225,14625.0,3656.25,0.25
2021-08-21,1185732,4,3,3,70.0,400,28000.0,8400.0,0.3
2021-09-20,1185732,3,3,3,65.0,525,34125.0,11943.750000000002,0.35000000000000003
2021-09-20,1185732,2,3,3,60.00000000000001,325,19500.000000000004,6825.000000000002,0.35000000000000003
2021-09-20,1185732,6,3,3,55.00000000000001,225,12375.000000000002,3093.7500000000005,0.25
2021-09-20,1185732,5,3,3,55.00000000000001,200,11000.000000000002,2750.0000000000005,0.25
2021-09-20,1185732,1,3,3,65.0,200,13000.0,3250.0,0.25
2021-09-20,1185732,4,3,3,70.0,300,21000.0,6300.0,0.3
2021-10-22,1185732,3,3,3,70.0,450,31500.0,11025.000000000002,0.35000000000000003
2021-10-22,1185732,2,3,3,65.00000000000001,275,17875.000000000004,6256.250000000002,0.35000000000000003
2021-10-22,1185732,6,3,3,65.00000000000001,175,11375.000000000004,2843.750000000001,0.25
2021-10-22,1185732,5,3,3,65.00000000000001,150,9750.000000000002,2437.5000000000005,0.25
2021-10-22,1185732,1,3,3,75.00000000000001,150,11250.000000000002,2812.5000000000005,0.25
2021-10-22,1185732,4,3,3,80.0,275,22000.0,6600.0,0.3
2021-11-21,1185732,3,3,3,75.00000000000001,425,31875.000000000007,11156.250000000004,0.35000000000000003
2021-11-21,1185732,2,3,3,65.00000000000001,300,19500.000000000004,6825.000000000002,0.35000000000000003
2021-11-21,1185732,6,3,3,65.00000000000001,320,20800.000000000007,5200.000000000002,0.25
2021-11-21,1185732,5,3,3,65.00000000000001,300,19500.000000000004,4875.000000000001,0.25
2021-11-21,1185732,1,3,3,75.00000000000001,275,20625.000000000004,5156.250000000001,0.25
2021-11-21,1185732,4,3,3,80.0,375,30000.0,9000.0,0.3
2021-12-20,1185732,3,3,3,75.00000000000001,600,45000.00000000001,15750.000000000004,0.35000000000000003
2021-12-20,1185732,2,3,3,65.00000000000001,400,26000.000000000007,9100.000000000004,0.35000000000000003
2021-12-02,1185732,6,13,2,60.00000000000001,725,43500.00000000001,17400.000000000004,0.4
2021-12-02,1185732,5,13,2,60.00000000000001,675,40500.00000000001,16200.000000000004,0.4
2021-12-02,1185732,1,13,2,70.0,675,47250.0,16537.5,0.35
2021-12-02,1185732,4,13,2,75.0,775,58125.0,29062.5,0.5
2021-01-13,1185732,3,13,2,35.0,775,27125.0,10850.0,0.4
2021-01-13,1185732,2,13,2,35.0,575,20125.0,7043.75,0.35
2021-01-13,1185732,6,13,2,25.000000000000007,575,14375.000000000004,5750.000000000002,0.4
2021-01-13,1185732,5,13,2,30.0,425,12750.0,5100.0,0.4
2021-01-13,1185732,1,13,2,45.0,475,21375.0,7481.25,0.35
2021-01-13,1185732,4,13,2,35.0,575,20125.0,10062.5,0.5
2021-02-11,1185732,3,13,2,35.0,825,28875.0,11550.0,0.4
2021-02-11,1185732,2,13,2,35.0,475,16625.0,5818.749999999999,0.35
2021-02-11,1185732,6,13,2,25.000000000000007,525,13125.000000000004,5250.000000000002,0.4
2021-02-11,1185732,5,16,2,30.0,375,11250.0,4500.0,0.4
2021-02-11,1185732,1,16,2,45.0,450,20250.0,7087.5,0.35
2021-02-11,1185732,4,16,2,30.0,550,16500.0,8250.0,0.5
2021-03-09,1185732,3,16,2,30.0,770,23100.0,9240.0,0.4
2021-03-09,1185732,2,16,2,30.0,450,13500.0,4725.0,0.35
2021-03-09,1185732,6,16,2,20.0,475,9500.0,3800.0,0.4
2021-03-09,1185732,5,16,2,24.999999999999993,325,8124.999999999997,3249.999999999999,0.4
2021-03-09,1185732,1,16,2,40.00000000000001,375,15000.000000000004,5250.000000000001,0.35
2021-03-09,1185732,4,16,2,30.0,475,14250.0,7125.0,0.5
2021-04-10,1185732,3,16,2,30.0,725,21750.0,8700.0,0.4
2021-04-10,1185732,2,16,2,30.0,425,12750.0,4462.5,0.35
2021-04-10,1185732,6,16,2,20.0,425,8500.0,3400.0,0.4
2021-04-10,1185732,5,16,2,24.999999999999993,350,8749.999999999996,3499.999999999999,0.4
2021-04-10,1185732,1,16,2,45.0,375,16875.0,5906.249999999999,0.35
2021-04-10,1185732,4,16,2,35.0,525,18375.0,9187.5,0.5
2021-05-09,1185732,3,16,2,45.0,795,35775.0,14310.0,0.4
2021-05-09,1185732,2,16,2,45.0,500,22500.0,7875.0,0.35
2021-05-09,1185732,6,16,2,40.0,475,19000.0,7600.0,0.4
2021-05-09,1185732,5,16,2,40.0,425,17000.0,6800.0,0.4
2021-05-09,1185732,1,16,2,49.99999999999999,450,22499.999999999996,7874.999999999998,0.35
2021-05-09,1185732,4,16,2,54.99999999999999,550,30249.999999999993,15124.999999999996,0.5
2021-06-11,1185732,3,16,2,49.99999999999999,800,39999.99999999999,16000.0,0.4
2021-06-11,1185732,2,16,2,45.0,550,24750.0,8662.5,0.35
2021-06-11,1185732,6,16,2,50.0,525,26250.0,10500.0,0.4
2021-06-11,1185732,5,16,2,50.0,500,25000.0,10000.0,0.4
2021-06-11,1185732,1,16,2,65.0,500,32500.0,11375.0,0.35
2021-06-11,1185732,4,16,2,70.0,675,47250.0,23625.0,0.5
2021-07-09,1185732,3,16,2,65.0,900,58500.0,23400.0,0.4
2021-07-09,1185732,2,16,2,60.00000000000001,650,39000.00000000001,13650.0,0.35
2021-07-09,1185732,6,16,2,55.00000000000001,575,31625.000000000007,12650.000000000004,0.4
2021-07-09,1185732,5,16,2,55.00000000000001,525,28875.000000000007,11550.000000000004,0.4
2021-07-09,1185732,1,16,2,65.0,550,35750.0,12512.499999999998,0.35
2021-07-09,1185732,4,16,2,70.0,725,50750.0,25375.0,0.5
2021-08-10,1185732,3,16,2,65.0,875,56875.0,22750.0,0.4
2021-08-10,1185732,2,16,2,60.00000000000001,650,39000.00000000001,13650.0,0.35
2021-08-10,1185732,6,16,2,55.00000000000001,575,31625.000000000007,12650.000000000004,0.4
2021-08-10,1185732,5,16,2,45.0,525,23625.0,9450.0,0.4
2021-08-10,1185732,1,16,2,55.00000000000001,500,27500.000000000007,9625.000000000002,0.35
2021-08-10,1185732,4,16,2,60.00000000000001,675,40500.00000000001,20250.000000000004,0.5
2021-09-09,1185732,3,16,2,55.00000000000001,775,42625.00000000001,17050.000000000004,0.4
2021-09-09,1185732,2,16,2,50.000000000000014,575,28750.000000000007,10062.500000000002,0.35
2021-09-09,1185732,6,16,2,25.000000000000007,475,11875.000000000004,4750.000000000002,0.4
2021-09-09,1185732,5,16,2,25.000000000000007,450,11250.000000000004,4500.000000000002,0.4
2021-09-09,1185732,1,16,2,35.0,450,15750.0,5512.5,0.35
2021-09-09,1185732,4,16,2,40.00000000000001,550,22000.000000000004,11000.000000000002,0.5
2021-10-11,1185732,3,16,2,40.00000000000001,725,29000.000000000007,11600.000000000004,0.4
2021-10-11,1185732,2,16,2,30.00000000000001,550,16500.000000000007,5775.000000000002,0.35
2021-10-11,1185732,6,16,2,30.00000000000001,425,12750.000000000004,5100.000000000002,0.4
2021-10-11,1185732,5,16,2,30.00000000000001,400,12000.000000000004,4800.000000000002,0.4
2021-10-11,1185732,1,16,2,40.00000000000001,400,16000.000000000004,5600.000000000001,0.35
2021-10-11,1185732,4,16,2,40.0,525,21000.0,10500.0,0.5
2021-11-10,1185732,3,16,2,35.00000000000001,675,23625.000000000007,9450.000000000004,0.4
2021-11-10,1185732,2,16,2,25.00000000000001,500,12500.000000000005,4375.000000000002,0.35
2021-11-10,1185732,6,16,2,35.000000000000014,445,15575.000000000005,6230.000000000003,0.4
2021-11-10,1185732,5,16,2,65.00000000000003,500,32500.00000000001,13000.000000000005,0.4
2021-11-10,1185732,1,16,2,80.00000000000001,475,38000.00000000001,13300.0,0.35
2021-11-10,1185732,4,16,2,80.0,575,46000.0,23000.0,0.5
2021-12-09,1185732,3,16,2,75.00000000000001,825,61875.000000000015,24750.000000000007,0.4
2021-12-09,1185732,2,16,2,65.00000000000001,625,40625.000000000015,14218.750000000004,0.35
2021-01-22,1185732,3,16,2,40.0,500,20000.0,8000.0,0.4
2021-01-22,1185732,2,16,2,40.0,300,12000.0,4200.0,0.35
2021-01-22,1185732,6,16,2,30.000000000000004,300,9000.000000000002,3600.000000000001,0.4
2021-01-22,1185732,5,16,2,35.0,150,5250.0,2100.0,0.4
2021-01-22,1185732,1,16,2,49.99999999999999,200,9999.999999999998,3499.999999999999,0.35
2021-01-22,1185732,4,16,2,40.0,300,12000.0,4800.0,0.4
2021-02-22,1185732,3,16,2,40.0,550,22000.0,8800.0,0.4
2021-02-22,1185732,2,16,2,40.0,200,8000.0,2800.0,0.35
2021-02-22,1185732,6,16,2,30.000000000000004,250,7500.000000000002,3000.000000000001,0.4
2021-02-22,1185732,5,31,2,35.0,125,4375.0,1750.0,0.4
2021-02-22,1185732,1,31,2,49.99999999999999,200,9999.999999999998,3499.999999999999,0.35
2021-02-22,1185732,4,31,2,40.0,300,12000.0,4800.0,0.4
2021-03-21,1185732,3,31,2,45.0,520,23400.0,9360.0,0.4
2021-03-21,1185732,2,31,2,45.0,225,10125.0,3543.75,0.35
2021-03-21,1185732,6,31,2,35.0,250,8750.0,3500.0,0.4
2021-03-21,1185732,5,31,2,40.0,100,4000.0,1600.0,0.4
2021-03-21,1185732,1,31,2,54.99999999999999,150,8249.999999999998,2887.499999999999,0.35
2021-03-21,1185732,4,31,2,45.0,250,11250.0,4500.0,0.4
2021-04-22,1185732,3,31,2,45.0,475,21375.0,8550.0,0.4
2021-04-22,1185732,2,31,2,45.0,175,7875.0,2756.25,0.35
2021-04-22,1185732,6,31,2,40.0,175,7000.0,2800.0,0.4
2021-04-22,1185732,5,31,2,45.0,100,4500.0,1800.0,0.4
2021-04-22,1185732,1,31,2,50.0,125,6250.0,2187.5,0.35
2021-04-22,1185732,4,31,2,40.0,250,10000.0,4000.0,0.4
2021-05-23,1185732,3,31,2,50.0,520,26000.0,10400.0,0.4
2021-05-23,1185732,2,31,2,45.00000000000001,225,10125.000000000002,3543.75,0.35
2021-05-23,1185732,6,31,2,40.0,200,8000.0,3200.0,0.4
2021-05-23,1185732,5,31,2,40.0,125,5000.0,2000.0,0.4
2021-05-23,1185732,1,31,2,50.0,150,7500.0,2625.0,0.35
2021-05-23,1185732,4,31,2,55.00000000000001,275,15125.000000000004,6050.000000000002,0.4
2021-06-22,1185732,3,31,2,40.0,525,21000.0,8400.0,0.4
2021-06-22,1185732,2,31,2,35.00000000000001,275,9625.000000000002,3368.75,0.35
2021-06-22,1185732,6,31,2,30.000000000000004,225,6750.000000000002,2700.000000000001,0.4
2021-06-22,1185732,5,31,2,30.000000000000004,200,6000.000000000001,2400.0000000000005,0.4
2021-06-22,1185732,1,31,2,50.0,200,10000.0,3500.0,0.35
2021-06-22,1185732,4,31,2,55.00000000000001,375,20625.000000000004,8250.000000000002,0.4
2021-07-21,1185732,3,31,2,50.0,600,30000.0,12000.0,0.4
2021-07-21,1185732,2,31,2,45.00000000000001,350,15750.000000000004,5512.500000000001,0.35
2021-07-21,1185732,6,31,2,40.0,275,11000.0,4400.0,0.4
2021-07-21,1185732,5,31,2,40.0,225,9000.0,3600.0,0.4
2021-07-21,1185732,1,31,2,50.0,250,12500.0,4375.0,0.35
2021-07-21,1185732,4,31,2,55.00000000000001,425,23375.000000000004,9350.000000000002,0.4
2021-08-22,1185732,3,31,2,50.0,575,28750.0,11500.0,0.4
2021-08-22,1185732,2,31,2,45.00000000000001,350,15750.000000000004,5512.500000000001,0.35
2021-08-22,1185732,6,31,2,40.0,275,11000.0,4400.0,0.4
2021-08-22,1185732,5,31,2,40.0,250,10000.0,4000.0,0.4
2021-08-22,1185732,1,31,2,50.0,225,11250.0,3937.5,0.35
2021-08-22,1185732,4,31,2,55.00000000000001,400,22000.000000000004,8800.000000000002,0.4
2021-09-23,1185732,3,31,2,50.0,525,26250.0,10500.0,0.4
2021-09-23,1185732,2,31,2,45.00000000000001,325,14625.000000000004,5118.750000000001,0.35
2021-09-23,1185732,6,31,2,35.0,225,7875.0,3150.0,0.4
2021-09-23,1185732,5,31,2,35.0,200,7000.0,2800.0,0.4
2021-09-23,1185732,1,31,2,45.0,200,9000.0,3149.9999999999995,0.35
2021-09-23,1185732,4,31,2,50.0,275,13750.0,5500.0,0.4
2021-10-22,1185732,3,31,2,54.99999999999999,450,24749.999999999996,9900.0,0.4
2021-10-22,1185732,2,31,2,45.0,275,12375.0,4331.25,0.35
2021-10-22,1185732,6,31,2,45.0,175,7875.0,3150.0,0.4
2021-10-22,1185732,5,31,2,45.0,150,6750.0,2700.0,0.4
2021-10-22,1185732,1,31,2,54.99999999999999,150,8249.999999999998,2887.499999999999,0.35
2021-10-22,1185732,4,31,2,54.99999999999999,275,15124.999999999996,6049.999999999999,0.4
2021-11-22,1185732,3,31,2,50.0,425,21250.0,8500.0,0.4
2021-11-22,1185732,2,31,2,40.0,275,11000.0,3850.0,0.35
2021-11-22,1185732,6,31,2,45.0,220,9900.0,3960.0,0.4
2021-10-15,1185732,4,9,1,70.0,225,15750.0,4725.0,0.3
2021-11-14,1185732,3,9,1,65.0,375,24375.0,7312.5,0.3
2021-11-14,1185732,2,9,1,55.00000000000001,300,16500.000000000004,4950.000000000001,0.3
2021-11-14,1185732,6,9,1,55.00000000000001,295,16225.000000000004,4056.250000000001,0.25
2021-11-14,1185732,5,9,1,55.00000000000001,275,15125.000000000004,3781.250000000001,0.25
2021-11-14,1185732,1,9,1,65.0,250,16250.0,4062.5,0.25
2021-11-14,1185732,4,9,1,70.0,350,24500.0,7350.0,0.3
2021-12-13,1185732,3,9,1,65.0,575,37375.0,11212.5,0.3
2021-12-13,1185732,2,9,1,55.00000000000001,375,20625.000000000004,6187.500000000001,0.3
2021-12-13,1185732,6,9,1,55.00000000000001,350,19250.000000000004,4812.500000000001,0.25
2021-12-13,1185732,5,9,1,55.00000000000001,300,16500.000000000004,4125.000000000001,0.25
2021-12-13,1185732,1,9,1,65.0,300,19500.0,4875.0,0.25
2021-12-13,1185732,4,9,1,70.0,400,28000.0,8400.0,0.3
2021-01-14,1185732,3,9,1,45.0,525,23625.0,10631.25,0.45
2021-01-14,1185732,2,9,1,45.0,325,14625.0,6581.25,0.45
2021-01-14,1185732,6,9,1,35.0,325,11375.0,3981.25,0.35
2021-01-14,1185732,5,9,1,40.0,175,7000.0,2450.0,0.35
2021-01-14,1185732,1,9,1,55.00000000000001,225,12375.000000000002,4331.25,0.35
2021-01-14,1185732,4,9,1,45.0,325,14625.0,5849.999999999999,0.39999999999999997
2021-02-12,1185732,3,9,1,45.0,575,25875.0,11643.75,0.45
2021-02-12,1185732,2,9,1,45.0,225,10125.0,4556.25,0.45
2021-02-12,1185732,6,9,1,35.0,275,9625.0,3368.75,0.35
2021-02-12,1185732,5,10,1,40.0,150,6000.0,2100.0,0.35
2021-02-12,1185732,1,10,1,55.00000000000001,225,12375.000000000002,4331.25,0.35
2021-02-12,1185732,4,10,1,45.0,325,14625.0,5849.999999999999,0.39999999999999997
2021-03-10,1185732,3,10,1,45.0,545,24525.0,11036.25,0.45
2021-03-10,1185732,2,10,1,45.0,250,11250.0,5062.5,0.45
2021-03-10,1185732,6,10,1,35.0,275,9625.0,3368.75,0.35
2021-03-10,1185732,5,10,1,40.0,125,5000.0,1750.0,0.35
2021-03-10,1185732,1,10,1,55.00000000000001,175,9625.000000000002,3368.75,0.35
2021-03-10,1185732,4,10,1,45.0,275,12375.0,4949.999999999999,0.39999999999999997
2021-04-11,1185732,3,10,1,45.0,525,23625.0,10631.25,0.45
2021-04-11,1185732,2,10,1,45.0,225,10125.0,4556.25,0.45
2021-04-11,1185732,6,10,1,35.0,225,7875.0,2756.25,0.35
2021-04-11,1185732,5,10,1,40.0,150,6000.0,2100.0,0.35
2021-04-11,1185732,1,10,1,55.00000000000001,150,8250.000000000002,2887.5000000000005,0.35
2021-04-11,1185732,4,10,1,45.0,300,13500.0,5399.999999999999,0.39999999999999997
2021-05-10,1185732,3,10,1,60.0,570,34200.0,15390.0,0.45
2021-05-10,1185732,2,10,1,55.00000000000001,275,15125.000000000004,6806.250000000002,0.45
2021-05-10,1185732,6,10,1,50.0,300,15000.0,5250.0,0.35
2021-05-10,1185732,5,10,1,50.0,250,12500.0,4375.0,0.35
2021-05-10,1185732,1,10,1,60.0,275,16500.0,5774.999999999999,0.35
2021-05-10,1185732,4,10,1,65.0,400,26000.0,10399.999999999998,0.39999999999999997
2021-06-12,1185732,3,10,1,60.0,650,39000.0,17550.0,0.45
2021-06-12,1185732,2,10,1,55.00000000000001,400,22000.000000000004,9900.000000000002,0.45
2021-06-12,1185732,6,10,1,50.0,325,16250.0,5687.5,0.35
2021-06-12,1185732,5,10,1,50.0,300,15000.0,5250.0,0.35
2021-06-12,1185732,1,10,1,60.0,300,18000.0,6299.999999999999,0.35
2021-06-12,1185732,4,10,1,65.0,450,29250.0,11699.999999999998,0.39999999999999997
2021-07-10,1185732,3,10,1,60.0,675,40500.0,18225.0,0.45
2021-07-10,1185732,2,10,1,55.00000000000001,425,23375.000000000004,10518.750000000002,0.45
2021-07-10,1185732,6,10,1,50.0,350,17500.0,6124.999999999999,0.35
2021-07-10,1185732,5,10,1,50.0,300,15000.0,5250.0,0.35
2021-07-10,1185732,1,10,1,60.0,325,19500.0,6825.0,0.35
2021-07-10,1185732,4,10,1,65.0,500,32500.0,12999.999999999998,0.39999999999999997
2021-08-11,1185732,3,10,1,60.0,650,39000.0,17550.0,0.45
2021-08-11,1185732,2,10,1,55.00000000000001,425,23375.000000000004,10518.750000000002,0.45
2021-08-11,1185732,6,10,1,50.0,350,17500.0,6124.999999999999,0.35
2021-08-11,1185732,5,10,1,50.0,250,12500.0,4375.0,0.35
2021-08-11,1185732,1,10,1,60.0,225,13500.0,4725.0,0.35
2021-08-11,1185732,4,10,1,65.0,400,26000.0,10399.999999999998,0.39999999999999997
2021-09-10,1185732,3,10,1,60.0,525,31500.0,14175.0,0.45
2021-09-10,1185732,2,10,1,55.00000000000001,325,17875.000000000004,8043.750000000002,0.45
2021-09-10,1185732,6,10,1,50.0,225,11250.0,3937.5,0.35
2021-09-10,1185732,5,10,1,50.0,200,10000.0,3500.0,0.35
2021-09-10,1185732,1,10,1,60.0,200,12000.0,4200.0,0.35
2021-09-10,1185732,4,10,1,65.0,300,19500.0,7800.0,0.39999999999999997
2021-10-12,1185732,3,10,1,65.0,475,30875.0,13893.75,0.45
2021-10-12,1185732,2,10,1,60.00000000000001,300,18000.000000000004,8100.000000000002,0.45
2021-10-12,1185732,6,10,1,60.00000000000001,200,12000.000000000002,4200.0,0.35
2021-10-12,1185732,5,10,1,60.00000000000001,175,10500.000000000002,3675.0,0.35
2021-10-12,1185732,1,10,1,70.0,175,12250.0,4287.5,0.35
2021-11-11,1185732,5,10,1,60.00000000000001,300,18000.000000000004,6300.000000000001,0.35
2021-11-11,1185732,1,10,1,70.0,275,19250.0,6737.5,0.35
2021-11-11,1185732,4,10,1,75.0,375,28125.0,11249.999999999998,0.39999999999999997
2021-12-10,1185732,3,10,1,70.0,600,42000.0,18900.0,0.45
2021-12-10,1185732,2,10,1,60.00000000000001,400,24000.000000000004,10800.000000000002,0.45
2021-12-10,1185732,6,10,1,60.00000000000001,375,22500.000000000004,7875.0,0.35
2021-12-10,1185732,5,10,1,60.00000000000001,325,19500.000000000004,6825.0,0.35
2021-12-10,1185732,1,10,1,70.0,325,22750.0,7962.5,0.35
2021-12-10,1185732,4,10,1,75.0,425,31875.0,12749.999999999998,0.39999999999999997
2021-01-21,1185732,3,10,1,50.0,525,26250.0,10500.0,0.4
2021-01-21,1185732,2,10,1,50.0,325,16250.0,6500.0,0.4
2021-01-21,1185732,6,10,1,40.0,325,13000.0,3900.0,0.3
2021-01-21,1185732,5,10,1,44.99999999999999,175,7874.999999999998,2362.4999999999995,0.3
2021-01-21,1185732,1,10,1,60.00000000000001,225,13500.000000000004,4050.000000000001,0.3
2021-01-21,1185732,4,10,1,50.0,325,16250.0,5687.5,0.35
2021-02-19,1185732,3,10,1,50.0,600,30000.0,12000.0,0.4
2021-02-19,1185732,2,10,1,50.0,250,12500.0,5000.0,0.4
2021-02-19,1185732,6,10,1,40.0,300,12000.0,3600.0,0.3
2021-02-19,1185732,5,32,1,44.99999999999999,200,8999.999999999998,2699.9999999999995,0.3
2021-02-19,1185732,1,32,1,60.00000000000001,275,16500.000000000004,4950.000000000001,0.3
2021-02-19,1185732,4,32,1,50.0,375,18750.0,6562.5,0.35
2021-03-17,1185732,3,32,1,50.0,570,28500.0,11400.0,0.4
2021-03-17,1185732,2,32,1,50.0,275,13750.0,5500.0,0.4
2021-03-17,1185732,6,32,1,40.0,300,12000.0,3600.0,0.3
2021-03-17,1185732,5,32,1,44.99999999999999,150,6749.999999999998,2024.9999999999995,0.3
2021-03-17,1185732,1,32,1,60.00000000000001,200,12000.000000000002,3600.0,0.3
2021-03-17,1185732,4,32,1,50.0,300,15000.0,5250.0,0.35
2021-04-18,1185732,3,32,1,50.0,550,27500.0,11000.0,0.4
2021-04-18,1185732,2,32,1,50.0,250,12500.0,5000.0,0.4
2021-04-18,1185732,6,32,1,40.0,250,10000.0,3000.0,0.3
2021-04-18,1185732,5,32,1,44.99999999999999,175,7874.999999999998,2362.4999999999995,0.3
2021-04-18,1185732,1,32,1,60.00000000000001,175,10500.000000000002,3150.0000000000005,0.3
2021-04-18,1185732,4,32,1,50.0,325,16250.0,5687.5,0.35
2021-05-17,1185732,3,32,1,65.0,595,38675.0,15470.0,0.4
2021-05-17,1185732,2,32,1,60.00000000000001,300,18000.000000000004,7200.000000000002,0.4
2021-05-17,1185732,6,32,1,55.00000000000001,325,17875.000000000004,5362.500000000001,0.3
2021-05-17,1185732,5,32,1,55.00000000000001,275,15125.000000000004,4537.500000000001,0.3
2021-05-17,1185732,1,32,1,65.0,300,19500.0,5850.0,0.3
2021-05-17,1185732,4,32,1,70.0,425,29750.0,10412.5,0.35
2021-06-19,1185732,3,32,1,65.0,675,43875.0,17550.0,0.4
2021-06-19,1185732,2,32,1,60.00000000000001,425,25500.000000000004,10200.000000000002,0.4
2021-06-19,1185732,6,32,1,55.00000000000001,350,19250.000000000004,5775.000000000001,0.3
2021-06-19,1185732,5,32,1,55.00000000000001,325,17875.000000000004,5362.500000000001,0.3
2021-06-19,1185732,1,32,1,65.0,325,21125.0,6337.5,0.3
2021-06-19,1185732,4,32,1,70.0,475,33250.0,11637.499999999998,0.35
2021-07-17,1185732,3,32,1,65.0,700,45500.0,18200.0,0.4
2021-07-17,1185732,2,32,3,60.00000000000001,450,27000.000000000007,10800.000000000004,0.4
2021-07-17,1185732,6,32,3,55.00000000000001,375,20625.000000000004,6187.500000000001,0.3
2021-07-17,1185732,5,32,3,55.00000000000001,325,17875.000000000004,5362.500000000001,0.3
2021-07-17,1185732,1,32,3,65.0,350,22750.0,6825.0,0.3
2021-07-17,1185732,4,32,3,70.0,525,36750.0,12862.499999999998,0.35
2021-08-18,1185732,3,32,3,65.0,675,43875.0,17550.0,0.4
2021-08-18,1185732,2,32,3,60.00000000000001,450,27000.000000000007,10800.000000000004,0.4
2021-08-18,1185732,6,32,3,55.00000000000001,375,20625.000000000004,6187.500000000001,0.3
2021-08-18,1185732,5,32,3,55.00000000000001,275,15125.000000000004,4537.500000000001,0.3
2021-08-18,1185732,1,32,3,65.0,250,16250.0,4875.0,0.3
2021-08-18,1185732,4,32,3,70.0,425,29750.0,10412.5,0.35
2021-09-17,1185732,3,32,3,65.0,550,35750.0,14300.0,0.4
2021-09-17,1185732,2,32,3,60.00000000000001,350,21000.000000000004,8400.000000000002,0.4
2021-09-17,1185732,6,32,3,55.00000000000001,250,13750.000000000004,4125.000000000001,0.3
2021-09-17,1185732,5,32,3,55.00000000000001,225,12375.000000000002,3712.5,0.3
2021-09-17,1185732,1,32,3,65.0,225,14625.0,4387.5,0.3
2021-09-17,1185732,4,32,3,70.0,325,22750.0,7962.5,0.35
2021-10-12,1185732,3,7,2,38.0,117,444.6,222.3,0.5
2021-10-13,1185732,2,7,2,38.0,75,285.0,131.1,0.45999999999999996
2021-10-14,1185732,6,7,2,28.0,63,176.4,91.72800000000001,0.52
2021-10-15,1185732,5,7,2,34.0,28,95.2,39.032,0.41
2021-10-16,1185732,1,44,2,47.0,42,197.4,76.986,0.39
2021-10-17,1185732,4,44,2,38.0,68,258.4,134.368,0.52
2021-10-18,1185732,3,44,2,38.0,140,532.0,260.67999999999995,0.49
2021-10-19,1185732,2,44,2,38.0,45,171.0,80.36999999999999,0.47
2021-10-20,1185732,6,44,2,29.0,60,174.0,92.22,0.53
2021-10-21,1185732,5,44,2,34.0,19,64.6,27.131999999999998,0.42
2021-10-22,1185732,1,44,2,46.0,45,207.0,80.73,0.39
2021-10-23,1185732,4,44,2,37.0,63,233.1,118.881,0.51
2021-10-24,1185732,3,44,2,39.0,127,495.3,242.69699999999997,0.49
2021-10-25,1185732,2,44,2,39.0,46,179.4,87.90599999999999,0.49
2021-10-26,1185732,6,44,2,27.0,52,140.4,77.22,0.5499999999999999
2021-10-27,1185732,5,44,2,32.0,13,41.6,16.64,0.4
2021-10-28,1185732,1,44,2,49.0,29,142.1,51.156,0.36
2021-10-29,1185732,4,44,2,36.0,50,180.0,99.00000000000001,0.55
2021-10-30,1185732,3,44,2,37.0,122,451.4,216.67199999999997,0.48
2021-10-31,1185732,2,44,2,37.0,44,162.8,76.51599999999999,0.47
2021-11-01,1185732,6,44,2,27.0,44,118.8,64.15200000000002,0.54
2021-11-02,1185732,5,44,2,33.0,21,69.3,27.72,0.4
2021-11-03,1185732,1,44,2,47.0,20,94.0,35.72,0.38
2021-11-04,1185732,4,44,2,39.0,63,245.7,125.30699999999999,0.51
2021-11-05,1185732,3,44,2,52.0,144,748.8,336.9599999999999,0.44999999999999996
2021-11-06,1185732,2,44,2,48.0,60,288.0,144.0,0.5
2021-11-07,1185732,6,44,2,42.0,47,197.4,106.596,0.54
2021-11-08,1185732,5,44,2,41.0,34,139.4,55.760000000000005,0.4
2021-11-09,1185732,1,44,2,51.0,42,214.2,79.25399999999999,0.37
2021-11-10,1185732,4,44,2,56.0,72,403.2,213.696,0.53
2021-11-11,1185732,3,44,2,54.0,158,853.2,401.004,0.47
2021-11-12,1185732,2,44,2,48.0,77,369.6,181.10399999999998,0.49
2021-11-13,1185732,6,44,2,42.0,58,243.6,124.23600000000002,0.51
2021-11-14,1185732,5,44,2,41.0,51,209.1,87.82199999999999,0.42
2021-11-15,1185732,1,44,2,50.0,53,265.0,95.4,0.36
2021-11-16,1185732,4,44,2,56.0,85,476.0,242.76,0.51
2021-11-17,1185732,3,44,2,51.0,143,729.3,357.35699999999997,0.49
2021-11-18,1185732,2,44,2,46.0,84,386.4,185.472,0.48
2021-11-19,1185732,6,44,2,43.0,63,270.9,148.99499999999998,0.5499999999999999
2021-11-20,1185732,5,44,2,43.0,44,189.2,77.57199999999999,0.41
2021-11-21,1185732,1,44,2,53.0,60,318.0,120.84,0.38
2021-12-20,1185732,4,44,2,58.0,113,655.4,353.91600000000005,0.54
2021-12-21,1185732,3,44,2,50.0,147,735.0,338.09999999999997,0.45999999999999996
2021-12-22,1185732,2,44,2,49.0,90,441.0,207.26999999999998,0.47
2021-12-23,1185732,6,44,2,41.0,68,278.8,139.4,0.5
2021-12-24,1185732,5,44,2,41.0,51,209.1,85.731,0.41
2021-12-25,1185732,1,44,2,54.0,41,221.4,81.91799999999999,0.37
2021-12-26,1185732,4,44,2,54.0,91,491.4,265.35600000000005,0.54
2021-12-27,1185732,3,44,2,53.0,122,646.6,310.368,0.48
2021-12-28,1185732,2,44,2,46.0,70,322.0,151.33999999999997,0.47
2021-12-29,1185732,6,44,2,41.0,38,155.8,85.68999999999998,0.5499999999999999
2021-12-30,1185732,5,44,2,42.0,36,151.2,68.03999999999999,0.44999999999999996
2021-12-31,1185732,1,44,2,52.0,36,187.2,69.264,0.37
2021-09-17,1185732,4,44,2,57.0,59,336.3,174.876,0.52
2021-10-19,1185732,3,44,2,55.0,120,660.0,330.0,0.5
2021-10-19,1185732,2,44,2,54.0,59,318.6,156.11399999999998,0.49
2021-10-19,1185732,6,44,2,52.0,31,161.2,88.66,0.5499999999999999
2021-10-19,1185732,5,44,2,50.0,26,130.0,52.0,0.4
2021-10-19,1185732,1,44,2,61.0,27,164.7,62.586,0.38
2021-10-19,1185732,4,44,2,68.0,56,380.8,201.824,0.53
2021-11-18,1185732,3,44,2,62.0,98,607.6,297.724,0.49
2021-11-18,1185732,2,44,2,52.0,52,270.4,135.2,0.5
2021-11-18,1185732,6,44,2,52.0,55,286.0,148.72,0.52
2021-11-18,1185732,5,44,2,54.0,46,248.4,106.81199999999998,0.43
2021-11-18,1185732,1,44,2,60.0,41,246.0,88.56,0.36
2021-11-18,1185732,4,44,2,67.0,63,422.1,227.93400000000003,0.54
2021-12-17,1185732,3,44,2,62.0,138,855.6,410.688,0.48
2021-12-17,1185732,2,44,2,53.0,74,392.2,196.1,0.5
2021-12-17,1185732,6,44,2,52.0,68,353.6,176.8,0.5
2021-12-17,1185732,5,44,2,52.0,50,260.0,111.8,0.43
2021-12-17,1185732,1,44,2,60.0,54,324.0,116.63999999999999,0.36
2021-12-17,1185732,4,44,2,69.0,75,517.5,274.275,0.53
2021-01-24,1185732,4,3,2,52.0,84,436.8,179.088,0.41
2021-02-22,1185732,3,3,2,51.0,173,882.3,414.68100000000004,0.47000000000000003
2021-02-22,1185732,2,3,2,53.0,65,344.5,165.36,0.48000000000000004
2021-02-22,1185732,6,3,2,43.0,77,331.1,122.50699999999999,0.37
2021-02-22,1185732,5,3,2,49.0,46,225.4,87.906,0.39
2021-02-22,1185732,1,3,2,60.0,75,450.0,171.0,0.38
2021-02-22,1185732,4,3,2,52.0,102,530.4,233.37600000000003,0.44
2021-03-20,1185732,3,3,2,53.0,153,810.9,397.341,0.49000000000000005
2021-03-20,1185732,2,3,2,52.0,65,338.0,169.0,0.5
2021-03-20,1185732,6,3,2,41.0,69,282.9,104.673,0.37
2021-03-20,1185732,5,3,2,49.0,36,176.4,67.03200000000001,0.38
2021-03-20,1185732,1,3,2,64.0,53,339.2,132.288,0.39
2021-03-20,1185732,4,3,2,53.0,72,381.6,152.64000000000001,0.4
2021-04-21,1185732,3,3,2,54.0,131,707.4,325.404,0.46
2021-04-21,1185732,2,3,2,50.0,61,305.0,152.5,0.5
2021-04-21,1185732,6,3,2,44.0,61,268.4,107.36000000000001,0.4
2021-04-21,1185732,5,3,2,47.0,44,206.8,76.51599999999999,0.37
2021-04-21,1185732,1,3,2,56.0,41,229.6,84.952,0.37
2021-04-21,1185732,4,3,2,49.0,84,411.6,181.10399999999998,0.44
2021-05-20,1185732,3,3,2,59.0,160,944.0,472.0,0.5
2021-05-20,1185732,2,3,2,56.0,72,403.2,181.44000000000003,0.45000000000000007
2021-05-20,1185732,6,3,2,53.0,84,445.2,178.08,0.4
2021-05-20,1185732,5,3,2,51.0,63,321.3,122.09400000000001,0.38
2021-05-20,1185732,1,3,2,62.0,69,427.8,162.56400000000002,0.38
2021-05-20,1185732,4,3,2,67.0,100,670.0,274.7,0.41
2021-06-22,1185732,3,3,2,59.0,189,1115.1,512.946,0.46
2021-06-22,1185732,2,3,2,55.0,112,616.0,308.0,0.5
2021-06-22,1185732,6,3,2,53.0,81,429.3,154.548,0.36
2021-06-22,1185732,5,3,2,53.0,90,477.0,171.72,0.36
2021-06-22,1185732,1,3,2,60.0,84,504.0,181.44,0.36
2021-06-22,1185732,4,3,2,67.0,126,844.2,354.56399999999996,0.42
2021-07-20,1185732,3,3,2,63.0,182,1146.6,527.436,0.46
2021-07-20,1185732,2,3,2,59.0,111,654.9,307.803,0.47000000000000003
2021-07-20,1185732,6,3,2,53.0,102,540.6,194.61599999999999,0.36
2021-07-20,1185732,5,3,2,51.0,75,382.5,145.35,0.38
2021-07-20,1185732,1,3,2,61.0,91,555.1,216.48899999999998,0.39
2021-07-20,1185732,4,3,2,67.0,130,871.0,391.94999999999993,0.44999999999999996
2021-08-21,1185732,3,3,2,59.0,163,961.7,432.76500000000004,0.45000000000000007
2021-08-21,1185732,2,3,2,56.0,106,593.6,267.12,0.45000000000000007
2021-08-21,1185732,6,3,2,54.0,102,550.8,198.28799999999998,0.36
2021-08-21,1185732,5,3,2,53.0,68,360.4,144.16000000000003,0.4
2021-08-21,1185732,1,3,2,62.0,65,403.0,153.14000000000001,0.38
2021-08-21,1185732,4,3,2,67.0,104,696.8,292.656,0.42
2021-09-20,1185732,3,3,2,64.0,131,838.4,402.432,0.48000000000000004
2021-09-20,1185732,2,3,2,55.0,91,500.5,240.24,0.48000000000000004
2021-09-20,1185732,6,3,2,50.0,59,295.0,112.1,0.38
2021-09-20,1185732,5,3,2,50.0,56,280.0,109.2,0.39
2021-09-20,1185732,1,3,2,62.0,60,372.0,148.8,0.4
2021-09-20,1185732,4,3,2,64.0,84,537.6,220.416,0.41
2021-10-22,1185732,3,3,2,68.0,113,768.4,361.148,0.47000000000000003
2021-10-22,1185732,2,3,2,60.0,77,462.0,221.76000000000005,0.48000000000000004
2021-10-22,1185732,6,3,2,59.0,46,271.4,108.56000000000002,0.4
2021-10-22,1185732,5,3,2,59.0,42,247.8,89.208,0.36
2021-10-22,1185732,1,3,2,71.0,44,312.4,109.33999999999999,0.35
2021-10-22,1185732,4,3,2,73.0,83,605.9,242.35999999999999,0.4
2021-11-21,1185732,3,3,2,68.0,123,836.4,401.47200000000004,0.48000000000000004
2021-11-21,1185732,2,3,2,59.0,81,477.9,219.834,0.46
2021-11-21,1185732,6,3,2,59.0,93,548.7,213.99300000000002,0.39
2021-11-21,1185732,5,3,2,62.0,90,558.0,212.04000000000002,0.38
2021-11-21,1185732,1,3,2,69.0,83,572.7,200.445,0.35
2021-11-21,1185732,4,3,2,74.0,101,747.4,313.908,0.42
2021-12-20,1185732,3,3,2,69.0,174,1200.6,564.282,0.47000000000000003
2021-12-20,1185732,2,3,2,60.0,112,672.0,315.84000000000003,0.47000000000000003
2021-12-02,1185732,6,13,2,55.0,218,1199.0,611.49,0.51
2021-12-02,1185732,5,13,2,55.0,196,1078.0,582.1200000000001,0.54
2021-12-02,1185732,1,13,2,65.0,169,1098.5,538.265,0.49
2021-12-02,1185732,4,13,2,69.0,225,1552.5,1009.125,0.65
2021-01-13,1185732,3,13,2,32.0,194,620.8,322.81600000000003,0.52
2021-01-13,1185732,2,13,2,33.0,150,495.0,247.5,0.5
2021-01-13,1185732,6,13,2,24.0,167,400.8,216.43200000000002,0.54
2021-01-13,1185732,5,13,2,29.0,123,356.7,185.484,0.52
2021-01-13,1185732,1,13,2,44.0,128,563.2,281.6,0.5
2021-01-13,1185732,4,13,2,32.0,173,553.6,359.84000000000003,0.65
2021-02-11,1185732,3,13,2,32.0,231,739.2,369.6,0.5
2021-02-11,1185732,2,13,2,33.0,143,471.9,235.95,0.5
2021-02-11,1185732,6,13,2,23.0,158,363.4,181.7,0.5
2021-02-11,1185732,5,16,2,29.0,101,292.9,146.45,0.5
2021-02-11,1185732,1,16,2,41.0,122,500.2,230.09199999999996,0.45999999999999996
2021-02-11,1185732,4,16,2,29.0,143,414.7,252.967,0.61
2021-03-09,1185732,3,16,2,27.0,231,623.7,324.324,0.52
2021-03-09,1185732,2,16,2,27.0,126,340.2,153.08999999999997,0.44999999999999996
2021-03-09,1185732,6,16,2,20.0,124,248.0,131.44,0.53
2021-03-09,1185732,5,16,2,24.0,98,235.2,122.304,0.52
2021-03-09,1185732,1,16,2,37.0,113,418.1,204.869,0.49
2021-03-09,1185732,4,16,2,28.0,128,358.4,218.62399999999997,0.61
2021-04-10,1185732,3,16,2,28.0,218,610.4,335.72,0.55
2021-04-10,1185732,2,16,2,28.0,111,310.8,152.292,0.49
2021-04-10,1185732,6,16,2,19.0,106,201.4,106.742,0.53
2021-04-10,1185732,5,16,2,24.0,102,244.8,122.4,0.5
2021-04-10,1185732,1,16,2,42.0,101,424.2,199.37399999999997,0.47
2021-04-10,1185732,4,16,2,34.0,137,465.8,302.77000000000004,0.65
2021-05-09,1185732,3,16,2,42.0,207,869.4,434.7,0.5
2021-05-09,1185732,2,16,2,44.0,135,594.0,291.06,0.49
2021-05-09,1185732,6,16,2,39.0,143,557.7,284.427,0.51
2021-05-09,1185732,5,16,2,38.0,123,467.4,257.07000000000005,0.55
2021-05-09,1185732,1,16,2,49.0,126,617.4,284.004,0.45999999999999996
2021-05-09,1185732,4,16,2,53.0,143,757.9,485.05600000000004,0.64
2021-06-11,1185732,3,16,2,49.0,232,1136.8,602.504,0.53
2021-06-11,1185732,2,16,2,41.0,138,565.8,260.268,0.45999999999999996
2021-06-11,1185732,6,16,2,49.0,142,695.8,375.732,0.54
2021-06-11,1185732,5,16,2,49.0,140,686.0,349.86,0.51
2021-06-11,1185732,1,16,2,62.0,150,930.0,437.1,0.47
2021-06-11,1185732,4,16,2,64.0,196,1254.4,777.728,0.62
2021-07-09,1185732,3,16,2,63.0,252,1587.6,825.552,0.52
2021-07-09,1185732,2,16,2,56.0,195,1092.0,513.24,0.47
2021-07-09,1185732,6,16,2,51.0,173,882.3,449.97300000000007,0.51
2021-07-09,1185732,5,16,2,53.0,152,805.6,435.02400000000006,0.54
2021-07-09,1185732,1,16,2,59.0,154,908.6,417.95599999999996,0.45999999999999996
2021-07-09,1185732,4,16,2,69.0,181,1248.9,786.807,0.63
2021-08-10,1185732,3,16,2,61.0,228,1390.8,695.4,0.5
2021-08-10,1185732,2,16,2,58.0,195,1131.0,520.26,0.45999999999999996
2021-08-10,1185732,6,16,2,53.0,150,795.0,405.45,0.51
2021-08-10,1185732,5,16,2,41.0,158,647.8,330.37800000000004,0.51
2021-08-10,1185732,1,16,2,50.0,135,675.0,330.75,0.49
2021-08-10,1185732,4,16,2,54.0,169,912.6,556.6859999999999,0.61
2021-09-09,1185732,3,16,2,50.0,225,1125.0,607.5,0.54
2021-09-09,1185732,2,16,2,47.0,173,813.1,382.157,0.47
2021-09-09,1185732,6,16,2,23.0,138,317.4,174.57,0.55
2021-09-09,1185732,5,16,2,24.0,113,271.2,138.312,0.51
2021-09-09,1185732,1,16,2,32.0,122,390.4,187.392,0.48
2021-09-09,1185732,4,16,2,37.0,138,510.6,316.572,0.62
2021-10-11,1185732,3,16,2,36.0,210,756.0,393.12,0.52
2021-10-11,1185732,2,16,2,29.0,138,400.2,188.094,0.47
2021-10-11,1185732,6,16,2,27.0,106,286.2,151.686,0.53
2021-10-11,1185732,5,16,2,29.0,112,324.8,165.648,0.51
2021-10-11,1185732,1,16,2,37.0,116,429.2,197.432,0.45999999999999996
2021-10-11,1185732,4,16,2,38.0,147,558.6,351.918,0.63
2021-11-10,1185732,3,16,2,34.0,169,574.6,298.79200000000003,0.52
2021-11-10,1185732,2,16,2,24.0,140,336.0,151.2,0.44999999999999996
2021-11-10,1185732,6,16,2,32.0,116,371.2,185.6,0.5
2021-11-10,1185732,5,16,2,59.0,135,796.5,398.25,0.5
2021-11-10,1185732,1,16,2,76.0,138,1048.8,513.912,0.49
2021-11-10,1185732,4,16,2,74.0,167,1235.8,790.912,0.64
2021-12-09,1185732,3,16,2,70.0,231,1617.0,808.5,0.5
2021-12-09,1185732,2,16,2,60.0,181,1086.0,510.41999999999996,0.47
2021-01-22,1185732,3,16,2,37.0,135,499.5,269.73,0.54
2021-01-22,1185732,2,16,2,38.0,78,296.4,139.308,0.47
2021-01-22,1185732,6,16,2,28.0,75,210.0,109.2,0.52
2021-01-22,1185732,5,16,2,34.0,42,142.8,71.4,0.5
2021-01-22,1185732,1,16,2,46.0,52,239.2,112.424,0.47
2021-01-22,1185732,4,16,2,37.0,81,299.7,161.83800000000002,0.54
2021-02-22,1185732,3,16,2,38.0,138,524.4,277.932,0.53
2021-02-22,1185732,2,16,2,38.0,58,220.4,101.38399999999999,0.45999999999999996
2021-02-22,1185732,6,16,2,29.0,63,182.7,96.831,0.53
2021-02-22,1185732,5,31,2,34.0,34,115.6,62.424,0.54
2021-02-22,1185732,1,31,2,48.0,54,259.2,121.824,0.47
2021-02-22,1185732,4,31,2,39.0,78,304.2,155.142,0.51
2021-03-21,1185732,3,31,2,41.0,156,639.6,326.196,0.51
2021-03-21,1185732,2,31,2,41.0,59,241.9,118.53099999999999,0.49
2021-03-21,1185732,6,31,2,34.0,73,248.2,124.1,0.5
2021-03-21,1185732,5,31,2,36.0,27,97.2,50.544,0.52
2021-03-21,1185732,1,31,2,52.0,44,228.8,105.248,0.45999999999999996
2021-03-21,1185732,4,31,2,42.0,65,273.0,139.23,0.51
2021-04-22,1185732,3,31,2,41.0,119,487.9,268.345,0.55
2021-04-22,1185732,2,31,2,41.0,49,200.9,96.43199999999999,0.48
2021-04-22,1185732,6,31,2,38.0,49,186.2,102.41000000000001,0.55
2021-04-22,1185732,5,31,2,42.0,29,121.8,60.9,0.5
2021-04-22,1185732,1,31,2,47.0,35,164.5,80.60499999999999,0.49
2021-04-22,1185732,4,31,2,36.0,75,270.0,135.0,0.5
2021-05-23,1185732,3,31,2,49.0,156,764.4,389.844,0.51
2021-05-23,1185732,2,31,2,42.0,68,285.6,142.8,0.5
2021-05-23,1185732,6,31,2,38.0,58,220.4,114.60799999999999,0.52
2021-05-23,1185732,5,31,2,38.0,38,144.4,77.97600000000001,0.54
2021-05-23,1185732,1,31,2,46.0,42,193.2,88.87199999999999,0.45999999999999996
2021-05-23,1185732,4,31,2,51.0,83,423.3,215.88299999999998,0.51
2021-06-22,1185732,3,31,2,36.0,142,511.2,255.6,0.5
2021-06-22,1185732,2,31,2,33.0,77,254.1,124.50899999999999,0.49
2021-06-22,1185732,6,31,2,28.0,56,156.8,86.24000000000001,0.55
2021-06-22,1185732,5,31,2,29.0,52,150.8,82.94000000000001,0.55
2021-06-22,1185732,1,31,2,49.0,54,264.6,129.654,0.49
2021-06-22,1185732,4,31,2,52.0,101,525.2,273.104,0.52
2021-07-21,1185732,3,31,2,47.0,168,789.6,434.28000000000003,0.55
2021-07-21,1185732,2,31,2,44.0,95,418.0,204.82,0.49
2021-07-21,1185732,6,31,2,38.0,69,262.2,136.344,0.52
2021-07-21,1185732,5,31,2,37.0,63,233.1,125.874,0.54
2021-07-21,1185732,1,31,2,46.0,75,345.0,158.7,0.45999999999999996
2021-07-21,1185732,4,31,2,50.0,115,575.0,310.5,0.54
2021-08-22,1185732,3,31,2,46.0,167,768.2,414.8280000000001,0.54
2021-08-22,1185732,2,31,2,41.0,91,373.1,175.357,0.47
2021-08-22,1185732,6,31,2,36.0,80,288.0,155.52,0.54
2021-08-22,1185732,5,31,2,38.0,75,285.0,142.5,0.5
2021-08-22,1185732,1,31,2,49.0,65,318.5,156.065,0.49
2021-08-22,1185732,4,31,2,51.0,120,612.0,330.48,0.54
2021-09-23,1185732,3,31,2,48.0,137,657.6,348.528,0.53
2021-09-23,1185732,2,31,2,44.0,94,413.6,202.664,0.49
2021-09-23,1185732,6,31,2,33.0,65,214.5,113.68500000000002,0.53
2021-09-23,1185732,5,31,2,32.0,54,172.8,88.128,0.51
2021-09-23,1185732,1,31,2,43.0,58,249.4,117.21799999999999,0.47
2021-09-23,1185732,4,31,2,49.0,74,362.6,188.552,0.52
2021-10-22,1185732,3,31,2,53.0,126,667.8,367.29,0.55
2021-10-22,1185732,2,31,2,41.0,83,340.3,170.15,0.5
2021-10-22,1185732,6,31,2,43.0,47,202.1,109.13400000000001,0.54
2021-10-22,1185732,5,31,2,41.0,42,172.2,89.54400000000001,0.52
2021-10-22,1185732,1,31,2,53.0,41,217.3,106.477,0.49
2021-10-22,1185732,4,31,2,53.0,83,439.9,219.95,0.5
2021-11-22,1185732,3,31,2,48.0,123,590.4,307.008,0.52
2021-11-22,1185732,2,31,2,39.0,72,280.8,131.976,0.47
2021-11-22,1185732,6,31,2,41.0,57,233.7,119.18700000000001,0.51
2021-10-15,1185732,4,9,2,66.0,65,429.0,188.76,0.44
2021-11-14,1185732,3,9,2,62.0,113,700.6,301.258,0.43
2021-11-14,1185732,2,9,2,52.0,90,468.0,205.92,0.44
2021-11-14,1185732,6,9,2,50.0,83,415.0,149.4,0.36
2021-11-14,1185732,5,9,2,51.0,80,408.0,159.12,0.39
2021-11-14,1185732,1,9,2,63.0,70,441.0,167.57999999999998,0.38
2021-11-14,1185732,4,9,2,64.0,98,627.2,282.23999999999995,0.44999999999999996
2021-12-13,1185732,3,9,2,64.0,150,960.0,393.59999999999997,0.41
2021-12-13,1185732,2,9,2,53.0,105,556.5,222.6,0.4
2021-12-13,1185732,6,9,2,51.0,98,499.8,194.922,0.39
2021-12-13,1185732,5,9,2,52.0,75,390.0,148.2,0.38
2021-12-13,1185732,1,9,2,62.0,84,520.8,203.11200000000002,0.39
2021-12-13,1185732,4,9,2,65.0,112,728.0,320.32,0.44
2021-01-14,1185732,3,9,2,44.0,152,668.8,367.84000000000003,0.55
2021-01-14,1185732,2,9,2,42.0,94,394.8,236.87999999999997,0.6
2021-01-14,1185732,6,9,2,32.0,91,291.2,131.04,0.44999999999999996
2021-01-14,1185732,5,9,2,39.0,44,171.6,84.084,0.49
2021-01-14,1185732,1,9,2,52.0,68,353.6,166.19199999999998,0.47
2021-01-14,1185732,4,9,2,44.0,98,431.2,219.91199999999998,0.51
2021-02-12,1185732,3,9,2,41.0,167,684.7,383.432,0.56
2021-02-12,1185732,2,9,2,44.0,61,268.4,161.04,0.6
2021-02-12,1185732,6,9,2,33.0,74,244.2,122.1,0.5
2021-02-12,1185732,5,10,2,36.0,45,162.0,74.52,0.45999999999999996
2021-02-12,1185732,1,10,2,54.0,63,340.2,170.1,0.5
2021-02-12,1185732,4,10,2,43.0,85,365.5,197.37,0.54
2021-03-10,1185732,3,10,2,44.0,142,624.8,374.88,0.6
2021-03-10,1185732,2,10,2,42.0,70,294.0,167.58,0.5700000000000001
2021-03-10,1185732,6,10,2,34.0,77,261.8,128.28199999999998,0.49
2021-03-10,1185732,5,10,2,36.0,38,136.8,67.032,0.49
2021-03-10,1185732,1,10,2,51.0,47,239.7,117.453,0.49
2021-03-10,1185732,4,10,2,41.0,80,328.0,180.39999999999998,0.5499999999999999
2021-04-11,1185732,3,10,2,41.0,137,561.7,314.552,0.56
2021-04-11,1185732,2,10,2,43.0,56,240.8,139.66400000000002,0.5800000000000001
2021-04-11,1185732,6,10,2,32.0,65,208.0,104.0,0.5
2021-04-11,1185732,5,10,2,36.0,44,158.4,79.2,0.5
2021-04-11,1185732,1,10,2,51.0,38,193.8,89.148,0.45999999999999996
2021-04-11,1185732,4,10,2,44.0,90,396.0,201.96,0.51
2021-05-10,1185732,3,10,2,55.0,154,847.0,482.7900000000001,0.5700000000000001
2021-05-10,1185732,2,10,2,54.0,80,432.0,241.92000000000002,0.56
2021-05-10,1185732,6,10,2,49.0,75,367.5,169.04999999999998,0.45999999999999996
2021-05-10,1185732,5,10,2,46.0,65,299.0,140.53,0.47
2021-05-10,1185732,1,10,2,55.0,72,396.0,186.11999999999998,0.47
2021-05-10,1185732,4,10,2,60.0,120,720.0,374.4,0.52
2021-06-12,1185732,3,10,2,58.0,163,945.4,548.3320000000001,0.5800000000000001
2021-06-12,1185732,2,10,2,53.0,116,614.8,362.7320000000001,0.5900000000000001
2021-06-12,1185732,6,10,2,45.0,81,364.5,171.315,0.47
2021-06-12,1185732,5,10,2,47.0,90,423.0,190.34999999999997,0.44999999999999996
2021-06-12,1185732,1,10,2,58.0,81,469.8,234.9,0.5
2021-06-12,1185732,4,10,2,62.0,117,725.4,377.20799999999997,0.52
2021-07-10,1185732,3,10,2,54.0,182,982.8,560.1960000000001,0.5700000000000001
2021-07-10,1185732,2,10,2,51.0,115,586.5,328.44,0.56
2021-07-10,1185732,6,10,2,46.0,98,450.8,216.38400000000001,0.48
2021-07-10,1185732,5,10,2,46.0,90,414.0,202.85999999999999,0.49
2021-07-10,1185732,1,10,2,54.0,94,507.6,238.57199999999997,0.47
2021-07-10,1185732,4,10,2,61.0,125,762.5,396.5,0.52
2021-08-11,1185732,3,10,2,58.0,176,1020.8,612.48,0.6
2021-08-11,1185732,2,10,2,53.0,106,561.8,331.46200000000005,0.5900000000000001
2021-08-11,1185732,6,10,2,48.0,105,504.0,231.83999999999997,0.45999999999999996
2021-08-11,1185732,5,10,2,49.0,68,333.2,156.60399999999998,0.47
2021-08-11,1185732,1,10,2,57.0,65,370.5,181.54500000000002,0.49
2021-08-11,1185732,4,10,2,61.0,104,634.4,323.544,0.51
2021-09-10,1185732,3,10,2,56.0,137,767.2,437.3040000000001,0.5700000000000001
2021-09-10,1185732,2,10,2,50.0,85,425.0,255.0,0.6
2021-09-10,1185732,6,10,2,46.0,56,257.6,128.8,0.5
2021-09-10,1185732,5,10,2,45.0,52,234.0,114.66,0.49
2021-09-10,1185732,1,10,2,58.0,50,290.0,136.3,0.47
2021-09-10,1185732,4,10,2,59.0,78,460.2,253.10999999999999,0.5499999999999999
2021-10-12,1185732,3,10,2,62.0,133,824.6,494.75999999999993,0.6
2021-10-12,1185732,2,10,2,54.0,75,405.0,238.95000000000005,0.5900000000000001
2021-10-12,1185732,6,10,2,59.0,54,318.6,159.3,0.5
2021-10-12,1185732,5,10,2,55.0,46,253.0,121.43999999999998,0.48
2021-10-12,1185732,1,10,2,66.0,51,336.6,161.56799999999998,0.48
2021-11-11,1185732,5,10,2,55.0,75,412.5,206.25,0.5
2021-11-11,1185732,1,10,2,67.0,80,536.0,268.0,0.5
2021-11-11,1185732,4,10,2,70.0,94,658.0,348.74,0.53
2021-12-10,1185732,3,10,2,64.0,168,1075.2,645.12,0.6
2021-12-10,1185732,2,10,2,55.0,100,550.0,302.50000000000006,0.55
2021-12-10,1185732,6,10,2,55.0,113,621.5,292.10499999999996,0.47
2021-12-10,1185732,5,10,2,56.0,81,453.6,204.11999999999998,0.44999999999999996
2021-12-10,1185732,1,10,2,67.0,81,542.7,260.496,0.48
2021-12-10,1185732,4,10,2,68.0,106,720.8,374.81600000000003,0.52
2021-01-21,1185732,3,10,2,49.0,131,641.9,353.045,0.55
2021-01-21,1185732,2,10,2,45.0,91,409.5,217.035,0.53
2021-01-21,1185732,6,10,2,38.0,81,307.8,138.51,0.44999999999999996
2021-01-21,1185732,5,10,2,43.0,46,197.8,79.12,0.4
2021-01-21,1185732,1,10,2,59.0,56,330.4,145.376,0.44
2021-01-21,1185732,4,10,2,49.0,88,431.2,194.04,0.44999999999999996
2021-02-19,1185732,3,10,2,49.0,180,882.0,467.46000000000004,0.53
2021-02-19,1185732,2,10,2,45.0,75,337.5,172.125,0.51
2021-02-19,1185732,6,10,2,39.0,90,351.0,154.44,0.44
2021-02-19,1185732,5,32,2,42.0,58,243.6,104.748,0.43
2021-02-19,1185732,1,32,2,56.0,83,464.8,199.86399999999998,0.43
2021-02-19,1185732,4,32,2,46.0,98,450.8,216.38400000000001,0.48
2021-03-17,1185732,3,32,2,49.0,165,808.5,404.25,0.5
2021-03-17,1185732,2,32,2,49.0,69,338.1,172.43099999999998,0.51
2021-03-17,1185732,6,32,2,38.0,75,285.0,116.85,0.41
2021-03-17,1185732,5,32,2,44.0,38,167.2,70.224,0.42
2021-03-17,1185732,1,32,2,58.0,60,348.0,156.59999999999997,0.44999999999999996
2021-03-17,1185732,4,32,2,45.0,75,337.5,158.625,0.47
2021-04-18,1185732,3,32,2,48.0,154,739.2,391.776,0.53
2021-04-18,1185732,2,32,2,49.0,68,333.2,183.26000000000002,0.55
2021-04-18,1185732,6,32,2,38.0,73,277.4,122.056,0.44
2021-04-18,1185732,5,32,2,44.0,49,215.6,88.39599999999999,0.41
2021-04-18,1185732,1,32,2,57.0,53,302.1,135.945,0.44999999999999996
2021-04-18,1185732,4,32,2,46.0,98,450.8,207.368,0.45999999999999996
2021-05-17,1185732,3,32,2,64.0,173,1107.2,586.816,0.53
2021-05-17,1185732,2,32,2,54.0,87,469.8,253.692,0.54
2021-05-17,1185732,6,32,2,51.0,98,499.8,209.916,0.42
2021-05-17,1185732,5,32,2,52.0,80,416.0,166.4,0.4
2021-05-17,1185732,1,32,2,63.0,78,491.4,221.12999999999997,0.44999999999999996
2021-05-17,1185732,4,32,2,65.0,115,747.5,343.84999999999997,0.45999999999999996
2021-06-19,1185732,3,32,2,59.0,169,997.1,528.463,0.53
2021-06-19,1185732,2,32,2,56.0,123,688.8,351.288,0.51
2021-06-19,1185732,6,32,2,53.0,88,466.4,205.21599999999998,0.44
2021-06-19,1185732,5,32,2,52.0,91,473.2,198.74399999999997,0.42
2021-06-19,1185732,1,32,2,60.0,94,564.0,242.51999999999998,0.43
2021-06-19,1185732,4,32,2,66.0,138,910.8,428.0759999999999,0.47
2021-07-17,1185732,3,32,2,64.0,196,1254.4,664.8320000000001,0.53
2021-07-17,1185732,2,32,2,55.0,131,720.5,360.25,0.5
2021-07-17,1185732,6,32,2,54.0,109,588.6,241.32599999999996,0.41
2021-07-17,1185732,5,32,2,53.0,85,450.5,198.22,0.44
2021-07-17,1185732,1,32,2,60.0,102,612.0,250.92,0.41
2021-07-17,1185732,4,32,2,64.0,137,876.8,429.63199999999995,0.49
2021-08-18,1185732,3,32,2,60.0,196,1176.0,599.76,0.51
2021-08-18,1185732,2,32,2,58.0,135,783.0,422.82000000000005,0.54
2021-08-18,1185732,6,32,2,52.0,105,546.0,245.69999999999996,0.44999999999999996
2021-08-18,1185732,5,32,2,51.0,72,367.2,154.224,0.42
2021-08-18,1185732,1,32,2,59.0,73,430.7,193.815,0.44999999999999996
2021-08-18,1185732,4,32,2,64.0,106,678.4,318.848,0.47
2021-09-17,1185732,3,32,2,59.0,154,908.6,472.47200000000004,0.52
2021-09-17,1185732,2,32,2,54.0,95,513.0,266.76,0.52
2021-09-17,1185732,6,32,2,52.0,75,390.0,167.7,0.43
2021-09-17,1185732,5,32,2,53.0,56,296.8,124.65599999999999,0.42
2021-09-17,1185732,1,32,2,64.0,63,403.2,173.376,0.43
2021-09-17,1185732,4,32,2,68.0,98,666.4,306.544,0.45999999999999996
2021-10-12,1185732,3,7,3,27.0,140,378.0,147.42,0.38999999999999996
2021-10-13,1185732,2,7,3,30.0,88,264.0,108.23999999999998,0.41
2021-10-14,1185732,6,7,3,23.0,83,190.9,80.178,0.42
2021-10-15,1185732,5,7,3,25.0,30,75.0,24.749999999999996,0.32999999999999996
2021-10-15,1185732,4,9,3,51.0,68,346.8,121.38,0.35
2021-11-14,1185732,3,9,3,49.0,120,588.0,205.8,0.35
2021-11-14,1185732,2,9,3,40.0,102,408.0,142.8,0.35
2021-11-14,1185732,6,9,3,44.0,91,400.4,120.12,0.3
2021-11-14,1185732,5,9,3,42.0,83,348.6,101.094,0.29
2021-11-14,1185732,1,9,3,50.0,78,390.0,124.8,0.32
2021-11-14,1185732,4,9,3,48.0,123,590.4,206.64000000000001,0.35
2021-12-13,1185732,3,9,3,51.0,178,907.8,317.72999999999996,0.35
2021-12-13,1185732,2,9,3,37.0,113,418.1,133.792,0.32
2021-12-13,1185732,6,9,3,36.0,112,403.2,108.864,0.27
2021-12-13,1185732,5,9,3,43.0,105,451.5,126.42,0.28
2021-12-13,1185732,1,9,3,52.0,90,468.0,135.71999999999997,0.29
2021-12-13,1185732,4,9,3,51.0,128,652.8,215.42399999999998,0.32999999999999996
2021-01-14,1185732,3,9,3,35.0,179,626.5,325.78000000000003,0.52
2021-01-14,1185732,2,9,3,36.0,107,385.2,188.748,0.49
2021-01-14,1185732,6,9,3,27.0,101,272.7,109.08,0.39999999999999997
2021-01-14,1185732,5,9,3,29.0,53,153.7,59.943,0.38999999999999996
2021-01-14,1185732,1,9,3,37.0,70,259.0,106.18999999999998,0.41
2021-01-14,1185732,4,9,3,34.0,104,353.6,152.04799999999997,0.42999999999999994
2021-02-12,1185732,3,9,3,33.0,184,607.2,285.384,0.47000000000000003
2021-02-12,1185732,2,9,3,33.0,72,237.6,111.672,0.47000000000000003
2021-02-12,1185732,6,9,3,25.0,85,212.5,84.99999999999999,0.39999999999999997
2021-02-12,1185732,5,10,3,30.0,48,144.0,54.720000000000006,0.38
2021-02-12,1185732,1,10,3,36.0,68,244.8,95.472,0.38999999999999996
2021-02-12,1185732,4,10,3,35.0,107,374.5,176.015,0.47
2021-03-10,1185732,3,10,3,35.0,185,647.5,317.275,0.49
2021-03-10,1185732,2,10,3,36.0,80,288.0,144.0,0.5
2021-03-10,1185732,6,10,3,23.0,85,195.5,74.28999999999999,0.38
2021-03-10,1185732,5,10,3,30.0,39,117.0,46.8,0.39999999999999997
2021-03-10,1185732,1,10,3,36.0,56,201.6,78.624,0.38999999999999996
2021-03-10,1185732,4,10,3,29.0,96,278.4,128.064,0.45999999999999996
2021-04-11,1185732,3,10,3,30.0,168,504.0,262.08000000000004,0.52
2021-04-11,1185732,2,10,3,35.0,68,238.0,111.86000000000001,0.47000000000000003
2021-04-11,1185732,6,10,3,25.0,74,185.0,77.7,0.42
2021-04-11,1185732,5,10,3,30.0,50,150.0,60.0,0.39999999999999997
2021-04-11,1185732,1,10,3,41.0,53,217.3,91.26599999999999,0.42
2021-04-11,1185732,4,10,3,36.0,90,324.0,142.56,0.43999999999999995
2021-05-10,1185732,3,10,3,48.0,177,849.6,433.296,0.51
2021-05-10,1185732,2,10,3,41.0,94,385.4,196.554,0.51
2021-05-10,1185732,6,10,3,37.0,96,355.2,131.424,0.37
2021-05-10,1185732,5,10,3,40.0,83,332.0,132.8,0.39999999999999997
2021-05-10,1185732,1,10,3,46.0,91,418.6,171.626,0.41
2021-05-10,1185732,4,10,3,47.0,120,564.0,259.43999999999994,0.45999999999999996
2021-06-12,1185732,3,10,3,47.0,195,916.5,449.08500000000004,0.49
2021-06-12,1185732,2,10,3,44.0,120,528.0,264.0,0.5
2021-06-12,1185732,6,10,3,35.0,104,364.0,141.95999999999998,0.38999999999999996
2021-06-12,1185732,5,10,3,38.0,102,387.6,155.04,0.39999999999999997
2021-06-12,1185732,1,10,3,44.0,105,462.0,189.42,0.41
2021-06-12,1185732,4,10,3,49.0,158,774.2,348.39,0.44999999999999996
2021-07-10,1185732,3,10,3,45.0,209,940.5,489.06000000000006,0.52
2021-07-10,1185732,2,10,3,42.0,145,609.0,304.5,0.5
2021-07-10,1185732,6,10,3,33.0,109,359.7,133.089,0.37
2021-07-10,1185732,5,10,3,36.0,96,345.6,145.152,0.42
2021-07-10,1185732,1,10,3,39.0,114,444.6,168.948,0.38
2021-07-10,1185732,4,10,3,49.0,175,857.5,403.025,0.47
2021-08-11,1185732,3,10,3,42.0,215,903.0,460.53000000000003,0.51
2021-08-11,1185732,2,10,3,43.0,149,640.7,333.16400000000004,0.52
2021-08-11,1185732,6,10,3,34.0,116,394.4,153.81599999999997,0.38999999999999996
2021-08-11,1185732,5,10,3,40.0,85,340.0,142.8,0.42
2021-08-11,1185732,1,10,3,43.0,72,309.6,120.74399999999999,0.38999999999999996
2021-08-11,1185732,4,10,3,44.0,136,598.4,257.31199999999995,0.42999999999999994
2021-09-10,1185732,3,10,3,44.0,179,787.6,385.924,0.49
2021-09-10,1185732,2,10,3,42.0,111,466.2,237.762,0.51
2021-09-10,1185732,6,10,3,40.0,72,288.0,120.96,0.42
2021-09-10,1185732,5,10,3,35.0,66,231.0,92.39999999999999,0.39999999999999997
2021-09-10,1185732,1,10,3,48.0,68,326.4,120.768,0.37
2021-09-10,1185732,4,10,3,45.0,93,418.5,192.51,0.45999999999999996
2021-10-12,1185732,3,10,3,44.0,157,690.8,324.67600000000004,0.47000000000000003
2021-10-12,1185732,2,10,3,44.0,99,435.6,213.44400000000002,0.49
2021-10-12,1185732,6,10,3,40.0,66,264.0,97.67999999999999,0.37
2021-10-12,1185732,5,10,3,46.0,61,280.6,103.822,0.37
2021-10-12,1185732,1,10,3,55.0,58,319.0,118.03,0.37
2021-11-11,1185732,5,10,3,42.0,96,403.2,157.248,0.38999999999999996
2021-11-11,1185732,1,10,3,50.0,91,455.0,177.45,0.38999999999999996
2021-11-11,1185732,4,10,3,57.0,128,729.6,342.912,0.47
2021-12-10,1185732,3,10,3,48.0,186,892.8,428.544,0.48
2021-12-10,1185732,2,10,3,41.0,132,541.2,276.012,0.51
2021-12-10,1185732,6,10,3,44.0,131,576.4,230.56,0.39999999999999997
2021-12-10,1185732,5,10,3,44.0,101,444.4,186.648,0.42
2021-12-10,1185732,1,10,3,48.0,104,499.2,209.664,0.42
2021-12-10,1185732,4,10,3,60.0,145,870.0,408.9,0.47
2021-01-21,1185732,3,10,3,34.0,173,588.2,252.92600000000002,0.43000000000000005
2021-01-21,1185732,2,10,3,39.0,111,432.9,186.14700000000002,0.43000000000000005
2021-01-21,1185732,6,10,3,28.0,101,282.8,101.80799999999999,0.36
2021-01-21,1185732,5,10,3,36.0,60,216.0,69.12,0.32
2021-01-21,1185732,1,10,3,43.0,74,318.2,105.006,0.32999999999999996
2021-01-21,1185732,4,10,3,35.0,101,353.5,141.39999999999998,0.39999999999999997
2021-02-19,1185732,3,10,3,34.0,186,632.4,278.256,0.44
2021-02-19,1185732,2,10,3,37.0,85,314.5,135.235,0.43000000000000005
2021-02-19,1185732,6,10,3,31.0,96,297.6,101.184,0.33999999999999997
2021-02-19,1185732,5,32,3,31.0,68,210.8,71.672,0.33999999999999997
2021-02-19,1185732,1,32,3,41.0,96,393.6,129.88799999999998,0.32999999999999996
2021-02-19,1185732,4,32,3,36.0,124,446.4,178.56,0.39999999999999997
2021-03-17,1185732,3,32,3,39.0,188,733.2,337.27200000000005,0.46
2021-03-17,1185732,2,32,3,36.0,88,316.8,145.728,0.46
2021-03-17,1185732,6,32,3,32.0,105,336.0,114.23999999999998,0.33999999999999997
2021-03-17,1185732,5,32,3,33.0,45,148.5,54.94500000000001,0.37
2021-03-17,1185732,1,32,3,47.0,60,282.0,93.05999999999999,0.32999999999999996
2021-03-17,1185732,4,32,3,36.0,99,356.4,135.432,0.38
2021-04-18,1185732,3,32,3,33.0,187,617.1,259.182,0.42000000000000004
2021-04-18,1185732,2,32,3,38.0,85,323.0,135.66000000000003,0.42000000000000004
2021-04-18,1185732,6,32,3,26.0,80,208.0,70.72,0.33999999999999997
2021-04-18,1185732,5,32,3,35.0,53,185.5,59.36,0.32
2021-04-18,1185732,1,32,3,40.0,61,244.0,80.52,0.32999999999999996
2021-04-18,1185732,4,32,3,33.0,101,333.3,123.321,0.37
2021-05-17,1185732,3,32,3,47.0,196,921.2,396.11600000000004,0.43000000000000005
2021-05-17,1185732,2,32,3,40.0,93,372.0,159.96,0.43000000000000005
2021-05-17,1185732,6,32,3,42.0,101,424.2,144.228,0.33999999999999997
2021-05-17,1185732,5,32,3,41.0,91,373.1,126.854,0.33999999999999997
2021-05-17,1185732,1,32,3,52.0,90,468.0,149.76000000000002,0.32
2021-05-17,1185732,4,32,3,46.0,140,644.0,251.16,0.38999999999999996
2021-06-19,1185732,3,32,3,44.0,216,950.4,437.184,0.46
2021-06-19,1185732,2,32,3,40.0,140,560.0,263.2,0.47000000000000003
2021-06-19,1185732,6,32,3,43.0,109,468.7,168.732,0.36
2021-06-19,1185732,5,32,3,37.0,104,384.8,130.832,0.33999999999999997
2021-06-19,1185732,1,32,3,47.0,114,535.8,198.246,0.37
2021-06-19,1185732,4,32,3,50.0,162,810.0,340.2,0.42
2021-07-17,1185732,3,32,3,49.0,224,1097.6,460.992,0.42000000000000004
2021-07-17,1185732,2,32,3,47.0,149,700.3,308.132,0.44
2021-07-17,1185732,6,32,3,37.0,128,473.6,170.496,0.36
2021-07-17,1185732,5,32,3,39.0,107,417.3,146.055,0.35
2021-07-17,1185732,1,32,3,47.0,119,559.3,206.94099999999997,0.37
2021-07-17,1185732,4,32,3,47.0,163,766.1,306.43999999999994,0.39999999999999997
2021-08-18,1185732,3,32,3,48.0,203,974.4,448.224,0.46
2021-08-18,1185732,2,32,3,39.0,135,526.5,247.455,0.47000000000000003
2021-08-18,1185732,6,32,3,39.0,113,440.7,154.24499999999998,0.35
2021-08-18,1185732,5,32,3,42.0,88,369.6,118.272,0.32
2021-08-18,1185732,1,32,3,45.0,80,360.0,118.79999999999998,0.32999999999999996
2021-08-18,1185732,4,32,3,46.0,145,667.0,246.79000000000002,0.37
2021-09-17,1185732,3,32,3,51.0,193,984.3,433.092,0.44
2021-09-17,1185732,2,32,3,43.0,116,498.8,209.496,0.42000000000000004
2021-09-17,1185732,6,32,3,43.0,78,335.4,110.68199999999999,0.32999999999999996
2021-09-17,1185732,5,32,3,41.0,74,303.4,112.258,0.37
2021-09-17,1185732,1,32,3,48.0,70,336.0,120.96,0.36
2021-09-17,1185732,4,32,3,53.0,104,551.2,203.94400000000002,0.37
2020-01-01,1128299,3,37,1,50.0,1200,60000.0,30000.0,0.5
2020-01-02,1128299,2,37,1,50.0,1000,50000.0,15000.0,0.3
2020-01-03,1128299,6,37,1,40.0,1000,40000.0,14000.0,0.35
2020-01-04,1128299,5,37,1,45.0,850,38250.0,13387.5,0.35
2020-01-05,1128299,1,37,1,60.0,900,54000.0,16200.0,0.3
2020-01-06,1128299,4,37,1,50.0,1000,50000.0,12500.0,0.25
2020-01-07,1128299,3,37,1,50.0,1250,62500.0,31250.0,0.5
2020-01-08,1128299,2,37,3,50.0,900,45000.0,13500.0,0.3
2020-01-21,1128299,6,37,3,40.0,950,38000.0,13300.0,0.35
2020-01-22,1128299,5,37,3,45.0,825,37125.0,12993.749999999998,0.35
2020-01-23,1128299,1,37,3,60.0,900,54000.0,16200.0,0.3
2020-01-24,1128299,4,37,3,50.0,1000,50000.0,12500.0,0.25
2020-01-25,1128299,3,37,3,50.0,1220,61000.0,30500.0,0.5
2020-01-26,1128299,2,37,3,50.0,925,46250.0,13875.0,0.3
2020-01-27,1128299,6,37,3,40.0,950,38000.0,13300.0,0.35
2020-01-28,1128299,5,37,3,45.0,800,36000.0,12599.999999999998,0.35
2020-01-29,1128299,1,37,3,60.0,850,51000.0,15300.0,0.3
2020-01-30,1128299,4,37,3,50.0,950,47500.0,11875.0,0.25
2020-01-31,1128299,3,37,3,50.0,1200,60000.0,30000.0,0.5
2020-02-01,1128299,2,37,3,50.0,900,45000.0,13500.0,0.3
2020-02-02,1128299,6,37,3,40.0,900,36000.0,12599.999999999998,0.35
2020-02-03,1128299,5,37,3,45.0,825,37125.0,12993.749999999998,0.35
2020-02-04,1128299,1,37,3,60.0,825,49500.0,14850.0,0.3
2020-02-05,1128299,4,37,3,50.0,950,47500.0,11875.0,0.25
2020-02-06,1128299,3,37,3,60.0,1220,73200.0,36600.0,0.5
2020-02-07,1128299,2,37,3,55.00000000000001,925,50875.00000000001,15262.5,0.3
2020-02-08,1128299,6,37,3,50.0,900,45000.0,15750.0,0.35
2020-02-09,1128299,5,37,3,50.0,850,42500.0,14875.0,0.35
2020-02-10,1128299,1,37,3,60.0,875,52500.0,15750.0,0.3
2020-03-03,1128299,4,37,3,65.0,1000,65000.0,16250.0,0.25
2020-03-04,1128299,3,37,3,60.0,1250,75000.0,37500.0,0.5
2020-03-05,1128299,2,37,3,55.00000000000001,1000,55000.000000000015,16500.000000000004,0.3
2020-03-06,1128299,6,37,3,50.0,925,46250.0,16187.5,0.35
2020-03-07,1128299,5,37,3,50.0,900,45000.0,15750.0,0.35
2020-03-08,1128299,1,37,3,60.0,900,54000.0,16200.0,0.3
2020-03-09,1128299,4,37,3,65.0,1050,68250.0,17062.5,0.25
2020-03-10,1128299,3,37,3,60.0,1275,76500.0,38250.0,0.5
2020-03-11,1128299,2,37,3,55.00000000000001,1025,56375.000000000015,16912.500000000004,0.3
2020-03-12,1128299,6,37,3,50.0,950,47500.0,16625.0,0.35
2020-03-13,1128299,5,37,3,50.0,900,45000.0,15750.0,0.35
2020-03-14,1128299,1,37,3,60.0,925,55500.0,16650.0,0.3
2020-03-15,1128299,4,37,3,65.0,1100,71500.0,17875.0,0.25
2020-03-16,1128299,3,37,3,60.0,1250,75000.0,37500.0,0.5
2020-03-17,1128299,2,37,3,55.00000000000001,1025,56375.000000000015,16912.500000000004,0.3
2020-03-18,1128299,6,37,3,50.0,950,47500.0,16625.0,0.35
2020-03-31,1128299,5,37,3,50.0,925,46250.0,16187.5,0.35
2021-05-31,1128299,3,30,3,45.0,475,21375.0,8550.0,0.4
2021-06-01,1128299,2,30,3,45.0,275,12375.0,4331.25,0.35
2021-06-02,1128299,6,30,3,35.0,275,9625.0,3368.75,0.35
2021-06-03,1128299,5,30,3,40.0,125,5000.0,2000.0,0.4
2021-06-04,1128299,1,15,3,54.99999999999999,175,9624.999999999998,3368.749999999999,0.35
2021-06-05,1128299,4,15,3,45.0,275,12375.0,6187.5,0.5
2021-06-06,1128299,3,15,3,45.0,525,23625.0,9450.0,0.4
2021-06-07,1128299,2,15,3,45.0,175,7875.0,2756.25,0.35
2021-06-08,1128299,6,15,3,35.0,225,7875.0,2756.25,0.35
2021-06-09,1128299,5,15,3,40.0,100,4000.0,1600.0,0.4
2021-06-10,1128299,1,15,3,54.99999999999999,175,9624.999999999998,3368.749999999999,0.35
2021-06-11,1128299,4,15,3,45.0,275,12375.0,6187.5,0.5
2021-06-12,1128299,3,15,3,50.0,495,24750.0,9900.0,0.4
2021-06-13,1128299,2,15,3,50.0,200,10000.0,3500.0,0.35
2021-06-14,1128299,6,15,3,40.0,225,9000.0,3149.9999999999995,0.35
2021-06-15,1128299,5,15,3,45.0,75,3375.0,1350.0,0.4
2021-06-16,1128299,1,15,3,60.0,125,7500.0,2625.0,0.35
2021-06-17,1128299,4,15,3,50.0,225,11250.0,5625.0,0.5
2021-06-18,1128299,3,15,3,50.0,450,22500.0,9000.0,0.4
2021-06-19,1128299,2,15,3,50.0,150,7500.0,2625.0,0.35
2021-06-20,1128299,6,15,3,40.0,150,6000.0,2100.0,0.35
2021-06-21,1128299,5,15,3,45.0,75,3375.0,1350.0,0.4
2021-06-22,1128299,1,15,3,60.0,100,6000.0,2100.0,0.35
2021-06-23,1128299,4,15,3,50.0,225,11250.0,5625.0,0.5
2021-06-24,1128299,3,15,3,60.0,495,29700.0,11880.0,0.4
2021-06-25,1128299,2,15,3,55.00000000000001,200,11000.000000000002,3850.0,0.35
2021-06-26,1128299,6,15,3,50.0,175,8750.0,3062.4999999999995,0.35
2021-06-27,1128299,5,15,3,50.0,100,5000.0,2000.0,0.4
2021-06-28,1128299,1,15,3,60.0,125,7500.0,2625.0,0.35
2021-06-29,1128299,4,15,3,65.0,250,16250.0,8125.0,0.5
2021-06-30,1128299,3,15,3,50.0,500,25000.0,10000.0,0.4
2021-07-01,1128299,2,15,3,45.00000000000001,250,11250.000000000002,3937.5,0.35
2021-07-02,1128299,6,15,3,40.0,200,8000.0,2800.0,0.35
2021-07-03,1128299,5,15,3,40.0,175,7000.0,2800.0,0.4
2021-07-04,1128299,1,15,3,50.0,175,8750.0,3062.4999999999995,0.35
2021-07-05,1128299,4,15,3,55.00000000000001,350,19250.000000000004,9625.000000000002,0.5
2021-07-06,1128299,3,15,3,50.0,575,28750.0,11500.0,0.4
2021-07-07,1128299,2,15,3,45.00000000000001,325,14625.000000000004,5118.750000000001,0.35
2021-07-08,1128299,6,15,3,40.0,250,10000.0,3500.0,0.35
2021-07-09,1128299,5,15,3,40.0,200,8000.0,3200.0,0.4
2021-07-10,1128299,1,15,3,50.0,225,11250.0,3937.5,0.35
2021-07-11,1128299,4,15,3,55.00000000000001,400,22000.000000000004,11000.000000000002,0.5
2021-07-12,1128299,3,15,3,50.0,550,27500.0,11000.0,0.4
2021-07-13,1128299,2,15,3,45.00000000000001,325,14625.000000000004,5118.750000000001,0.35
2021-07-14,1128299,6,15,3,40.0,250,10000.0,3500.0,0.35
2021-07-15,1128299,5,15,3,40.0,225,9000.0,3600.0,0.4
2021-07-16,1128299,1,15,3,50.0,200,10000.0,3500.0,0.35
2021-07-17,1128299,4,15,3,55.00000000000001,375,20625.000000000004,10312.500000000002,0.5
2021-07-18,1128299,3,15,3,50.0,500,25000.0,10000.0,0.4
2021-07-19,1128299,2,15,3,45.00000000000001,300,13500.000000000004,4725.000000000001,0.35
2021-07-20,1128299,6,15,3,40.0,200,8000.0,2800.0,0.35
2021-07-21,1128299,5,15,3,40.0,175,7000.0,2800.0,0.4
2021-07-22,1128299,1,15,3,50.0,175,8750.0,3062.4999999999995,0.35
2021-07-23,1128299,4,15,3,55.00000000000001,250,13750.000000000004,6875.000000000002,0.5
2021-07-24,1128299,3,15,3,60.0,425,25500.0,10200.0,0.4
2021-07-25,1128299,2,15,3,50.0,250,12500.0,4375.0,0.35
2021-07-26,1128299,6,15,3,50.0,150,7500.0,2625.0,0.35
2021-07-27,1128299,5,15,3,50.0,125,6250.0,2500.0,0.4
2021-07-28,1128299,1,15,3,60.0,125,7500.0,2625.0,0.35
2021-07-29,1128299,4,15,3,64.99999999999999,250,16249.999999999996,8124.999999999998,0.5
2021-07-30,1128299,3,15,3,60.0,400,24000.0,9600.0,0.4
2021-07-31,1128299,2,15,3,50.0,250,12500.0,4375.0,0.35
2021-08-01,1128299,6,15,3,50.0,195,9750.0,3412.5,0.35
2021-08-02,1128299,5,15,3,50.0,175,8750.0,3500.0,0.4
2021-08-03,1128299,1,15,3,60.0,150,9000.0,3149.9999999999995,0.35
2021-08-04,1128299,4,15,3,64.99999999999999,250,16249.999999999996,8124.999999999998,0.5
2021-08-05,1128299,3,15,3,60.0,500,30000.0,12000.0,0.4
2021-08-06,1128299,2,15,3,50.0,300,15000.0,5250.0,0.35
2021-08-07,1128299,6,15,3,50.0,250,12500.0,4375.0,0.35
2021-08-08,1128299,5,15,3,50.0,200,10000.0,4000.0,0.4
2021-08-09,1128299,1,15,3,60.0,200,12000.0,4200.0,0.35
2021-08-10,1128299,4,15,3,64.99999999999999,300,19499.999999999996,9749.999999999998,0.5
2021-10-22,1128299,3,17,3,45.0,425,19125.0,10518.750000000002,0.55
2021-10-23,1128299,2,17,3,45.0,225,10125.0,3543.75,0.35
2021-10-24,1128299,6,17,3,35.0,225,7875.0,3149.9999999999995,0.39999999999999997
2021-10-25,1128299,5,17,3,40.0,75,3000.0,1199.9999999999998,0.39999999999999997
2021-10-26,1128299,1,42,3,54.99999999999999,125,6874.999999999998,2406.249999999999,0.35
2021-10-27,1128299,4,42,3,45.0,225,10125.0,3037.5,0.3
2021-10-28,1128299,3,42,3,45.0,475,21375.0,11756.250000000002,0.55
2021-10-29,1128299,2,42,3,45.0,125,5625.0,1968.75,0.35
2021-10-30,1128299,6,42,3,35.0,175,6125.0,2449.9999999999995,0.39999999999999997
2021-10-31,1128299,5,42,3,40.0,50,2000.0,799.9999999999999,0.39999999999999997
2021-11-01,1128299,1,42,3,54.99999999999999,125,6874.999999999998,2406.249999999999,0.35
2021-11-02,1128299,4,42,3,45.0,225,10125.0,3037.5,0.3
2021-11-03,1128299,3,42,3,50.0,445,22250.0,12237.500000000002,0.55
2021-11-04,1128299,2,42,3,50.0,150,7500.0,2625.0,0.35
2021-11-05,1128299,6,42,3,40.0,175,7000.0,2799.9999999999995,0.39999999999999997
2021-11-06,1128299,5,42,3,45.0,25,1125.0,450.0,0.39999999999999997
2021-11-07,1128299,1,42,3,60.0,75,4500.0,1350.0,0.3
2021-11-08,1128299,4,42,3,50.0,175,8750.0,2187.5,0.25
2021-11-09,1128299,3,42,3,50.0,450,22500.0,11250.0,0.5
2021-11-10,1128299,2,42,3,50.0,150,7500.0,2250.0,0.3
2021-11-11,1128299,6,42,3,40.0,150,6000.0,2100.0,0.35
2021-11-12,1128299,5,42,3,45.0,75,3375.0,1181.25,0.35
2021-11-13,1128299,1,42,3,60.0,75,4500.0,1350.0,0.3
2021-11-14,1128299,4,42,3,50.0,200,10000.0,2500.0,0.25
2021-11-15,1128299,3,42,3,60.0,470,28200.0,14100.0,0.5
2021-11-16,1128299,2,42,3,60.00000000000001,175,10500.000000000002,3150.0000000000005,0.3
2021-11-17,1128299,6,42,3,55.00000000000001,150,8250.000000000002,2887.5000000000005,0.35
2021-11-18,1128299,5,42,3,55.00000000000001,100,5500.000000000001,1925.0,0.35
2021-11-19,1128299,1,42,3,65.0,125,8125.0,2437.5,0.3
2021-11-20,1128299,4,42,3,70.0,250,17500.0,5250.0,0.3
2021-11-21,1128299,3,42,3,65.0,500,32500.0,17875.0,0.55
2021-11-22,1128299,2,42,3,60.00000000000001,250,15000.000000000004,5250.000000000001,0.35
2021-11-23,1128299,6,42,3,55.00000000000001,175,9625.000000000002,3850.0,0.39999999999999997
2021-11-24,1128299,5,42,3,55.00000000000001,150,8250.000000000002,3300.0,0.39999999999999997
2021-11-25,1128299,1,42,3,65.0,150,9750.0,3412.5,0.35
2021-11-26,1128299,4,42,3,70.0,300,21000.0,6300.0,0.3
2021-11-27,1128299,3,42,3,65.0,500,32500.0,17875.0,0.55
2021-11-28,1128299,2,42,3,60.00000000000001,300,18000.000000000004,6300.000000000001,0.35
2021-11-29,1128299,6,42,3,55.00000000000001,225,12375.000000000002,4950.0,0.39999999999999997
2021-11-30,1128299,5,42,3,55.00000000000001,175,9625.000000000002,3850.0,0.39999999999999997
2021-12-01,1128299,1,42,3,65.0,200,13000.0,4550.0,0.35
2021-12-02,1128299,4,42,3,70.0,375,26250.0,7875.0,0.3
2021-12-03,1128299,3,42,3,65.0,525,34125.0,18768.750000000004,0.55
2021-12-04,1128299,2,42,3,60.00000000000001,300,18000.000000000004,6300.000000000001,0.35
2021-12-05,1128299,6,42,3,55.00000000000001,225,12375.000000000002,4950.0,0.39999999999999997
2021-12-06,1128299,5,42,3,55.00000000000001,200,11000.000000000002,4400.0,0.39999999999999997
2021-12-07,1128299,1,42,3,65.0,175,11375.0,3981.25,0.35
2021-12-08,1128299,4,42,3,70.0,350,24500.0,7350.0,0.3
2021-12-09,1128299,3,42,3,65.0,475,30875.0,15437.5,0.5
2021-12-10,1128299,2,42,3,50.0,275,13750.0,4125.0,0.3
2021-12-11,1128299,6,42,3,45.0,200,9000.0,3149.9999999999995,0.35
2021-12-12,1128299,5,42,3,45.0,175,7875.0,2756.25,0.35
2021-12-13,1128299,1,42,3,54.99999999999999,125,6874.999999999998,2062.4999999999995,0.3
2021-12-14,1128299,4,42,3,60.0,225,13500.0,3375.0,0.25
2021-12-15,1128299,3,42,3,60.0,400,24000.0,12000.0,0.5
2021-12-16,1128299,2,42,3,50.0,225,11250.0,3375.0,0.3
2021-12-17,1128299,6,42,3,50.0,125,6250.0,2187.5,0.35
2021-12-18,1128299,5,42,3,50.0,100,5000.0,1750.0,0.35
2021-12-19,1128299,1,42,3,60.0,100,6000.0,1800.0,0.3
2021-12-20,1128299,4,42,3,64.99999999999999,225,14624.999999999996,3656.249999999999,0.25
2021-12-21,1128299,3,42,3,70.0,375,26250.0,14437.5,0.55
2021-12-22,1128299,2,42,3,60.00000000000001,200,12000.000000000002,4200.0,0.35
2021-12-23,1128299,6,42,3,60.00000000000001,195,11700.000000000002,4680.0,0.39999999999999997
2021-12-24,1128299,5,42,3,60.00000000000001,175,10500.000000000002,4200.0,0.39999999999999997
2021-12-25,1128299,1,42,3,70.0,150,10500.0,3675.0,0.35
2021-12-26,1128299,4,42,3,75.0,250,18750.0,5625.0,0.3
2021-12-27,1128299,3,42,3,70.0,475,33250.0,18287.500000000004,0.55
2021-12-28,1128299,2,42,3,60.00000000000001,275,16500.000000000004,5775.000000000001,0.35
2021-12-29,1128299,6,42,3,60.00000000000001,225,13500.000000000004,5400.000000000001,0.39999999999999997
2021-12-30,1128299,5,42,3,60.00000000000001,175,10500.000000000002,4200.0,0.39999999999999997
2021-12-31,1128299,1,42,3,70.0,175,12250.0,4287.5,0.35
2020-01-01,1128299,4,42,3,75.0,275,20625.0,6187.5,0.3
2020-08-06,1128299,3,50,1,45.0,1050,47250.0,21262.5,0.45
2020-08-07,1128299,2,50,1,45.0,850,38250.0,13387.5,0.35
2020-08-08,1128299,6,50,1,35.0,850,29750.0,7437.5,0.25
2020-08-09,1128299,5,50,1,40.0,700,28000.0,8400.0,0.3
2020-08-10,1128299,1,33,1,55.00000000000001,750,41250.00000000001,14437.5,0.35
2020-08-11,1128299,4,33,1,45.0,850,38250.0,19125.0,0.5
2020-08-12,1128299,3,33,1,45.0,1100,49500.0,22275.0,0.45
2020-08-13,1128299,2,33,1,45.0,750,33750.0,11812.499999999998,0.35
2020-08-14,1128299,6,33,1,35.0,800,28000.0,7000.0,0.25
2020-08-16,1128299,1,33,1,55.00000000000001,750,41250.00000000001,14437.5,0.35
2020-08-17,1128299,4,33,1,45.0,850,38250.0,19125.0,0.5
2020-08-18,1128299,3,33,1,45.0,1070,48150.0,21667.5,0.45
2020-08-19,1128299,2,33,1,45.0,750,33750.0,11812.499999999998,0.35
2020-08-20,1128299,6,33,1,35.0,775,27125.0,6781.25,0.25
2020-08-21,1128299,5,33,1,40.0,625,25000.0,7500.0,0.3
2020-08-22,1128299,1,33,1,55.00000000000001,675,37125.00000000001,12993.750000000002,0.35
2020-08-23,1128299,4,33,1,45.0,775,34875.0,17437.5,0.5
2020-04-24,1128299,3,33,1,45.0,1025,46125.0,20756.25,0.45
2020-04-24,1128299,2,33,1,45.0,725,32625.0,11418.75,0.35
2020-09-20,1128299,5,33,1,45.0,775,34875.0,10462.5,0.3
2020-09-21,1128299,1,33,1,55.00000000000001,750,41250.00000000001,14437.5,0.35
2020-09-22,1128299,4,33,1,60.00000000000001,925,55500.000000000015,27750.000000000007,0.5
2020-09-23,1128299,3,33,1,55.00000000000001,1050,57750.000000000015,25987.500000000007,0.45
2020-09-24,1128299,2,33,1,50.000000000000014,850,42500.000000000015,14875.000000000004,0.35
2020-05-24,1128299,1,33,1,65.0,775,50375.0,17631.25,0.35
2020-05-24,1128299,4,33,1,70.0,875,61250.0,30625.0,0.5
2020-10-17,1128299,3,33,1,35.0,450,15750.0,5512.500000000001,0.35000000000000003
2020-10-18,1128299,2,33,1,35.0,250,8750.0,2625.0,0.3
2020-10-19,1128299,6,33,1,25.0,250,6250.0,1875.0,0.3
2020-10-20,1128299,5,33,1,30.000000000000004,100,3000.0000000000005,1050.0000000000002,0.35000000000000003
2020-10-21,1128299,1,35,1,44.99999999999999,150,6749.999999999998,2024.9999999999995,0.3
2020-10-22,1128299,4,35,1,35.0,250,8750.0,3937.5,0.45
2020-10-23,1128299,3,35,1,35.0,500,17500.0,6125.000000000001,0.35000000000000003
2020-10-24,1128299,2,35,1,35.0,150,5250.0,1575.0,0.3
2020-10-25,1128299,6,35,1,25.0,200,5000.0,1500.0,0.3
2020-10-26,1128299,5,35,1,30.000000000000004,75,2250.0000000000005,787.5000000000002,0.35000000000000003
2020-10-27,1128299,1,35,1,44.99999999999999,150,6749.999999999998,2024.9999999999995,0.3
2020-10-28,1128299,4,35,1,35.0,225,7875.0,3543.75,0.45
2020-10-29,1128299,3,35,1,40.0,445,17800.0,6230.000000000001,0.35000000000000003
2020-10-30,1128299,2,35,1,40.0,125,5000.0,1500.0,0.3
2020-10-31,1128299,6,35,1,30.000000000000004,175,5250.000000000001,1575.0000000000002,0.3
2020-11-01,1128299,5,35,1,35.0,25,875.0,306.25000000000006,0.35000000000000003
2020-11-02,1128299,1,35,1,50.0,75,3750.0,1125.0,0.3
2020-11-03,1128299,4,35,1,40.0,175,7000.0,3150.0,0.45
2020-11-04,1128299,3,35,1,40.0,400,16000.0,5600.000000000001,0.35000000000000003
2020-11-05,1128299,2,35,1,40.0,100,4000.0,1200.0,0.3
2020-11-06,1128299,6,35,1,30.000000000000004,100,3000.0000000000005,900.0,0.3
2020-11-07,1128299,5,35,1,35.0,25,875.0,306.25000000000006,0.35000000000000003
2020-11-08,1128299,1,35,1,50.0,50,2500.0,750.0,0.3
2020-11-09,1128299,4,35,1,40.0,175,7000.0,3150.0,0.45
2020-11-10,1128299,3,35,1,50.0,445,22250.0,7787.500000000002,0.35000000000000003
2020-11-11,1128299,2,35,1,45.00000000000001,150,6750.000000000002,2025.0000000000005,0.3
2020-11-12,1128299,6,35,1,40.0,125,5000.0,1500.0,0.3
2020-11-13,1128299,5,35,1,40.0,50,2000.0,700.0000000000001,0.35000000000000003
2020-11-14,1128299,1,35,1,54.99999999999999,75,4124.999999999999,1237.4999999999998,0.3
2020-11-15,1128299,4,35,1,60.0,175,10500.0,4725.0,0.45
2020-11-16,1128299,3,35,3,45.0,425,19125.0,6693.75,0.35000000000000003
2020-11-17,1128299,2,35,3,40.00000000000001,175,7000.000000000002,2100.0000000000005,0.3
2020-11-18,1128299,6,35,3,35.0,175,6125.0,1837.5,0.3
2020-11-19,1128299,5,35,3,35.0,150,5250.0,1837.5,0.35000000000000003
2020-11-20,1128299,1,35,3,50.0,150,7500.0,2250.0,0.3
2020-11-21,1128299,4,35,3,55.00000000000001,325,17875.000000000004,8043.750000000002,0.45
2020-11-22,1128299,3,35,3,50.0,550,27500.0,9625.000000000002,0.35000000000000003
2020-11-23,1128299,2,35,3,45.00000000000001,300,13500.000000000004,4050.000000000001,0.3
2020-11-24,1128299,6,35,3,40.0,225,9000.0,2700.0,0.3
2020-11-25,1128299,5,35,3,40.0,175,7000.0,2450.0000000000005,0.35000000000000003
2020-11-26,1128299,1,35,3,50.0,200,10000.0,3000.0,0.3
2020-11-27,1128299,4,35,3,55.00000000000001,375,20625.000000000004,9281.250000000002,0.45
2020-11-28,1128299,3,35,3,50.0,525,26250.0,9187.500000000002,0.35000000000000003
2020-11-29,1128299,2,35,3,45.00000000000001,300,13500.000000000004,4050.000000000001,0.3
2020-11-30,1128299,6,35,3,40.0,225,9000.0,2700.0,0.3
2020-12-01,1128299,5,35,3,35.0,175,6125.0,2143.7500000000005,0.35000000000000003
2020-12-02,1128299,1,35,3,45.0,150,6750.0,2025.0,0.3
2020-12-03,1128299,4,35,3,50.0,325,16250.0,7312.5,0.45
2020-12-04,1128299,3,35,3,45.0,450,20250.0,7087.5,0.35000000000000003
2020-12-05,1128299,2,35,3,40.00000000000001,250,10000.000000000002,3000.0000000000005,0.3
2020-12-06,1128299,6,35,3,25.0,150,3750.0,1125.0,0.3
2020-12-07,1128299,5,35,3,25.0,125,3125.0,1093.7500000000002,0.35000000000000003
2020-12-08,1128299,1,35,3,35.0,125,4375.0,1312.5,0.3
2020-12-09,1128299,4,35,3,40.0,200,8000.0,3600.0,0.45
2020-12-10,1128299,3,35,3,44.99999999999999,375,16874.999999999996,5906.249999999999,0.35000000000000003
2020-12-11,1128299,2,35,3,35.0,200,7000.0,2100.0,0.3
2020-12-12,1128299,6,35,3,35.0,100,3500.0,1050.0,0.3
2020-12-13,1128299,5,35,3,35.0,75,2625.0,918.75,0.35000000000000003
2020-12-14,1128299,1,35,3,44.99999999999999,75,3374.999999999999,1012.4999999999998,0.3
2020-12-15,1128299,4,35,3,49.999999999999986,200,9999.999999999996,4499.999999999998,0.45
2020-12-16,1128299,3,35,3,50.0,350,17500.0,6125.000000000001,0.35000000000000003
2020-12-17,1128299,2,35,3,40.0,200,8000.0,2400.0,0.3
2020-12-18,1128299,6,35,3,40.0,145,5800.0,1740.0,0.3
2020-12-19,1128299,5,35,3,40.0,150,6000.0,2100.0000000000005,0.35000000000000003
2020-12-20,1128299,1,35,3,54.99999999999999,125,6874.999999999998,2062.4999999999995,0.3
2020-12-21,1128299,4,35,3,59.999999999999986,225,13499.999999999996,6074.999999999998,0.45
2020-12-22,1128299,3,35,3,54.99999999999999,475,26124.999999999996,9143.75,0.35000000000000003
2020-12-23,1128299,2,35,3,45.0,275,12375.0,3712.5,0.3
2020-12-24,1128299,6,35,3,45.0,225,10125.0,3037.5,0.3
2020-12-25,1128299,5,35,3,45.0,175,7875.0,2756.2500000000005,0.35000000000000003
2020-12-26,1128299,1,35,3,54.99999999999999,175,9624.999999999998,2887.4999999999995,0.3
2020-12-27,1128299,4,35,3,59.999999999999986,275,16499.999999999996,7424.999999999998,0.45
2021-05-21,1128299,3,27,3,35.0,425,14875.0,5950.0,0.4
2021-05-22,1128299,2,27,3,35.0,225,7875.0,2756.25,0.35
2021-05-23,1128299,6,27,3,25.0,225,5625.0,1968.75,0.35
2021-05-24,1128299,5,27,3,30.000000000000004,75,2250.0000000000005,900.0000000000002,0.4
2021-05-25,1128299,1,40,3,44.99999999999999,125,5624.999999999999,1968.7499999999995,0.35
2021-05-26,1128299,4,40,3,35.0,225,7875.0,3937.5,0.5
2021-05-27,1128299,3,40,3,35.0,475,16625.0,6650.0,0.4
2021-05-28,1128299,2,40,3,35.0,125,4375.0,1531.2499999999998,0.35
2021-05-29,1128299,6,40,3,25.0,175,4375.0,1531.2499999999998,0.35
2021-05-30,1128299,5,40,3,30.000000000000004,50,1500.0000000000002,600.0000000000001,0.4
2021-05-31,1128299,1,40,3,44.99999999999999,125,5624.999999999999,1968.7499999999995,0.35
2021-06-01,1128299,4,40,3,35.0,200,7000.0,3500.0,0.5
2021-06-02,1128299,3,40,3,40.0,420,16800.0,6720.0,0.4
2021-06-03,1128299,2,40,3,40.0,100,4000.0,1400.0,0.35
2021-06-04,1128299,6,40,3,30.000000000000004,150,4500.000000000001,1575.0000000000002,0.35
2021-06-06,1128299,1,40,3,50.0,50,2500.0,875.0,0.35
2021-06-07,1128299,4,40,3,40.0,150,6000.0,3000.0,0.5
2021-06-08,1128299,3,40,3,40.0,375,15000.0,6000.0,0.4
2021-06-09,1128299,2,40,3,35.0,75,2625.0,918.75,0.35
2021-06-10,1128299,6,40,3,25.000000000000007,75,1875.0000000000005,656.2500000000001,0.35
2021-06-12,1128299,1,40,3,45.0,25,1125.0,393.74999999999994,0.35
2021-06-13,1128299,4,40,3,35.0,150,5250.0,2625.0,0.5
2021-06-14,1128299,3,40,3,45.0,420,18900.0,7560.0,0.4
2021-06-15,1128299,2,40,3,40.00000000000001,125,5000.000000000001,1750.0,0.35
2021-06-16,1128299,6,40,3,35.0,100,3500.0,1225.0,0.35
2021-06-17,1128299,5,40,3,35.0,25,875.0,350.0,0.4
2021-06-18,1128299,1,40,3,49.99999999999999,50,2499.9999999999995,874.9999999999998,0.35
2021-06-19,1128299,4,40,3,54.99999999999999,150,8249.999999999998,4124.999999999999,0.5
2021-06-20,1128299,3,40,3,40.0,400,16000.0,6400.0,0.4
2021-06-21,1128299,2,40,3,35.00000000000001,150,5250.000000000001,1837.5,0.35
2021-06-22,1128299,6,40,3,30.000000000000004,175,5250.000000000001,1837.5,0.35
2021-06-23,1128299,5,40,3,30.000000000000004,150,4500.000000000001,1800.0000000000005,0.4
2021-06-24,1128299,1,40,3,45.0,150,6750.0,2362.5,0.35
2021-06-25,1128299,4,40,3,50.0,325,16250.0,8125.0,0.5
2021-06-26,1128299,3,40,3,45.0,550,24750.0,9900.0,0.4
2021-06-27,1128299,2,40,3,40.00000000000001,300,12000.000000000002,4200.0,0.35
2021-06-28,1128299,6,40,3,35.0,225,7875.0,2756.25,0.35
2021-06-29,1128299,5,40,3,35.0,175,6125.0,2450.0,0.4
2021-06-30,1128299,1,40,3,45.0,175,7875.0,2756.25,0.35
2021-07-01,1128299,4,40,3,50.0,350,17500.0,8750.0,0.5
2021-07-02,1128299,3,40,3,45.0,500,22500.0,9000.0,0.4
2021-07-03,1128299,2,40,3,45.00000000000001,275,12375.000000000002,4331.25,0.35
2021-07-04,1128299,6,40,3,40.0,200,8000.0,2800.0,0.35
2021-07-05,1128299,5,40,3,30.000000000000004,125,3750.000000000001,1500.0000000000005,0.4
2021-07-06,1128299,1,40,3,40.0,100,4000.0,1400.0,0.35
2021-07-07,1128299,4,40,3,45.0,275,12375.0,6187.5,0.5
2021-07-08,1128299,3,40,3,40.0,400,16000.0,6400.0,0.4
2021-07-09,1128299,2,40,3,35.00000000000001,200,7000.000000000002,2450.0000000000005,0.35
2021-07-10,1128299,6,40,3,20.0,100,2000.0,700.0,0.35
2021-07-11,1128299,5,40,3,20.0,75,1500.0,600.0,0.4
2021-07-12,1128299,1,40,3,30.0,75,2250.0,787.4999999999999,0.35
2021-07-13,1128299,4,40,3,35.0,150,5250.0,2625.0,0.5
2021-07-14,1128299,3,40,3,40.0,325,13000.0,5200.0,0.4
2021-07-15,1128299,2,40,3,30.0,150,4500.0,1574.9999999999998,0.35
2021-07-16,1128299,6,40,3,30.0,50,1500.0,525.0,0.35
2021-07-17,1128299,5,40,3,30.0,25,750.0,300.0,0.4
2021-07-18,1128299,1,40,3,40.0,25,1000.0,350.0,0.35
2021-07-19,1128299,4,40,3,44.99999999999999,150,6749.999999999998,3374.999999999999,0.5
2021-07-20,1128299,3,40,3,40.0,300,12000.0,4800.0,0.4
2021-07-21,1128299,2,40,3,30.000000000000004,150,4500.000000000001,1575.0000000000002,0.35
2021-07-22,1128299,6,40,3,30.000000000000004,95,2850.0000000000005,997.5,0.35
2021-07-23,1128299,5,40,3,30.000000000000004,125,3750.000000000001,1500.0000000000005,0.4
2021-07-24,1128299,1,40,3,49.99999999999999,100,4999.999999999999,1749.9999999999995,0.35
2021-07-25,1128299,4,40,3,54.999999999999986,200,10999.999999999996,5499.999999999998,0.5
2021-07-26,1128299,3,40,3,49.99999999999999,450,22499.999999999996,9000.0,0.4
2021-07-27,1128299,2,40,3,40.0,250,10000.0,3500.0,0.35
2021-07-28,1128299,6,40,3,40.0,200,8000.0,2800.0,0.35
2021-07-29,1128299,5,40,3,40.0,150,6000.0,2400.0,0.4
2021-07-30,1128299,1,40,3,49.99999999999999,150,7499.999999999998,2624.999999999999,0.35
2021-07-31,1128299,4,40,3,54.999999999999986,250,13749.999999999996,6874.999999999998,0.5
2021-01-10,1128299,3,3,3,35.0,375,13125.0,3281.25,0.25
2021-01-10,1128299,2,3,3,45.0,375,16875.0,3375.0,0.2
2021-01-10,1128299,6,3,3,45.0,375,16875.0,4218.75,0.25
2021-01-10,1128299,5,3,3,45.0,225,10125.0,2531.25,0.25
2021-01-10,1128299,1,3,3,50.0,175,8750.0,1312.5,0.15
2021-01-10,1128299,4,3,3,45.0,425,19125.0,7650.0,0.4
2021-02-10,1128299,3,3,3,35.0,475,16625.0,4156.25,0.25
2021-02-10,1128299,2,3,3,45.0,375,16875.0,3375.0,0.2
2021-02-10,1128299,6,3,3,45.0,375,16875.0,4218.75,0.25
2021-02-10,1128299,5,23,3,45.0,225,10125.0,2531.25,0.25
2021-02-10,1128299,1,23,3,50.0,150,7500.0,1125.0,0.15
2021-02-10,1128299,4,23,3,45.0,350,15750.0,6300.0,0.4
2021-03-09,1128299,3,23,3,45.0,500,22500.0,5625.0,0.25
2021-03-09,1128299,2,23,3,54.99999999999999,350,19249.999999999996,3849.999999999999,0.2
2021-03-09,1128299,6,23,3,59.999999999999986,375,22499.999999999993,5624.999999999998,0.25
2021-03-09,1128299,5,23,3,54.99999999999999,275,15124.999999999996,3781.249999999999,0.25
2021-03-09,1128299,1,23,3,60.0,125,7500.0,1125.0,0.15
2021-03-09,1128299,4,23,3,54.99999999999999,325,17874.999999999996,7149.999999999998,0.4
2021-04-10,1128299,3,23,3,60.0,500,30000.0,7500.0,0.25
2021-04-10,1128299,2,23,3,65.0,300,19500.0,3900.0,0.2
2021-04-10,1128299,6,23,3,65.0,350,22750.0,5687.5,0.25
2021-04-10,1128299,5,23,3,50.0,250,12500.0,3125.0,0.25
2021-04-10,1128299,1,23,3,55.00000000000001,150,8250.000000000002,1237.5000000000002,0.15
2021-04-10,1128299,4,23,3,70.0,325,22750.0,9100.0,0.4
2021-05-11,1128299,3,23,3,54.99999999999999,525,28874.999999999993,7218.749999999998,0.25
2021-05-11,1128299,2,23,3,60.0,375,22500.0,4500.0,0.2
2021-05-11,1128299,6,23,3,60.0,375,22500.0,5625.0,0.25
2021-05-11,1128299,5,23,3,54.99999999999999,275,15124.999999999996,3781.249999999999,0.25
2021-05-11,1128299,1,23,3,60.0,175,10500.0,1575.0,0.15
2021-05-11,1128299,4,23,3,75.0,475,35625.0,14250.0,0.4
2021-06-10,1128299,3,23,3,70.0,725,50750.0,12687.5,0.25
2021-06-10,1128299,2,23,3,75.0,600,45000.0,9000.0,0.2
2021-06-10,1128299,6,23,3,75.0,600,45000.0,11250.0,0.25
2021-06-10,1128299,5,23,3,75.0,475,35625.0,8906.25,0.25
2021-06-10,1128299,1,23,3,85.00000000000001,350,29750.000000000007,4462.500000000001,0.15
2021-06-10,1128299,4,23,3,100.0,650,65000.0,26000.0,0.4
2021-07-09,1128299,3,23,3,80.0,800,64000.0,16000.0,0.25
2021-07-09,1128299,2,23,3,85.00000000000001,650,55250.000000000015,11050.000000000004,0.2
2021-07-09,1128299,6,23,3,85.00000000000001,600,51000.00000000001,12750.000000000002,0.25
2021-07-09,1128299,5,23,3,80.0,500,40000.0,10000.0,0.25
2021-07-09,1128299,1,23,3,85.00000000000001,550,46750.00000000001,7012.5,0.15
2021-07-09,1128299,4,23,3,100.0,550,55000.0,22000.0,0.4
2021-08-10,1128299,3,23,3,85.00000000000001,750,63750.000000000015,15937.500000000004,0.25
2021-08-10,1128299,2,23,3,75.00000000000001,725,54375.000000000015,10875.000000000004,0.2
2021-08-10,1128299,6,23,3,70.0,600,42000.0,10500.0,0.25
2021-08-10,1128299,5,23,3,70.0,525,36750.0,9187.5,0.25
2021-12-10,1128299,6,14,1,45.00000000000001,550,24750.000000000004,8662.5,0.35
2021-12-10,1128299,5,14,1,45.00000000000001,500,22500.000000000004,7875.0,0.35
2021-12-10,1128299,1,14,1,55.00000000000001,500,27500.000000000007,8250.000000000002,0.3
2021-12-10,1128299,4,14,1,60.0,600,36000.0,9000.0,0.25
2021-01-24,1128299,3,14,1,30.000000000000004,350,10500.000000000002,3675.0,0.35
2021-01-24,1128299,2,14,1,40.0,350,14000.0,4900.0,0.35
2021-01-24,1128299,6,14,1,40.0,350,14000.0,4900.0,0.35
2021-01-24,1128299,5,14,1,40.0,200,8000.0,2800.0,0.35
2021-01-24,1128299,1,14,1,45.00000000000001,150,6750.000000000002,2700.000000000001,0.4
2021-01-24,1128299,4,14,1,40.0,400,16000.0,4800.0,0.3
2021-02-24,1128299,3,14,1,30.000000000000004,450,13500.000000000004,4725.000000000001,0.35
2021-02-24,1128299,2,14,1,40.0,350,14000.0,4900.0,0.35
2021-02-24,1128299,6,14,1,40.0,350,14000.0,4900.0,0.35
2021-02-24,1128299,5,47,1,40.0,200,8000.0,2800.0,0.35
2021-02-24,1128299,1,47,1,45.00000000000001,125,5625.000000000001,2250.0000000000005,0.4
2021-02-24,1128299,4,47,1,40.0,325,13000.0,3900.0,0.3
2021-03-23,1128299,3,47,1,40.0,475,19000.0,6650.0,0.35
2021-03-23,1128299,2,47,1,50.0,325,16250.0,5687.5,0.35
2021-03-23,1128299,6,47,1,54.99999999999999,350,19249.999999999996,6737.499999999998,0.35
2021-03-23,1128299,5,47,1,50.0,250,12500.0,4375.0,0.35
2021-03-23,1128299,1,47,1,55.00000000000001,100,5500.000000000001,2200.0000000000005,0.4
2021-03-23,1128299,4,47,1,50.0,300,15000.0,4500.0,0.3
2021-04-24,1128299,3,47,1,55.00000000000001,475,26125.000000000004,9143.75,0.35
2021-04-24,1128299,2,47,1,60.00000000000001,275,16500.000000000004,5775.000000000001,0.35
2021-04-24,1128299,6,47,1,60.00000000000001,325,19500.000000000004,6825.0,0.35
2021-04-24,1128299,5,47,1,45.00000000000001,225,10125.000000000002,3543.75,0.35
2021-04-24,1128299,1,47,1,50.000000000000014,125,6250.000000000002,2500.000000000001,0.4
2021-04-24,1128299,4,47,1,65.00000000000001,300,19500.000000000004,5850.000000000001,0.3
2021-05-25,1128299,3,47,1,50.0,500,25000.0,8750.0,0.35
2021-05-25,1128299,2,47,1,55.00000000000001,350,19250.000000000004,6737.5,0.35
2021-05-25,1128299,6,47,1,55.00000000000001,350,19250.000000000004,6737.5,0.35
2021-05-25,1128299,5,47,1,50.0,275,13750.0,4812.5,0.35
2021-05-25,1128299,1,47,1,44.99999999999999,175,7874.999999999998,3149.9999999999995,0.4
2021-05-25,1128299,4,47,1,60.0,525,31500.0,9450.0,0.3
2021-06-24,1128299,3,47,1,54.99999999999999,775,42624.99999999999,14918.749999999996,0.35
2021-06-24,1128299,2,47,1,64.99999999999999,650,42249.999999999985,14787.499999999995,0.35
2021-06-24,1128299,6,47,1,80.0,650,52000.0,18200.0,0.35
2021-06-24,1128299,5,47,1,80.0,525,42000.0,14700.0,0.35
2021-06-24,1128299,1,47,1,90.0,400,36000.0,14400.0,0.4
2021-06-24,1128299,4,47,1,105.0,700,73500.0,22050.0,0.3
2021-07-23,1128299,3,47,1,85.0,850,72250.0,25287.499999999996,0.35
2021-07-23,1128299,2,47,1,90.0,700,63000.0,22050.0,0.35
2021-07-23,1128299,6,47,1,90.0,650,58500.0,20475.0,0.35
2021-07-23,1128299,5,47,1,85.0,550,46750.0,16362.5,0.35
2021-07-23,1128299,1,47,1,90.0,600,54000.0,21600.0,0.4
2021-07-23,1128299,4,47,1,105.0,600,63000.0,18900.0,0.3
2021-08-24,1128299,3,47,1,90.0,800,72000.0,25199.999999999996,0.35
2021-08-24,1128299,2,47,1,80.0,775,62000.0,21700.0,0.35
2021-08-24,1128299,6,47,1,70.0,650,45500.0,15925.0,0.35
2021-08-24,1128299,5,47,1,70.0,425,29750.0,10412.5,0.35
2021-08-24,1128299,1,47,1,70.0,425,29750.0,11900.0,0.4
2021-08-24,1128299,4,47,1,75.0,250,18750.0,5625.0,0.3
2021-09-25,1128299,3,47,1,50.000000000000014,450,22500.000000000007,7875.000000000002,0.35
2021-09-25,1128299,2,47,1,55.000000000000014,450,24750.000000000007,8662.500000000002,0.35
2021-09-25,1128299,6,47,1,50.000000000000014,250,12500.000000000004,4375.000000000001,0.35
2021-09-25,1128299,5,47,1,50.000000000000014,200,10000.000000000004,3500.000000000001,0.35
2021-09-25,1128299,1,47,1,60.00000000000001,225,13500.000000000004,5400.000000000002,0.4
2021-09-25,1128299,4,47,1,44.99999999999999,250,11249.999999999998,3374.999999999999,0.3
2021-10-24,1128299,3,47,1,40.0,350,14000.0,4900.0,0.35
2021-10-24,1128299,2,47,1,55.000000000000014,525,28875.000000000007,10106.250000000002,0.35
2021-10-24,1128299,6,47,1,50.000000000000014,350,17500.000000000007,6125.000000000002,0.35
2021-10-24,1128299,5,47,1,45.00000000000001,325,14625.000000000004,5118.750000000001,0.35
2021-10-24,1128299,1,47,1,55.00000000000001,300,16500.000000000004,6600.000000000002,0.4
2021-10-24,1128299,4,47,1,60.00000000000001,350,21000.000000000004,6300.000000000001,0.3
2021-11-24,1128299,3,47,1,45.00000000000001,575,25875.000000000004,9056.25,0.35
2021-11-24,1128299,2,47,1,50.000000000000014,650,32500.00000000001,11375.000000000004,0.35
2021-11-24,1128299,6,47,1,45.00000000000001,475,21375.000000000004,7481.25,0.35
2021-11-24,1128299,5,47,1,55.000000000000014,450,24750.000000000007,8662.500000000002,0.35
2021-11-24,1128299,1,47,1,75.00000000000001,425,31875.000000000007,12750.000000000004,0.4
2021-11-24,1128299,4,47,1,80.00000000000001,550,44000.00000000001,13200.0,0.3
2021-12-23,1128299,3,47,1,65.00000000000001,750,48750.000000000015,17062.500000000004,0.35
2021-12-23,1128299,2,47,1,75.00000000000003,750,56250.00000000002,19687.500000000007,0.35
2021-12-15,1128299,6,20,1,50.0,600,30000.0,9000.0,0.3
2021-12-15,1128299,5,20,1,50.0,550,27500.0,9625.0,0.35
2021-12-15,1128299,1,20,1,60.0,550,33000.0,13200.0,0.39999999999999997
2021-12-15,1128299,4,20,1,64.99999999999999,650,42249.999999999985,23237.499999999993,0.55
2021-01-18,1128299,3,20,1,30.0,625,18750.0,7500.0,0.4
2021-01-18,1128299,2,20,1,30.0,425,12750.0,4462.5,0.35
2021-01-18,1128299,6,20,1,20.0,425,8500.0,2974.9999999999995,0.35
2021-01-18,1128299,5,20,1,25.000000000000007,275,6875.000000000002,2750.000000000001,0.4
2021-01-18,1128299,1,20,1,40.0,325,13000.0,4550.0,0.35
2021-01-18,1128299,4,20,1,30.0,425,12750.0,6375.0,0.5
2021-02-18,1128299,3,20,1,30.0,675,20250.0,8100.0,0.4
2021-02-18,1128299,2,20,1,30.0,325,9750.0,3412.5,0.35
2021-02-18,1128299,6,20,1,20.0,375,7500.0,2625.0,0.35
2021-02-18,1128299,5,52,1,25.000000000000007,250,6250.000000000002,2500.000000000001,0.4
2021-02-18,1128299,1,52,1,40.0,325,13000.0,4550.0,0.35
2021-02-18,1128299,4,52,1,30.0,400,12000.0,6000.0,0.5
2021-03-17,1128299,3,52,1,35.0,620,21700.0,8680.0,0.4
2021-03-17,1128299,2,52,1,35.0,300,10500.0,3675.0,0.35
2021-03-17,1128299,6,52,1,25.000000000000007,350,8750.000000000004,3062.500000000001,0.35
2021-03-17,1128299,5,52,1,30.0,200,6000.0,2400.0,0.4
2021-03-17,1128299,1,52,1,45.0,250,11250.0,3937.5,0.35
2021-03-17,1128299,4,52,1,35.0,350,12250.0,6125.0,0.5
2021-04-18,1128299,3,52,1,35.0,575,20125.0,8050.0,0.4
2021-04-18,1128299,2,52,1,30.000000000000004,275,8250.000000000002,2887.5000000000005,0.35
2021-04-18,1128299,6,52,1,20.000000000000007,275,5500.000000000002,1925.0000000000007,0.35
2021-04-18,1128299,5,52,1,25.0,200,5000.0,2000.0,0.4
2021-04-18,1128299,1,52,1,40.0,225,9000.0,3149.9999999999995,0.35
2021-04-18,1128299,4,52,1,30.000000000000004,350,10500.000000000002,5250.000000000001,0.5
2021-05-19,1128299,3,52,1,40.0,620,24800.0,9920.0,0.4
2021-05-19,1128299,2,52,1,35.00000000000001,325,11375.000000000004,3981.250000000001,0.35
2021-05-19,1128299,6,52,1,30.000000000000004,300,9000.000000000002,3150.0000000000005,0.35
2021-05-19,1128299,5,52,1,30.000000000000004,225,6750.000000000002,2700.000000000001,0.4
2021-05-19,1128299,1,52,1,44.99999999999999,250,11249.999999999998,3937.499999999999,0.35
2021-05-19,1128299,4,52,1,49.99999999999999,350,17499.999999999996,8749.999999999998,0.5
2021-06-18,1128299,3,52,1,35.0,600,21000.0,8400.0,0.4
2021-06-18,1128299,2,52,1,30.00000000000001,350,10500.000000000004,3675.0000000000014,0.35
2021-06-18,1128299,6,52,1,25.000000000000007,375,9375.000000000004,3281.250000000001,0.35
2021-06-18,1128299,5,52,1,25.000000000000007,350,8750.000000000004,3500.0000000000014,0.4
2021-06-18,1128299,1,52,1,40.0,350,14000.0,4900.0,0.35
2021-06-18,1128299,4,52,1,45.0,525,23625.0,11812.5,0.5
2021-07-17,1128299,3,52,1,40.0,750,30000.0,12000.0,0.4
2021-07-17,1128299,2,52,1,35.00000000000001,500,17500.000000000004,6125.000000000001,0.35
2021-07-17,1128299,6,52,1,30.000000000000004,425,12750.000000000002,4462.5,0.35
2021-07-17,1128299,5,52,1,30.000000000000004,375,11250.000000000002,4500.000000000001,0.4
2021-07-17,1128299,1,52,1,40.0,375,15000.0,5250.0,0.35
2021-07-17,1128299,4,52,1,45.0,550,24750.0,12375.0,0.5
2021-08-18,1128299,3,52,1,40.0,700,28000.0,11200.0,0.4
2021-08-18,1128299,2,52,1,40.00000000000001,475,19000.000000000004,6650.0,0.35
2021-08-18,1128299,6,52,1,35.0,400,14000.0,4900.0,0.35
2021-08-18,1128299,5,52,1,25.000000000000007,325,8125.000000000003,3250.0000000000014,0.4
2021-08-18,1128299,1,52,1,35.0,300,10500.0,3675.0,0.35
2021-08-18,1128299,4,52,1,40.0,475,19000.0,9500.0,0.5
2021-09-19,1128299,3,52,1,35.0,600,21000.0,8400.0,0.4
2021-09-19,1128299,2,52,1,30.00000000000001,400,12000.000000000004,4200.000000000002,0.35
2021-09-19,1128299,6,52,1,15.000000000000002,300,4500.000000000001,1575.0000000000002,0.35
2021-09-19,1128299,5,52,1,15.000000000000002,275,4125.000000000001,1650.0000000000005,0.4
2021-09-19,1128299,1,52,1,25.0,275,6875.0,2406.25,0.35
2021-09-19,1128299,4,52,1,30.000000000000004,350,10500.000000000002,5250.000000000001,0.5
2021-10-18,1128299,3,52,1,35.0,525,18375.0,7350.0,0.4
2021-10-18,1128299,2,52,1,25.0,350,8750.0,3062.4999999999995,0.35
2021-10-18,1128299,6,52,1,25.0,250,6250.0,2187.5,0.35
2021-10-18,1128299,5,52,1,25.0,225,5625.0,2250.0,0.4
2021-10-18,1128299,1,52,1,35.0,225,7875.0,2756.25,0.35
2021-10-18,1128299,4,52,1,39.99999999999999,350,13999.999999999996,6999.999999999998,0.5
2021-11-18,1128299,3,52,1,35.0,500,17500.0,7000.0,0.4
2021-11-18,1128299,2,52,1,25.000000000000007,350,8750.000000000004,3062.500000000001,0.35
2021-11-18,1128299,6,52,1,25.000000000000007,295,7375.000000000002,2581.2500000000005,0.35
2021-11-18,1128299,5,52,1,25.000000000000007,325,8125.000000000003,3250.0000000000014,0.4
2021-11-18,1128299,1,52,1,44.99999999999999,300,13499.999999999996,4724.999999999998,0.35
2021-11-18,1128299,4,52,1,49.999999999999986,400,19999.999999999993,9999.999999999996,0.5
2021-12-17,1128299,3,52,1,44.99999999999999,650,29249.999999999993,11699.999999999998,0.4
2021-12-17,1128299,2,52,1,35.0,450,15750.0,5512.5,0.35
2021-12-16,1128299,6,36,2,75.00000000000003,600,45000.000000000015,18000.000000000007,0.39999999999999997
2021-12-16,1128299,5,36,2,75.00000000000003,600,45000.000000000015,18000.000000000007,0.39999999999999997
2021-12-16,1128299,1,36,2,85.00000000000001,525,44625.00000000001,20081.250000000004,0.45
2021-12-16,1128299,4,36,2,90.00000000000003,625,56250.00000000002,19687.500000000007,0.35
2021-01-05,1128299,3,36,2,20.0,675,13500.0,4050.0,0.3
2021-01-05,1128299,2,36,2,30.0,675,20250.0,6075.0,0.3
2021-01-05,1128299,6,36,2,30.0,475,14250.0,4275.0,0.3
2021-01-05,1128299,5,36,2,35.0,475,16625.0,6650.0,0.4
2021-01-05,1128299,1,36,2,40.0,325,13000.0,3250.0,0.25
2021-02-04,1128299,3,36,2,25.0,625,15625.0,4687.5,0.3
2021-02-04,1128299,2,36,2,35.0,600,21000.0,6300.0,0.3
2021-02-04,1128299,6,36,2,35.0,425,14875.0,4462.5,0.3
2021-02-04,1128299,5,8,2,35.0,375,13125.0,5250.0,0.4
2021-02-04,1128299,1,8,2,40.0,250,10000.0,2500.0,0.25
2021-02-04,1128299,4,8,2,35.0,450,15750.0,7087.5,0.45
2021-03-06,1128299,3,8,2,30.0,625,18750.0,6562.5,0.35
2021-03-06,1128299,2,8,2,40.0,625,25000.0,8750.0,0.35
2021-03-06,1128299,6,8,2,30.0,450,13500.0,4725.0,0.35
2021-03-06,1128299,5,8,2,35.0,350,12250.0,5512.5,0.45
2021-07-06,1128299,4,8,2,65.0,800,52000.0,28600.0,0.55
2021-08-08,1128299,3,8,2,50.0,750,37500.0,15000.0,0.39999999999999997
2021-08-08,1128299,2,8,2,55.00000000000001,750,41250.00000000001,16500.0,0.39999999999999997
2021-08-08,1128299,6,8,2,50.0,925,46250.0,18499.999999999996,0.39999999999999997
2021-08-08,1128299,5,8,2,50.0,475,23750.0,11875.0,0.5
2021-12-04,1128299,3,8,2,54.99999999999999,775,42624.99999999999,17049.999999999996,0.39999999999999997
2021-12-04,1128299,2,8,2,54.99999999999999,775,42624.99999999999,17049.999999999996,0.39999999999999997
2021-12-04,1128299,6,8,2,60.0,675,40500.0,16200.0,0.39999999999999997
2021-12-04,1128299,5,8,2,60.0,525,31500.0,15750.0,0.5
2021-12-04,1128299,1,8,2,54.99999999999999,475,26124.999999999996,9143.749999999998,0.35
2021-12-04,1128299,4,8,2,65.0,725,47125.0,25918.750000000004,0.55
2021-01-23,1128299,3,8,2,29.999999999999993,425,12749.999999999996,4462.499999999998,0.35
2021-01-23,1128299,2,8,2,40.0,425,17000.0,6800.0,0.4
2021-01-23,1128299,6,8,2,40.0,425,17000.0,5949.999999999999,0.35
2021-01-23,1128299,5,8,2,40.0,275,11000.0,3850.0,0.35
2021-01-23,1128299,1,8,2,45.00000000000001,225,10125.000000000002,3037.5000000000005,0.3
2021-01-23,1128299,4,8,2,40.0,425,17000.0,4250.0,0.25
2021-02-23,1128299,3,8,2,29.999999999999993,475,14249.999999999996,4987.499999999998,0.35
2021-02-23,1128299,2,8,2,40.0,375,15000.0,6000.0,0.4
2021-02-23,1128299,6,8,2,40.0,375,15000.0,5250.0,0.35
2021-02-23,1128299,5,43,2,40.0,225,9000.0,3149.9999999999995,0.35
2021-02-23,1128299,1,43,2,45.00000000000001,150,6750.000000000002,2025.0000000000005,0.3
2021-02-23,1128299,4,43,2,40.0,350,14000.0,3500.0,0.25
2021-03-22,1128299,3,43,2,40.0,500,20000.0,7000.0,0.35
2021-03-22,1128299,2,43,2,50.0,350,17500.0,7000.0,0.4
2021-03-22,1128299,6,43,2,50.0,350,17500.0,6124.999999999999,0.35
2021-03-22,1128299,5,43,2,50.0,225,11250.0,3937.5,0.35
2021-03-22,1128299,1,43,2,55.00000000000001,125,6875.000000000002,2062.5000000000005,0.3
2021-03-22,1128299,4,43,2,50.0,325,16250.0,4062.5,0.25
2021-04-23,1128299,3,43,2,50.0,500,25000.0,8750.0,0.35
2021-04-23,1128299,2,43,2,55.00000000000001,300,16500.000000000004,6600.000000000002,0.4
2021-04-23,1128299,6,43,2,55.00000000000001,350,19250.000000000004,6737.5,0.35
2021-04-23,1128299,5,43,2,50.0,250,12500.0,4375.0,0.35
2021-04-23,1128299,1,43,2,55.00000000000001,150,8250.000000000002,2475.0000000000005,0.3
2021-04-23,1128299,4,43,2,70.0,325,22750.0,5687.5,0.25
2021-05-24,1128299,3,43,2,50.0,525,26250.0,9187.5,0.35
2021-05-24,1128299,2,43,2,55.00000000000001,375,20625.000000000004,8250.000000000002,0.4
2021-05-24,1128299,6,43,2,55.00000000000001,400,22000.000000000004,7700.0,0.35
2021-05-24,1128299,5,43,2,50.0,300,15000.0,5250.0,0.35
2021-05-24,1128299,1,43,2,55.00000000000001,200,11000.000000000002,3300.0,0.3
2021-05-24,1128299,4,43,2,70.0,375,26250.0,6562.5,0.25
2021-06-23,1128299,3,43,2,50.0,625,31250.0,10937.5,0.35
2021-06-23,1128299,2,43,2,55.00000000000001,475,26125.000000000004,10450.000000000002,0.4
2021-06-23,1128299,6,43,2,55.00000000000001,475,26125.000000000004,9143.75,0.35
2021-06-23,1128299,5,43,2,50.0,350,17500.0,6124.999999999999,0.35
2021-06-23,1128299,1,43,2,55.00000000000001,225,12375.000000000002,3712.5,0.3
2021-06-23,1128299,4,43,2,70.0,525,36750.0,9187.5,0.25
2021-07-22,1128299,3,43,2,50.0,675,33750.0,11812.499999999998,0.35
2021-07-22,1128299,2,43,2,55.00000000000001,525,28875.000000000007,11550.000000000004,0.4
2021-07-22,1128299,6,43,2,55.00000000000001,475,26125.000000000004,9143.75,0.35
2021-07-22,1128299,5,43,2,50.0,375,18750.0,6562.5,0.35
2021-07-22,1128299,1,43,2,55.00000000000001,425,23375.000000000004,7012.5,0.3
2021-07-22,1128299,4,43,2,70.0,425,29750.0,7437.5,0.25
2021-08-23,1128299,3,43,2,55.00000000000001,625,34375.00000000001,12031.250000000002,0.35
2021-08-23,1128299,2,43,2,60.00000000000001,575,34500.00000000001,13800.000000000004,0.4
2021-08-23,1128299,6,43,2,55.00000000000001,450,24750.000000000004,8662.5,0.35
2021-08-23,1128299,5,43,2,55.00000000000001,400,22000.000000000004,7700.0,0.35
2021-08-23,1128299,1,43,2,65.0,400,26000.0,7800.0,0.3
2021-08-23,1128299,4,43,2,70.0,375,26250.0,6562.5,0.25
2021-09-24,1128299,3,43,2,45.00000000000001,575,25875.000000000004,9056.25,0.35
2021-09-24,1128299,2,43,2,50.000000000000014,575,28750.000000000007,11500.000000000004,0.4
2021-09-24,1128299,6,43,2,45.00000000000001,425,19125.000000000004,6693.75,0.35
2021-09-24,1128299,5,43,2,45.00000000000001,375,16875.000000000004,5906.250000000001,0.35
2021-09-24,1128299,1,43,2,55.00000000000001,375,20625.000000000004,6187.500000000001,0.3
2021-09-24,1128299,4,43,2,60.00000000000001,425,25500.000000000004,6375.000000000001,0.25
2021-10-23,1128299,3,43,2,45.00000000000001,500,22500.000000000004,7875.0,0.35
2021-10-23,1128299,2,43,2,50.000000000000014,500,25000.000000000007,10000.000000000004,0.4
2021-10-23,1128299,6,43,2,45.00000000000001,325,14625.000000000004,5118.750000000001,0.35
2021-10-23,1128299,5,43,2,45.00000000000001,300,13500.000000000004,4725.000000000001,0.35
2021-10-23,1128299,1,43,2,55.00000000000001,275,15125.000000000004,4537.500000000001,0.3
2021-10-23,1128299,4,43,2,60.00000000000001,325,19500.000000000004,4875.000000000001,0.25
2021-11-23,1128299,3,43,2,45.00000000000001,500,22500.000000000004,7875.0,0.35
2021-11-23,1128299,2,43,2,50.000000000000014,525,26250.000000000007,10500.000000000004,0.4
2021-11-23,1128299,6,43,2,45.00000000000001,375,16875.000000000004,5906.250000000001,0.35
2021-11-23,1128299,5,43,2,45.00000000000001,350,15750.000000000004,5512.500000000001,0.35
2021-11-23,1128299,1,43,2,55.00000000000001,300,16500.000000000004,4950.000000000001,0.3
2021-11-23,1128299,4,43,2,60.00000000000001,425,25500.000000000004,6375.000000000001,0.25
2021-12-22,1128299,3,43,2,45.00000000000001,625,28125.000000000007,9843.750000000002,0.35
2021-12-22,1128299,2,43,2,50.000000000000014,625,31250.00000000001,12500.000000000005,0.4
2021-12-12,1128299,6,4,2,55.00000000000001,475,26125.000000000004,9143.75,0.35
2021-12-12,1128299,5,4,2,55.00000000000001,475,26125.000000000004,10450.000000000002,0.4
2021-12-12,1128299,1,4,2,65.0,400,26000.0,9100.0,0.35
2021-12-12,1128299,4,4,2,70.0,500,35000.0,8750.0,0.25
2021-01-09,1128299,3,4,2,40.0,1025,41000.0,18450.0,0.45
2021-01-09,1128299,2,4,2,40.0,825,33000.0,11549.999999999998,0.35
2021-01-09,1128299,6,4,2,30.000000000000004,825,24750.000000000004,6187.500000000001,0.25
2021-01-09,1128299,5,4,2,35.0,675,23625.0,7087.5,0.3
2021-01-09,1128299,1,4,2,50.0,725,36250.0,12687.499999999998,0.35
2021-01-09,1128299,4,4,2,40.0,825,33000.0,16500.0,0.5
2021-02-07,1128299,3,4,2,40.0,1075,43000.0,19350.0,0.45
2021-02-07,1128299,2,4,2,40.0,725,29000.0,10150.0,0.35
2021-02-07,1128299,6,4,2,30.000000000000004,775,23250.000000000004,5812.500000000001,0.25
2021-02-07,1128299,5,11,2,35.0,625,21875.0,6562.5,0.3
2021-02-07,1128299,1,11,2,50.0,700,35000.0,12249.999999999998,0.35
2021-02-07,1128299,4,11,2,35.0,800,28000.0,14000.0,0.5
2021-03-05,1128299,3,11,2,35.0,1020,35700.0,16065.0,0.45
2021-03-05,1128299,2,11,2,35.0,700,24500.0,8575.0,0.35
2021-03-05,1128299,6,11,2,25.0,725,18125.0,4531.25,0.25
2021-03-05,1128299,5,11,2,29.999999999999993,575,17249.999999999996,5174.999999999999,0.3
2021-03-05,1128299,1,11,2,45.00000000000001,625,28125.000000000007,9843.750000000002,0.35
2021-03-05,1128299,4,11,2,35.0,725,25375.0,12687.5,0.5
2021-04-06,1128299,3,11,2,35.0,975,34125.0,15356.25,0.45
2021-04-06,1128299,2,11,2,35.0,675,23625.0,8268.75,0.35
2021-04-06,1128299,6,11,2,25.0,675,16875.0,4218.75,0.25
2021-04-06,1128299,5,11,2,29.999999999999993,600,17999.999999999996,5399.999999999999,0.3
2021-04-06,1128299,1,11,2,50.0,625,31250.0,10937.5,0.35
2021-04-06,1128299,4,11,2,40.0,775,31000.0,15500.0,0.5
2021-05-05,1128299,3,11,2,50.0,1045,52250.0,23512.5,0.45
2021-05-05,1128299,2,11,2,50.0,750,37500.0,13125.0,0.35
2021-05-05,1128299,6,11,2,45.0,725,32625.0,8156.25,0.25
2021-05-05,1128299,5,11,2,45.0,675,30375.0,9112.5,0.3
2021-05-05,1128299,1,11,2,54.99999999999999,700,38499.99999999999,13474.999999999996,0.35
2021-05-05,1128299,4,11,2,60.0,800,48000.0,24000.0,0.5
2021-06-07,1128299,3,11,2,54.99999999999999,1050,57749.999999999985,25987.499999999993,0.45
2021-06-07,1128299,2,11,2,50.0,800,40000.0,14000.0,0.35
2021-06-07,1128299,6,11,2,50.0,775,38750.0,9687.5,0.25
2021-06-07,1128299,5,11,2,50.0,750,37500.0,11250.0,0.3
2021-06-07,1128299,1,11,2,65.0,750,48750.0,17062.5,0.35
2021-06-07,1128299,4,11,2,70.0,925,64750.0,32375.0,0.5
2021-07-05,1128299,3,11,2,65.0,1150,74750.0,33637.5,0.45
2021-07-05,1128299,2,11,2,60.00000000000001,900,54000.000000000015,18900.000000000004,0.35
2021-07-05,1128299,6,11,2,55.00000000000001,825,45375.00000000001,11343.750000000002,0.25
2021-07-05,1128299,5,11,2,55.00000000000001,775,42625.00000000001,12787.500000000002,0.3
2021-07-05,1128299,1,11,2,65.0,800,52000.0,18200.0,0.35
2021-07-05,1128299,4,11,2,70.0,975,68250.0,34125.0,0.5
2021-08-06,1128299,3,11,2,65.0,1125,73125.0,32906.25,0.45
2021-08-06,1128299,2,11,2,60.00000000000001,900,54000.000000000015,18900.000000000004,0.35
2021-08-06,1128299,6,11,2,55.00000000000001,825,45375.00000000001,11343.750000000002,0.25
2021-08-06,1128299,5,11,2,45.0,775,34875.0,10462.5,0.3
2021-08-06,1128299,1,11,2,55.00000000000001,750,41250.00000000001,14437.5,0.35
2021-08-06,1128299,4,11,2,60.00000000000001,925,55500.000000000015,27750.000000000007,0.5
2021-09-05,1128299,3,11,2,55.00000000000001,1025,56375.000000000015,25368.750000000007,0.45
2021-09-05,1128299,2,11,2,50.000000000000014,825,41250.000000000015,14437.500000000004,0.35
2021-09-05,1128299,6,11,2,40.0,725,29000.0,7250.0,0.25
2021-09-05,1128299,5,11,2,40.0,700,28000.0,8400.0,0.3
2021-09-05,1128299,1,11,2,50.0,700,35000.0,12249.999999999998,0.35
2021-09-05,1128299,4,11,2,55.00000000000001,800,44000.00000000001,22000.000000000004,0.5
2021-10-07,1128299,3,11,2,55.00000000000001,975,53625.000000000015,24131.250000000007,0.45
2021-10-07,1128299,2,11,2,45.000000000000014,800,36000.000000000015,12600.000000000004,0.35
2021-10-07,1128299,6,11,2,45.000000000000014,675,30375.00000000001,7593.750000000003,0.25
2021-10-07,1128299,5,11,2,45.000000000000014,650,29250.00000000001,8775.000000000004,0.3
2021-10-07,1128299,1,11,2,55.00000000000001,650,35750.00000000001,12512.500000000002,0.35
2021-10-07,1128299,4,11,2,60.0,775,46500.0,23250.0,0.5
2021-11-06,1128299,3,11,2,55.00000000000001,925,50875.00000000001,22893.750000000004,0.45
2021-11-06,1128299,2,11,2,45.000000000000014,750,33750.000000000015,11812.500000000004,0.35
2021-11-06,1128299,6,11,2,45.000000000000014,695,31275.00000000001,7818.750000000003,0.25
2021-11-06,1128299,5,11,2,55.000000000000014,750,41250.000000000015,12375.000000000004,0.3
2021-11-06,1128299,1,11,2,70.0,725,50750.0,17762.5,0.35
2021-11-06,1128299,4,11,2,75.0,825,61875.0,30937.5,0.5
2021-12-05,1128299,3,11,2,70.0,1075,75250.0,33862.5,0.45
2021-12-05,1128299,2,11,2,60.00000000000001,875,52500.000000000015,18375.000000000004,0.35
2021-11-22,1128299,5,31,2,55.00000000000001,200,11000.000000000002,4400.000000000001,0.4
2021-11-22,1128299,1,31,2,65.0,175,11375.0,3981.25,0.35
2021-11-22,1128299,4,31,2,70.0,275,19250.0,7700.0,0.4
2021-12-21,1128299,3,31,2,65.0,525,34125.0,13650.0,0.4
2021-12-21,1128299,2,31,2,55.00000000000001,325,17875.000000000004,6256.250000000001,0.35
2021-12-21,1128299,6,31,2,55.00000000000001,275,15125.000000000004,6050.000000000002,0.4
2021-12-21,1128299,5,31,2,50.0,225,11250.0,4500.0,0.4
2021-12-21,1128299,1,31,2,60.0,225,13500.0,4725.0,0.35
2021-12-21,1128299,4,31,2,64.99999999999999,325,21124.999999999993,8449.999999999998,0.4
2021-01-20,1128299,3,31,2,30.000000000000004,725,21750.000000000004,8700.000000000002,0.4
2021-01-20,1128299,2,31,2,30.000000000000004,525,15750.000000000004,5512.500000000001,0.35
2021-01-20,1128299,6,31,2,20.000000000000007,525,10500.000000000004,4200.000000000002,0.4
2021-01-20,1128299,5,31,2,25.0,375,9375.0,3750.0,0.4
2021-01-20,1128299,1,31,2,40.0,425,17000.0,5949.999999999999,0.35
2021-01-20,1128299,4,31,2,30.000000000000004,525,15750.000000000004,7875.000000000002,0.5
2021-02-18,1128299,3,31,2,30.000000000000004,775,23250.000000000004,9300.000000000002,0.4
2021-02-18,1128299,2,31,2,30.000000000000004,425,12750.000000000002,4462.5,0.35
2021-02-18,1128299,6,31,2,20.000000000000007,475,9500.000000000004,3800.0000000000014,0.4
2021-02-18,1128299,5,26,2,25.0,325,8125.0,3250.0,0.4
2021-02-18,1128299,1,26,2,40.0,400,16000.0,5600.0,0.35
2021-02-18,1128299,4,26,2,25.0,500,12500.0,6250.0,0.5
2021-03-16,1128299,3,26,2,25.0,720,18000.0,7200.0,0.4
2021-03-16,1128299,2,26,2,25.0,400,10000.0,3500.0,0.35
2021-03-16,1128299,6,26,2,15.000000000000002,425,6375.000000000001,2550.0000000000005,0.4
2021-03-16,1128299,5,26,2,19.999999999999996,275,5499.999999999999,2200.0,0.4
2021-03-16,1128299,1,26,2,35.00000000000001,325,11375.000000000004,3981.250000000001,0.35
2021-03-16,1128299,4,26,2,25.0,425,10625.0,5312.5,0.5
2021-04-17,1128299,3,26,2,25.0,675,16875.0,6750.0,0.4
2021-04-17,1128299,2,26,2,25.0,375,9375.0,3281.25,0.35
2021-04-17,1128299,6,26,2,15.000000000000002,375,5625.000000000001,2250.0000000000005,0.4
2021-04-17,1128299,5,26,2,19.999999999999996,300,5999.999999999999,2400.0,0.4
2021-04-17,1128299,1,26,2,40.0,325,13000.0,4550.0,0.35
2021-04-17,1128299,4,26,2,30.000000000000004,475,14250.000000000004,7125.000000000002,0.5
2021-05-16,1128299,3,26,2,40.0,745,29800.0,11920.0,0.4
2021-05-16,1128299,2,26,2,40.0,450,18000.0,6299.999999999999,0.35
2021-05-16,1128299,6,26,2,35.0,425,14875.0,5950.0,0.4
2021-05-16,1128299,5,26,2,35.0,375,13125.0,5250.0,0.4
2021-05-16,1128299,1,26,2,44.99999999999999,400,17999.999999999996,6299.999999999998,0.35
2021-05-16,1128299,4,26,2,49.99999999999999,500,24999.999999999996,12499.999999999998,0.5
2021-06-18,1128299,3,26,2,44.99999999999999,750,33749.99999999999,13499.999999999996,0.4
2021-06-18,1128299,2,26,2,40.0,500,20000.0,7000.0,0.35
2021-06-18,1128299,6,26,2,45.0,475,21375.0,8550.0,0.4
2021-06-18,1128299,5,26,2,45.0,450,20250.0,8100.0,0.4
2021-06-18,1128299,1,26,2,60.0,450,27000.0,9450.0,0.35
2021-06-18,1128299,4,26,2,65.0,625,40625.0,20312.5,0.5
2021-07-16,1128299,3,26,2,60.0,850,51000.0,20400.0,0.4
2021-10-14,1128299,4,53,2,30.000000000000004,300,9000.000000000002,3150.0000000000005,0.35
2021-11-13,1128299,3,53,2,25.00000000000001,450,11250.000000000004,3937.5000000000014,0.35
2021-11-13,1128299,2,53,2,15.000000000000014,275,4125.000000000004,1443.7500000000011,0.35
2021-11-13,1128299,6,53,2,25.000000000000018,220,5500.000000000004,1925.0000000000011,0.35
2021-11-13,1128299,5,53,2,55.000000000000014,275,15125.000000000004,5293.750000000001,0.35
2021-11-13,1128299,1,53,2,75.00000000000001,250,18750.000000000004,6562.5,0.35
2021-11-13,1128299,4,53,2,75.0,350,26250.0,9187.5,0.35
2021-12-12,1128299,3,53,2,70.0,600,42000.0,14700.0,0.35
2021-12-12,1128299,2,53,2,60.00000000000001,400,24000.000000000004,8400.0,0.35
2021-12-12,1128299,6,53,2,60.00000000000001,350,21000.000000000004,7350.0,0.35
2021-12-12,1128299,5,53,2,60.00000000000001,300,18000.000000000004,6300.000000000001,0.35
2021-12-12,1128299,1,53,2,70.0,300,21000.0,7350.0,0.35
2021-12-12,1128299,4,53,2,75.0,400,30000.0,10500.0,0.35
2021-01-12,1128299,3,53,2,40.0,475,19000.0,6650.0,0.35
2021-01-12,1128299,2,53,2,40.0,275,11000.0,3300.0,0.3
2021-01-12,1128299,6,53,2,30.000000000000004,275,8250.000000000002,2475.0000000000005,0.3
2021-01-12,1128299,5,53,2,35.0,125,4375.0,1312.5,0.3
2021-01-12,1128299,1,53,2,49.99999999999999,175,8749.999999999998,3062.499999999999,0.35
2021-01-12,1128299,4,53,2,40.0,275,11000.0,4400.0,0.4
2021-02-12,1128299,3,53,2,40.0,525,21000.0,7350.0,0.35
2021-02-12,1128299,2,53,2,40.0,175,7000.0,2100.0,0.3
2021-02-12,1128299,6,53,2,30.000000000000004,225,6750.000000000002,2025.0000000000005,0.3
2021-02-12,1128299,5,51,2,35.0,100,3500.0,1050.0,0.3
2021-02-12,1128299,1,51,2,49.99999999999999,175,8749.999999999998,3062.499999999999,0.35
2021-02-12,1128299,4,51,2,35.0,275,9625.0,3850.0,0.4
2021-03-11,1128299,3,51,2,40.0,495,19800.0,6930.0,0.35
2021-03-11,1128299,2,51,2,40.0,200,8000.0,2400.0,0.3
2021-03-11,1128299,6,51,2,30.000000000000004,225,6750.000000000002,2025.0000000000005,0.3
2021-03-11,1128299,5,51,2,35.0,75,2625.0,787.5,0.3
2021-03-11,1128299,1,51,2,50.0,125,6250.0,2187.5,0.35
2021-03-11,1128299,4,51,2,40.0,225,9000.0,3600.0,0.4
2021-04-12,1128299,3,51,2,40.0,450,18000.0,6299.999999999999,0.35
2021-04-12,1128299,2,51,2,40.0,150,6000.0,1800.0,0.3
2021-04-12,1128299,6,51,2,30.000000000000004,150,4500.000000000001,1350.0000000000002,0.3
2021-04-12,1128299,5,51,2,35.0,75,2625.0,787.5,0.3
2021-04-12,1128299,1,51,2,60.0,100,6000.0,2100.0,0.35
2021-04-12,1128299,4,51,2,50.0,225,11250.0,4500.0,0.4
2021-05-13,1128299,3,51,2,60.0,495,29700.0,10395.0,0.35
2021-05-13,1128299,2,51,2,50.0,200,10000.0,3000.0,0.3
2021-05-13,1128299,6,51,2,45.0,175,7875.0,2362.5,0.3
2021-05-13,1128299,5,51,2,45.0,100,4500.0,1350.0,0.3
2021-05-13,1128299,1,51,2,54.99999999999999,125,6874.999999999998,2406.249999999999,0.35
2021-05-13,1128299,4,51,2,60.0,250,15000.0,6000.0,0.4
2021-06-12,1128299,3,51,2,45.0,500,22500.0,7875.0,0.35
2021-06-12,1128299,2,51,2,40.00000000000001,250,10000.000000000002,3000.0000000000005,0.3
2021-06-12,1128299,6,51,2,35.0,200,7000.0,2100.0,0.3
2021-06-12,1128299,5,51,2,35.0,175,6125.0,1837.5,0.3
2021-06-12,1128299,1,51,2,45.0,175,7875.0,2756.25,0.35
2021-06-12,1128299,4,51,2,55.00000000000001,325,17875.000000000004,7150.000000000002,0.4
2021-07-11,1128299,3,51,2,50.0,550,27500.0,9625.0,0.35
2021-07-11,1128299,2,51,2,45.00000000000001,300,13500.000000000004,4050.000000000001,0.3
2021-07-11,1128299,6,51,2,40.0,225,9000.0,2700.0,0.3
2021-07-11,1128299,5,51,2,40.0,175,7000.0,2100.0,0.3
2021-07-11,1128299,1,51,2,50.0,200,10000.0,3500.0,0.35
2021-07-11,1128299,4,51,2,55.00000000000001,375,20625.000000000004,8250.000000000002,0.4
2021-08-12,1128299,3,51,2,50.0,525,26250.0,9187.5,0.35
2021-08-12,1128299,2,51,2,45.00000000000001,300,13500.000000000004,4050.000000000001,0.3
2021-08-12,1128299,6,51,2,40.0,225,9000.0,2700.0,0.3
2021-08-12,1128299,5,51,2,40.0,200,8000.0,2400.0,0.3
2021-08-12,1128299,1,51,2,50.0,175,8750.0,3062.4999999999995,0.35
2021-08-12,1128299,4,51,2,55.00000000000001,350,19250.000000000004,7700.000000000002,0.4
2021-09-13,1128299,3,51,2,45.0,475,21375.0,7481.25,0.35
2021-09-13,1128299,2,51,2,40.00000000000001,275,11000.000000000002,3300.0,0.3
2021-09-13,1128299,6,51,2,35.0,175,6125.0,1837.5,0.3
2021-09-13,1128299,5,51,2,35.0,150,5250.0,1575.0,0.3
2021-09-13,1128299,1,51,2,45.0,150,6750.0,2362.5,0.35
2021-09-13,1128299,4,51,2,50.0,225,11250.0,4500.0,0.4
2021-10-12,1128299,3,51,2,54.99999999999999,400,21999.999999999996,7699.999999999998,0.35
2021-10-12,1128299,2,51,2,45.0,250,11250.0,3375.0,0.3
2021-10-12,1128299,6,51,2,45.0,150,6750.0,2025.0,0.3
2021-10-12,1128299,5,51,2,45.0,125,5625.0,1687.5,0.3
2021-10-12,1128299,1,51,2,54.99999999999999,125,6874.999999999998,2406.249999999999,0.35
2021-10-09,1128299,4,21,1,54.999999999999986,250,13749.999999999996,5499.999999999999,0.4
2021-11-09,1128299,3,21,1,49.99999999999999,400,19999.999999999996,6999.999999999998,0.35
2021-11-09,1128299,2,21,1,40.0,250,10000.0,3000.0,0.3
2021-11-09,1128299,6,21,1,40.0,195,7800.0,2340.0,0.3
2021-11-09,1128299,5,21,1,40.0,175,7000.0,2100.0,0.3
2021-11-09,1128299,1,21,1,60.0,150,9000.0,3149.9999999999995,0.35
2021-11-09,1128299,4,21,1,64.99999999999999,250,16249.999999999996,6499.999999999999,0.4
2021-12-08,1128299,3,21,1,60.0,500,30000.0,10500.0,0.35
2021-12-08,1128299,2,21,1,50.0,300,15000.0,4500.0,0.3
2021-12-08,1128299,6,21,1,50.0,250,12500.0,3750.0,0.3
2021-12-08,1128299,5,21,1,50.0,200,10000.0,3000.0,0.3
2021-12-08,1128299,1,21,1,60.0,200,12000.0,4200.0,0.35
2021-12-08,1128299,4,21,1,64.99999999999999,300,19499.999999999996,7799.999999999998,0.4
2021-01-06,1128299,3,21,1,30.000000000000004,450,13500.000000000004,4050.000000000001,0.3
2021-01-06,1128299,2,21,1,30.000000000000004,250,7500.000000000002,2625.0000000000005,0.35
2021-01-06,1128299,6,21,1,20.000000000000007,250,5000.000000000002,1500.0000000000005,0.3
2021-01-06,1128299,5,21,1,25.000000000000007,100,2500.000000000001,750.0000000000002,0.3
2021-01-06,1128299,1,21,1,40.0,150,6000.0,3000.0,0.5
2021-01-06,1128299,4,21,1,30.000000000000004,250,7500.000000000002,3000.000000000001,0.4
2021-02-06,1128299,3,21,1,30.000000000000004,500,15000.000000000004,4500.000000000001,0.3
2021-02-06,1128299,2,21,1,30.000000000000004,150,4500.000000000001,1575.0000000000002,0.35
2021-02-06,1128299,6,21,1,20.000000000000007,200,4000.0000000000014,1200.0000000000005,0.3
2021-02-06,1128299,5,19,1,25.000000000000007,75,1875.0000000000005,562.5000000000001,0.3
2021-02-06,1128299,1,19,1,40.0,150,6000.0,3000.0,0.5
2021-02-06,1128299,4,19,1,14.999999999999996,250,3749.999999999999,1499.9999999999998,0.4
2021-03-05,1128299,3,19,1,20.000000000000004,470,9400.000000000002,2820.0000000000005,0.3
2021-03-05,1128299,2,19,1,20.000000000000004,175,3500.000000000001,1225.0000000000002,0.35
2021-03-05,1128299,6,19,1,10.000000000000004,225,2250.000000000001,675.0000000000002,0.3
2021-03-05,1128299,5,19,1,14.999999999999996,100,1499.9999999999995,449.9999999999999,0.3
2021-03-05,1128299,1,19,1,30.000000000000004,150,4500.000000000001,2250.0000000000005,0.5
2021-03-05,1128299,4,19,1,20.000000000000004,250,5000.000000000001,2000.0000000000005,0.4
2021-04-06,1128299,3,19,1,20.000000000000004,475,9500.000000000002,2850.0000000000005,0.3
2021-04-06,1128299,2,19,1,20.000000000000004,175,3500.000000000001,1225.0000000000002,0.35
2021-04-06,1128299,6,19,1,10.000000000000004,175,1750.0000000000007,525.0000000000002,0.3
2021-04-06,1128299,5,19,1,14.999999999999996,100,1499.9999999999995,449.9999999999999,0.3
2021-04-06,1128299,1,19,1,60.0,125,7500.0,3750.0,0.5
2021-04-06,1128299,4,19,1,50.0,250,12500.0,5000.0,0.4
2021-05-07,1128299,3,19,1,60.0,520,31200.0,9360.0,0.3
2021-05-07,1128299,2,19,1,40.0,225,9000.0,3149.9999999999995,0.35
2021-05-07,1128299,6,19,1,35.0,200,7000.0,2100.0,0.3
2021-05-07,1128299,5,19,1,35.0,125,4375.0,1312.5,0.3
2021-05-07,1128299,1,19,1,44.99999999999999,150,6749.999999999998,3374.999999999999,0.5
2021-05-07,1128299,4,19,1,49.99999999999999,275,13749.999999999996,5499.999999999999,0.4
2021-06-06,1128299,3,19,1,35.0,525,18375.0,5512.5,0.3
2021-06-06,1128299,2,19,1,30.00000000000001,275,8250.000000000004,2887.500000000001,0.35
2021-06-06,1128299,6,19,1,25.000000000000007,200,5000.000000000002,1500.0000000000005,0.3
2021-06-06,1128299,5,19,1,25.000000000000007,175,4375.000000000002,1312.5000000000005,0.3
2021-06-06,1128299,1,19,1,35.0,175,6125.0,3062.5,0.5
2021-06-06,1128299,4,19,1,55.00000000000001,325,17875.000000000004,7150.000000000002,0.4
2021-07-05,1128299,3,19,1,50.0,550,27500.0,8250.0,0.3
2021-07-05,1128299,2,19,1,45.00000000000001,300,13500.000000000004,4725.000000000001,0.35
2021-07-05,1128299,6,19,1,40.0,225,9000.0,2700.0,0.3
2021-07-05,1128299,5,19,1,40.0,175,7000.0,2100.0,0.3
2021-07-05,1128299,1,19,1,50.0,200,10000.0,5000.0,0.5
2021-07-05,1128299,4,19,1,55.00000000000001,375,20625.000000000004,8250.000000000002,0.4
2021-08-06,1128299,3,19,1,50.0,525,26250.0,7875.0,0.3
2021-08-06,1128299,2,19,1,45.00000000000001,300,13500.000000000004,4725.000000000001,0.35
2021-08-06,1128299,6,19,1,40.0,225,9000.0,2700.0,0.3
2021-08-06,1128299,5,19,1,40.0,200,8000.0,2400.0,0.3
2021-08-06,1128299,1,19,1,50.0,175,8750.0,4375.0,0.5
2021-08-06,1128299,4,19,1,55.00000000000001,350,19250.000000000004,7700.000000000002,0.4
2021-09-07,1128299,3,19,1,35.0,475,16625.0,4987.5,0.3
2021-09-07,1128299,2,19,1,30.00000000000001,275,8250.000000000004,2887.500000000001,0.35
2021-09-07,1128299,6,19,1,25.000000000000007,175,4375.000000000002,1312.5000000000005,0.3
2021-09-07,1128299,5,19,1,25.000000000000007,150,3750.000000000001,1125.0000000000002,0.3
2021-09-07,1128299,1,19,1,35.0,150,5250.0,2625.0,0.5
2021-09-07,1128299,4,19,1,40.0,225,9000.0,3600.0,0.4
2021-10-06,1128299,3,19,1,44.99999999999999,400,17999.999999999996,5399.999999999999,0.3
2021-10-06,1128299,2,19,1,35.0,250,8750.0,3062.4999999999995,0.35
2021-10-06,1128299,6,19,1,35.0,150,5250.0,1575.0,0.3
2021-10-06,1128299,5,19,1,35.0,125,4375.0,1312.5,0.3
2021-10-06,1128299,1,19,1,44.99999999999999,125,5624.999999999999,2812.4999999999995,0.5
2021-10-17,1128299,4,12,1,49.999999999999986,300,14999.999999999996,5999.999999999999,0.4
2021-11-17,1128299,3,12,1,44.99999999999999,450,20249.999999999996,8100.0,0.4
2021-11-17,1128299,2,12,1,35.0,350,12250.0,4900.0,0.4
2021-11-17,1128299,6,12,1,35.0,295,10325.0,4130.0,0.4
2021-11-17,1128299,5,12,1,40.0,325,13000.0,5200.0,0.4
2021-11-17,1128299,1,12,1,65.0,300,19500.0,7800.0,0.4
2021-11-17,1128299,4,12,1,70.0,400,28000.0,11200.0,0.4
2021-12-16,1128299,3,12,1,65.0,650,42250.0,16900.0,0.4
2021-12-16,1128299,2,12,1,55.00000000000001,450,24750.000000000004,9900.000000000002,0.4
2021-12-16,1128299,5,12,1,55.00000000000001,350,19250.000000000004,7700.000000000002,0.4
2021-12-16,1128299,1,12,1,65.0,350,22750.0,9100.0,0.4
2021-12-16,1128299,4,12,1,70.0,450,31500.0,12600.0,0.4
2021-01-24,1128299,3,12,1,35.0,425,14875.0,5950.0,0.4
2021-01-24,1128299,2,12,1,35.0,225,7875.0,2756.25,0.35
2021-01-24,1128299,6,12,1,25.000000000000007,225,5625.000000000002,1968.7500000000005,0.35
2021-01-24,1128299,5,12,1,30.0,75,2250.0,787.4999999999999,0.35
2021-01-24,1128299,1,12,1,45.0,125,5625.0,1687.5,0.3
2021-01-24,1128299,4,12,1,35.0,225,7875.0,2362.5,0.3
2021-02-22,1128299,3,12,1,35.0,475,16625.0,6650.0,0.4
2021-06-22,1128299,6,5,1,40.0,175,7000.0,2450.0,0.35
2021-06-22,1128299,5,5,1,40.0,150,6000.0,2100.0,0.35
2021-06-22,1128299,1,5,1,49.99999999999999,150,7499.999999999998,2249.9999999999995,0.3
2021-06-22,1128299,4,5,1,54.99999999999999,300,16499.999999999996,4949.999999999999,0.3
2021-07-20,1128299,3,5,1,49.99999999999999,525,26249.999999999993,10499.999999999998,0.4
2021-10-22,1128299,5,5,1,50.0,75,3750.0,1312.5,0.35
2021-10-22,1128299,1,5,1,60.0,75,4500.0,1350.0,0.3
2021-10-22,1128299,4,5,1,64.99999999999999,200,12999.999999999996,3899.999999999999,0.3
2021-11-21,1128299,3,5,1,60.0,350,21000.0,8400.0,0.4
2021-11-21,1128299,2,5,1,50.0,175,8750.0,3062.4999999999995,0.35
2021-11-21,1128299,6,5,1,50.0,170,8500.0,2974.9999999999995,0.35
2021-11-21,1128299,5,5,1,50.0,150,7500.0,2625.0,0.35
2021-11-21,1128299,1,5,1,60.0,125,7500.0,2250.0,0.3
2021-11-21,1128299,4,5,1,64.99999999999999,225,14624.999999999996,4387.499999999999,0.3
2021-12-20,1128299,3,5,1,60.0,450,27000.0,10800.0,0.4
2021-12-20,1128299,2,5,1,50.0,250,12500.0,4375.0,0.35
2021-12-20,1128299,6,5,1,50.0,225,11250.0,3937.5,0.35
2021-12-20,1128299,5,5,1,50.0,175,8750.0,3062.4999999999995,0.35
2021-12-20,1128299,1,5,1,60.0,175,10500.0,3150.0,0.3
2021-12-20,1128299,4,5,1,64.99999999999999,275,17874.999999999996,5362.499999999999,0.3
2021-01-17,1128299,3,5,1,40.0,525,21000.0,7350.0,0.35
2021-01-17,1128299,2,5,1,40.0,325,13000.0,4550.0,0.35
2021-01-17,1128299,6,5,1,30.000000000000004,325,9750.000000000002,3900.000000000001,0.4
2021-01-17,1128299,5,5,1,35.0,175,6125.0,2450.0,0.4
2021-01-17,1128299,1,5,1,50.0,225,11250.0,3375.0,0.3
2021-01-17,1128299,4,5,1,40.0,325,13000.0,5200.0,0.4
2021-02-15,1128299,3,5,1,40.0,575,23000.0,8050.0,0.35
2021-02-15,1128299,2,5,1,40.0,225,9000.0,3149.9999999999995,0.35
2021-02-15,1128299,6,5,1,30.000000000000004,275,8250.000000000002,3300.000000000001,0.4
2021-02-15,1128299,5,54,1,35.0,150,5250.0,2100.0,0.4
2021-02-15,1128299,1,54,1,50.0,225,11250.0,3375.0,0.3
2021-02-15,1128299,4,54,1,40.0,325,13000.0,5200.0,0.4
2021-03-13,1128299,3,54,1,40.0,545,21800.0,7630.0,0.35
2021-03-13,1128299,2,54,1,40.0,250,10000.0,3500.0,0.35
2021-03-13,1128299,6,54,1,30.000000000000004,275,8250.000000000002,3300.000000000001,0.4
2021-03-13,1128299,5,54,1,35.0,125,4375.0,1750.0,0.4
2021-03-13,1128299,1,54,1,50.0,175,8750.0,2625.0,0.3
2021-03-13,1128299,4,54,1,40.0,275,11000.0,4400.0,0.4
2021-04-14,1128299,3,54,1,40.0,525,21000.0,7350.0,0.35
2021-04-14,1128299,2,54,1,40.0,225,9000.0,3149.9999999999995,0.35
2021-04-14,1128299,6,54,1,30.000000000000004,225,6750.000000000002,2700.000000000001,0.4
2021-04-14,1128299,5,54,1,35.0,150,5250.0,2100.0,0.4
2021-04-14,1128299,1,54,1,50.0,150,7500.0,2250.0,0.3
2021-04-14,1128299,4,54,1,40.0,300,12000.0,4800.0,0.4
2021-05-13,1128299,3,54,1,54.99999999999999,570,31349.999999999993,10972.499999999996,0.35
2021-05-13,1128299,2,54,1,50.0,275,13750.0,4812.5,0.35
2021-05-13,1128299,6,54,1,45.0,300,13500.0,5400.0,0.4
2021-05-13,1128299,5,54,1,45.0,250,11250.0,4500.0,0.4
2021-05-13,1128299,1,54,1,54.99999999999999,275,15124.999999999996,4537.499999999999,0.3
2021-05-13,1128299,4,54,1,60.0,400,24000.0,9600.0,0.4
2021-06-15,1128299,3,54,1,54.99999999999999,650,35749.99999999999,12512.499999999996,0.35
2021-06-15,1128299,2,54,1,50.0,400,20000.0,7000.0,0.35
2021-06-15,1128299,6,54,1,45.0,325,14625.0,5850.0,0.4
2021-06-15,1128299,5,54,1,45.0,300,13500.0,5400.0,0.4
2021-06-15,1128299,1,54,1,54.99999999999999,300,16499.999999999996,4949.999999999999,0.3
2021-06-15,1128299,4,54,1,60.0,450,27000.0,10800.0,0.4
2021-07-13,1128299,3,54,1,54.99999999999999,675,37124.99999999999,12993.749999999996,0.35
2021-07-13,1128299,2,54,1,50.0,425,21250.0,7437.5,0.35
2021-07-13,1128299,6,54,1,45.0,350,15750.0,6300.0,0.4
2021-07-13,1128299,5,54,1,45.0,300,13500.0,5400.0,0.4
2021-07-13,1128299,1,54,1,54.99999999999999,325,17874.999999999996,5362.499999999999,0.3
2021-07-13,1128299,4,54,1,60.0,500,30000.0,12000.0,0.4
2021-08-14,1128299,3,54,1,54.99999999999999,650,35749.99999999999,12512.499999999996,0.35
2021-08-14,1128299,2,54,1,50.0,425,21250.0,7437.5,0.35
2021-08-14,1128299,6,54,1,45.0,350,15750.0,6300.0,0.4
2021-08-14,1128299,5,54,1,45.0,250,11250.0,4500.0,0.4
2021-08-14,1128299,1,54,1,54.99999999999999,225,12374.999999999998,3712.499999999999,0.3
2021-08-14,1128299,4,54,1,60.0,400,24000.0,9600.0,0.4
2021-09-13,1128299,3,54,1,54.99999999999999,525,28874.999999999993,10106.249999999996,0.35
2021-09-13,1128299,2,54,1,50.0,325,16250.0,5687.5,0.35
2021-09-13,1128299,6,54,1,45.0,225,10125.0,4050.0,0.4
2021-09-13,1128299,5,54,1,45.0,200,9000.0,3600.0,0.4
2021-09-13,1128299,1,54,1,54.99999999999999,200,10999.999999999998,3299.999999999999,0.3
2021-09-13,1128299,4,54,1,60.0,300,18000.0,7200.0,0.4
2021-10-15,1128299,3,54,1,60.0,475,28500.0,9975.0,0.35
2021-10-15,1128299,2,54,1,55.00000000000001,300,16500.000000000004,5775.000000000001,0.35
2021-10-15,1128299,6,54,1,55.00000000000001,200,11000.000000000002,4400.000000000001,0.4
2021-10-15,1128299,5,54,1,55.00000000000001,175,9625.000000000002,3850.000000000001,0.4
2021-10-15,1128299,1,54,1,65.0,175,11375.0,3412.5,0.3
2021-10-05,1128299,4,22,1,70.0,275,19250.0,6737.5,0.35
2021-11-04,1128299,3,22,1,65.0,425,27625.0,11050.0,0.4
2021-11-04,1128299,2,22,1,55.00000000000001,300,16500.000000000004,6600.000000000002,0.4
2021-11-04,1128299,6,22,1,55.00000000000001,295,16225.000000000004,4867.500000000001,0.3
2021-11-04,1128299,5,22,1,55.00000000000001,275,15125.000000000004,4537.500000000001,0.3
2021-11-04,1128299,1,22,1,65.0,250,16250.0,4875.0,0.3
2021-11-04,1128299,4,22,1,70.0,350,24500.0,8575.0,0.35
2021-12-03,1128299,3,22,1,65.0,575,37375.0,14950.0,0.4
2021-12-03,1128299,2,22,1,55.00000000000001,375,20625.000000000004,8250.000000000002,0.4
2021-12-03,1128299,6,22,1,55.00000000000001,350,19250.000000000004,5775.000000000001,0.3
2021-12-03,1128299,5,22,1,55.00000000000001,300,16500.000000000004,4950.000000000001,0.3
2021-12-03,1128299,1,22,1,65.0,300,19500.0,5850.0,0.3
2021-12-03,1128299,4,22,1,70.0,400,28000.0,9800.0,0.35
2021-01-10,1128299,3,22,1,35.0,425,14875.0,5206.25,0.35
2021-01-10,1128299,2,22,1,35.0,225,7875.0,2756.25,0.35
2021-01-10,1128299,6,22,1,25.000000000000007,225,5625.000000000002,2250.000000000001,0.4
2021-01-10,1128299,5,22,1,30.0,75,2250.0,900.0,0.4
2021-01-10,1128299,1,22,1,45.0,125,5625.0,1687.5,0.3
2021-01-10,1128299,4,22,1,35.0,225,7875.0,3150.0,0.4
2021-02-08,1128299,3,22,1,35.0,475,16625.0,5818.749999999999,0.35
2021-02-08,1128299,2,22,1,35.0,125,4375.0,1531.2499999999998,0.35
2021-02-08,1128299,6,22,1,25.000000000000007,175,4375.000000000002,1750.0000000000007,0.4
2021-02-08,1128299,5,46,1,30.0,50,1500.0,600.0,0.4
2021-02-08,1128299,1,46,1,45.0,125,5625.0,1687.5,0.3
2021-02-08,1128299,4,46,1,35.0,225,7875.0,3150.0,0.4
2021-03-06,1128299,3,46,1,35.0,445,15575.0,5451.25,0.35
2021-03-06,1128299,2,46,1,35.0,150,5250.0,1837.5,0.35
2021-03-06,1128299,6,46,1,25.000000000000007,175,4375.000000000002,1750.0000000000007,0.4
2021-03-06,1128299,5,46,1,30.0,25,750.0,300.0,0.4
2021-03-06,1128299,1,46,1,45.0,75,3375.0,1012.5,0.3
2021-03-06,1128299,4,46,1,35.0,175,6125.0,2450.0,0.4
2021-04-07,1128299,3,46,1,35.0,425,14875.0,5206.25,0.35
2021-04-07,1128299,2,46,1,35.0,125,4375.0,1531.2499999999998,0.35
2021-04-07,1128299,6,46,1,25.000000000000007,125,3125.000000000001,1250.0000000000005,0.4
2021-04-07,1128299,5,46,1,30.0,50,1500.0,600.0,0.4
2021-04-07,1128299,1,46,1,45.0,50,2250.0,675.0,0.3
2021-04-07,1128299,4,46,1,35.0,200,7000.0,2800.0,0.4
2021-05-06,1128299,3,46,1,49.99999999999999,470,23499.999999999996,8224.999999999998,0.35
2021-05-06,1128299,2,46,1,45.0,175,7875.0,2756.25,0.35
2021-05-06,1128299,6,46,1,40.0,200,8000.0,3200.0,0.4
2021-05-06,1128299,5,46,1,40.0,150,6000.0,2400.0,0.4
2021-05-06,1128299,1,46,1,49.99999999999999,175,8749.999999999998,2624.9999999999995,0.3
2021-05-06,1128299,4,46,1,54.99999999999999,300,16499.999999999996,6599.999999999998,0.4
2021-06-08,1128299,3,46,1,49.99999999999999,550,27499.999999999993,9624.999999999996,0.35
2021-06-08,1128299,2,46,1,45.0,300,13500.0,4725.0,0.35
2021-06-08,1128299,6,46,1,40.0,225,9000.0,3600.0,0.4
2021-06-08,1128299,5,46,1,40.0,200,8000.0,3200.0,0.4
2021-06-08,1128299,1,46,1,49.99999999999999,200,9999.999999999998,2999.999999999999,0.3
2021-06-08,1128299,4,46,1,54.99999999999999,350,19249.999999999996,7699.999999999998,0.4
2021-07-06,1128299,3,46,1,49.99999999999999,575,28749.999999999993,10062.499999999996,0.35
2021-07-06,1128299,2,46,1,45.0,325,14625.0,5118.75,0.35
2021-07-06,1128299,6,46,1,40.0,250,10000.0,4000.0,0.4
2021-07-06,1128299,5,46,1,40.0,200,8000.0,3200.0,0.4
2021-07-06,1128299,1,46,1,49.99999999999999,225,11249.999999999998,3374.999999999999,0.3
2021-07-06,1128299,4,46,1,54.99999999999999,400,21999.999999999996,8800.0,0.4
2021-08-07,1128299,3,46,1,49.99999999999999,550,27499.999999999993,9624.999999999996,0.35
2021-08-07,1128299,2,46,1,45.0,325,14625.0,5118.75,0.35
2021-08-07,1128299,6,46,1,40.0,250,10000.0,4000.0,0.4
2021-08-07,1128299,5,46,1,40.0,150,6000.0,2400.0,0.4
2021-08-07,1128299,1,46,1,49.99999999999999,125,6249.999999999999,1874.9999999999995,0.3
2021-08-07,1128299,4,46,1,54.99999999999999,300,16499.999999999996,6599.999999999998,0.4
2021-09-06,1128299,3,46,1,49.99999999999999,425,21249.999999999996,7437.499999999998,0.35
2021-09-06,1128299,2,46,1,45.0,225,10125.0,3543.75,0.35
2021-09-06,1128299,6,46,1,40.0,125,5000.0,2000.0,0.4
2021-09-06,1128299,5,46,1,40.0,100,4000.0,1600.0,0.4
2021-09-06,1128299,1,46,1,49.99999999999999,100,4999.999999999999,1499.9999999999995,0.3
2021-09-06,1128299,4,46,1,54.99999999999999,200,10999.999999999998,4400.0,0.4
2021-10-08,1128299,3,46,1,54.99999999999999,375,20624.999999999996,7218.749999999998,0.35
2021-10-08,1128299,2,46,1,50.0,200,10000.0,3500.0,0.35
2021-10-08,1128299,6,46,1,50.0,100,5000.0,2000.0,0.4
2021-10-08,1128299,5,46,1,50.0,75,3750.0,1500.0,0.4
2021-10-08,1128299,1,46,1,60.0,75,4500.0,1350.0,0.3
2021-10-19,1128299,3,32,3,70.0,475,33250.0,13300.0,0.4
2021-10-19,1128299,2,32,3,65.00000000000001,300,19500.000000000004,7800.000000000002,0.4
2021-10-19,1128299,6,32,3,65.00000000000001,200,13000.000000000004,3900.000000000001,0.3
2021-10-19,1128299,5,32,3,65.00000000000001,175,11375.000000000004,3412.500000000001,0.3
2021-10-19,1128299,1,32,3,75.00000000000001,175,13125.000000000004,3937.500000000001,0.3
2021-10-19,1128299,4,32,3,80.0,300,24000.0,8400.0,0.35
2021-11-18,1128299,3,32,3,75.00000000000001,450,33750.00000000001,13500.000000000004,0.4
2021-11-18,1128299,2,32,3,65.00000000000001,325,21125.000000000007,8450.000000000004,0.4
2021-11-18,1128299,6,32,3,65.00000000000001,345,22425.000000000007,6727.500000000002,0.3
2021-11-18,1128299,5,32,3,65.00000000000001,325,21125.000000000007,6337.500000000002,0.3
2021-11-18,1128299,1,32,3,75.00000000000001,300,22500.000000000004,6750.0,0.3
2021-11-18,1128299,4,32,3,80.0,400,32000.0,11200.0,0.35
2021-12-17,1128299,3,32,3,75.00000000000001,625,46875.000000000015,18750.000000000007,0.4
2021-12-17,1128299,2,32,3,65.00000000000001,425,27625.000000000007,11050.000000000004,0.4
2021-12-17,1128299,6,32,3,65.00000000000001,400,26000.000000000007,7800.000000000002,0.3
2021-12-17,1128299,5,32,3,65.00000000000001,350,22750.000000000007,6825.000000000002,0.3
2021-12-17,1128299,1,32,3,75.00000000000001,350,26250.000000000007,7875.000000000002,0.3
2021-12-17,1128299,4,32,3,80.0,450,36000.0,12599.999999999998,0.35
2021-01-24,1128299,3,32,3,55.00000000000001,500,27500.000000000007,9625.000000000004,0.35000000000000003
2021-01-24,1128299,2,32,3,55.00000000000001,300,16500.000000000004,5775.000000000002,0.35000000000000003
2021-01-24,1128299,6,32,3,45.0,300,13500.0,3375.0,0.25
2021-01-24,1128299,5,32,3,49.99999999999999,150,7499.999999999998,1874.9999999999995,0.25
2021-01-24,1128299,1,32,3,65.00000000000001,200,13000.000000000004,3250.000000000001,0.25
2021-01-24,1128299,4,32,3,55.00000000000001,300,16500.000000000004,4950.000000000001,0.3
2021-02-22,1128299,3,32,3,55.00000000000001,575,31625.000000000007,11068.750000000004,0.35000000000000003
2021-02-22,1128299,2,32,3,55.00000000000001,225,12375.000000000002,4331.250000000001,0.35000000000000003
2021-02-22,1128299,6,32,3,45.0,275,12375.0,3093.75,0.25
2020-01-01,1128299,3,37,2,47.0,336,1579.2,963.3119999999999,0.61
2020-01-02,1128299,2,37,2,47.0,260,1222.0,513.24,0.42
2020-01-03,1128299,6,37,2,36.0,250,900.0,414.0,0.45999999999999996
2020-01-04,1128299,5,37,2,41.0,247,1012.7,465.842,0.45999999999999996
2020-01-05,1128299,1,37,2,55.0,234,1287.0,514.8,0.4
2020-01-06,1128299,4,37,2,46.0,260,1196.0,442.52,0.37
2020-01-07,1128299,3,37,2,46.0,313,1439.8,892.676,0.62
2020-01-08,1128299,2,37,2,46.0,261,1200.6,528.264,0.44
2020-01-21,1128299,6,37,2,36.0,276,993.6,466.992,0.47
2020-01-22,1128299,5,37,2,44.0,206,906.4,444.13599999999997,0.49
2020-01-23,1128299,1,37,2,58.0,243,1409.4,606.042,0.43
2020-01-24,1128299,4,37,2,48.0,290,1392.0,528.96,0.38
2020-01-25,1128299,3,37,2,46.0,354,1628.4,1025.892,0.63
2020-01-26,1128299,2,37,2,48.0,259,1243.2,534.576,0.43
2020-01-27,1128299,6,37,2,39.0,247,963.3,472.017,0.49
2020-01-28,1128299,5,37,2,43.0,216,928.8,464.4,0.5
2020-01-29,1128299,1,37,2,59.0,230,1357.0,569.9399999999999,0.42
2020-01-30,1128299,4,37,2,45.0,238,1071.0,374.84999999999997,0.35
2020-01-31,1128299,3,37,2,45.0,300,1350.0,837.0,0.62
2020-02-01,1128299,2,37,2,47.0,234,1099.8,450.91799999999995,0.41
2020-02-02,1128299,6,37,2,39.0,252,982.8,491.4,0.5
2020-02-03,1128299,5,37,2,41.0,239,979.9,480.151,0.49
2020-02-04,1128299,1,37,2,56.0,215,1204.0,505.68,0.42
2020-02-05,1128299,4,37,2,49.0,238,1166.2,431.49399999999997,0.37
2020-02-06,1128299,3,37,2,54.0,317,1711.8,1095.5520000000001,0.64
2020-02-07,1128299,2,37,2,50.0,259,1295.0,518.0,0.4
2020-02-08,1128299,6,37,2,46.0,261,1200.6,564.2819999999999,0.47
2020-02-09,1128299,5,37,2,46.0,230,1058.0,507.84,0.48
2020-02-10,1128299,1,37,2,59.0,245,1445.5,650.4749999999999,0.44999999999999996
2020-03-03,1128299,4,37,2,59.0,290,1711.0,615.9599999999999,0.36
2020-03-04,1128299,3,37,2,55.0,313,1721.5,1050.115,0.61
2020-03-05,1128299,2,37,2,54.0,270,1458.0,597.78,0.41
2020-03-06,1128299,6,37,2,46.0,278,1278.8,613.824,0.48
2020-03-07,1128299,5,37,2,47.0,261,1226.7,552.015,0.44999999999999996
2020-03-08,1128299,1,37,2,55.0,252,1386.0,623.6999999999999,0.44999999999999996
2020-03-09,1128299,4,37,2,64.0,305,1952.0,761.28,0.39
2020-03-10,1128299,3,37,2,59.0,319,1882.1,1129.26,0.6
2020-03-11,1128299,2,37,2,53.0,267,1415.1,594.342,0.42
2020-03-12,1128299,6,37,2,46.0,247,1136.2,511.28999999999996,0.44999999999999996
2020-03-13,1128299,5,37,2,46.0,243,1117.8,514.1879999999999,0.45999999999999996
2020-03-14,1128299,1,37,2,58.0,231,1339.8,576.114,0.43
2020-03-15,1128299,4,37,2,61.0,286,1744.6,697.84,0.4
2020-03-16,1128299,3,37,2,58.0,325,1885.0,1149.85,0.61
2020-03-17,1128299,2,37,2,53.0,308,1632.4,669.2839999999999,0.41
2020-03-18,1128299,6,37,2,45.0,257,1156.5,531.99,0.45999999999999996
2020-03-31,1128299,5,37,2,47.0,241,1132.7,532.3689999999999,0.47
2021-05-31,1128299,3,30,2,44.0,124,545.6,283.712,0.52
2021-06-01,1128299,2,30,2,41.0,77,315.7,145.22199999999998,0.45999999999999996
2021-06-02,1128299,6,30,2,32.0,83,265.6,124.832,0.47
2021-06-03,1128299,5,30,2,37.0,34,125.8,65.416,0.52
2021-06-04,1128299,1,15,2,53.0,47,249.1,122.059,0.49
2021-06-05,1128299,4,15,2,41.0,69,282.9,169.73999999999998,0.6
2021-06-06,1128299,3,15,2,44.0,158,695.2,354.552,0.51
2021-06-07,1128299,2,15,2,43.0,51,219.3,103.071,0.47
2021-06-08,1128299,6,15,2,32.0,61,195.2,89.792,0.45999999999999996
2021-06-09,1128299,5,15,2,39.0,28,109.2,57.876,0.53
2021-06-10,1128299,1,15,2,50.0,44,220.0,103.4,0.47
2021-06-11,1128299,4,15,2,43.0,77,331.1,215.215,0.65
2021-06-12,1128299,3,15,2,47.0,144,676.8,372.24,0.55
2021-06-13,1128299,2,15,2,46.0,60,276.0,132.48,0.48
2021-06-14,1128299,6,15,2,37.0,68,251.6,113.21999999999998,0.44999999999999996
2021-06-15,1128299,5,15,2,41.0,19,77.9,41.287,0.53
2021-06-16,1128299,1,15,2,56.0,38,212.8,100.01599999999999,0.47
2021-06-17,1128299,4,15,2,45.0,63,283.5,178.605,0.63
2021-06-18,1128299,3,15,2,48.0,122,585.6,304.512,0.52
2021-06-19,1128299,2,15,2,48.0,44,211.2,97.152,0.45999999999999996
2021-06-20,1128299,6,15,2,36.0,42,151.2,72.576,0.48
2021-06-21,1128299,5,15,2,44.0,20,88.0,44.0,0.5
2021-06-22,1128299,1,15,2,54.0,28,151.2,71.064,0.47
2021-06-23,1128299,4,15,2,49.0,65,318.5,191.1,0.6
2021-06-24,1128299,3,15,2,58.0,134,777.2,419.688,0.54
2021-06-25,1128299,2,15,2,53.0,54,286.2,128.79,0.44999999999999996
2021-06-26,1128299,6,15,2,49.0,44,215.6,99.17599999999999,0.45999999999999996
2021-06-27,1128299,5,15,2,48.0,28,134.4,71.232,0.53
2021-06-28,1128299,1,15,2,59.0,35,206.5,94.99,0.45999999999999996
2021-06-29,1128299,4,15,2,64.0,63,403.2,241.92,0.6
2021-06-30,1128299,3,15,2,46.0,135,621.0,341.55000000000007,0.55
2021-07-01,1128299,2,15,2,43.0,63,270.9,121.905,0.44999999999999996
2021-07-02,1128299,6,15,2,39.0,54,210.6,94.77,0.44999999999999996
2021-07-03,1128299,5,15,2,38.0,47,178.6,94.658,0.53
2021-07-04,1128299,1,15,2,46.0,51,234.6,117.3,0.5
2021-07-05,1128299,4,15,2,51.0,105,535.5,337.365,0.63
2021-07-06,1128299,3,15,2,47.0,161,756.7,393.48400000000004,0.52
2021-07-07,1128299,2,15,2,43.0,81,348.3,156.73499999999999,0.44999999999999996
2021-07-08,1128299,6,15,2,36.0,65,234.0,105.3,0.44999999999999996
2021-07-09,1128299,5,15,2,39.0,50,195.0,105.3,0.54
2021-07-10,1128299,1,15,2,47.0,56,263.2,121.07199999999997,0.45999999999999996
2021-07-11,1128299,4,15,2,54.0,120,648.0,395.28,0.61
2021-07-12,1128299,3,15,2,49.0,149,730.1,372.351,0.51
2021-07-13,1128299,2,15,2,41.0,94,385.4,177.284,0.45999999999999996
2021-07-14,1128299,6,15,2,38.0,75,285.0,139.65,0.49
2021-07-15,1128299,5,15,2,37.0,63,233.1,116.55,0.5
2021-07-16,1128299,1,15,2,49.0,50,245.0,122.5,0.5
2021-07-17,1128299,4,15,2,50.0,94,470.0,305.5,0.65
2021-07-18,1128299,3,15,2,47.0,135,634.5,317.25,0.5
2021-07-19,1128299,2,15,2,41.0,84,344.4,168.756,0.49
2021-07-20,1128299,6,15,2,36.0,60,216.0,101.52,0.47
2021-07-21,1128299,5,15,2,36.0,44,158.4,83.95200000000001,0.53
2021-07-22,1128299,1,15,2,49.0,49,240.1,110.44599999999998,0.45999999999999996
2021-07-23,1128299,4,15,2,53.0,73,386.9,247.61599999999999,0.64
2021-07-24,1128299,3,15,2,56.0,115,644.0,354.20000000000005,0.55
2021-07-25,1128299,2,15,2,49.0,75,367.5,180.075,0.49
2021-07-26,1128299,6,15,2,48.0,39,187.2,84.23999999999998,0.44999999999999996
2021-07-27,1128299,5,15,2,47.0,33,155.1,79.101,0.51
2021-07-28,1128299,1,15,2,56.0,33,184.8,86.856,0.47
2021-07-29,1128299,4,15,2,60.0,65,390.0,234.0,0.6
2021-07-30,1128299,3,15,2,55.0,112,616.0,332.64,0.54
2021-07-31,1128299,2,15,2,46.0,65,299.0,140.53,0.47
2021-08-01,1128299,6,15,2,48.0,49,235.2,110.54399999999998,0.47
2021-08-02,1128299,5,15,2,46.0,53,243.8,129.214,0.53
2021-08-03,1128299,1,15,2,56.0,41,229.6,114.8,0.5
2021-08-04,1128299,4,15,2,61.0,65,396.5,237.9,0.6
2021-08-05,1128299,3,15,2,57.0,150,855.0,470.25,0.55
2021-08-06,1128299,2,15,2,46.0,75,345.0,165.6,0.48
2021-08-07,1128299,6,15,2,46.0,75,345.0,169.05,0.49
2021-08-08,1128299,5,15,2,49.0,54,264.6,140.238,0.53
2021-08-09,1128299,1,15,2,59.0,58,342.2,153.98999999999998,0.44999999999999996
2021-08-10,1128299,4,15,2,64.0,81,518.4,326.592,0.63
2021-10-22,1128299,3,17,2,44.0,111,488.4,341.88,0.7000000000000001
2021-10-23,1128299,2,17,2,41.0,68,278.8,131.036,0.47
2021-10-24,1128299,6,17,2,33.0,56,184.8,94.248,0.51
2021-10-25,1128299,5,17,2,38.0,19,72.2,36.822,0.51
2021-10-26,1128299,1,42,2,54.0,36,194.4,87.47999999999999,0.44999999999999996
2021-10-27,1128299,4,42,2,43.0,61,262.3,115.412,0.44
2021-10-28,1128299,3,42,2,42.0,119,499.8,334.86600000000004,0.67
2021-10-29,1128299,2,42,2,44.0,35,154.0,73.91999999999999,0.48
2021-10-30,1128299,6,42,2,34.0,46,156.4,81.328,0.52
2021-10-31,1128299,5,42,2,39.0,13,50.7,26.363999999999997,0.52
2021-11-01,1128299,1,42,2,51.0,36,183.6,84.45599999999999,0.45999999999999996
2021-11-02,1128299,4,42,2,44.0,68,299.2,134.64,0.44999999999999996
2021-11-03,1128299,3,42,2,49.0,120,588.0,411.6,0.7000000000000001
2021-11-04,1128299,2,42,2,47.0,38,178.6,87.514,0.49
2021-11-05,1128299,6,42,2,36.0,51,183.6,99.144,0.54
2021-11-06,1128299,5,42,2,43.0,8,34.4,17.544,0.51
2021-11-07,1128299,1,42,2,58.0,20,116.0,46.4,0.4
2021-11-08,1128299,4,42,2,47.0,44,206.8,72.38,0.35
2021-11-09,1128299,3,42,2,46.0,122,561.2,353.556,0.63
2021-11-10,1128299,2,42,2,45.0,45,202.5,85.05,0.42
2021-11-11,1128299,6,42,2,38.0,38,144.4,66.42399999999999,0.45999999999999996
2021-11-12,1128299,5,42,2,42.0,20,84.0,38.64,0.45999999999999996
2021-11-13,1128299,1,42,2,55.0,22,121.0,50.82,0.42
2021-11-14,1128299,4,42,2,48.0,54,259.2,93.312,0.36
2021-11-15,1128299,3,42,2,58.0,136,788.8,496.94399999999996,0.63
2021-11-16,1128299,2,42,2,54.0,53,286.2,114.47999999999999,0.4
2021-11-17,1128299,6,42,2,52.0,42,218.4,100.46399999999998,0.45999999999999996
2021-11-18,1128299,5,42,2,51.0,29,147.9,69.513,0.47
2021-11-19,1128299,1,42,2,59.0,31,182.9,76.818,0.42
2021-11-20,1128299,4,42,2,64.0,63,403.2,181.44,0.44999999999999996
2021-11-21,1128299,3,42,2,64.0,135,864.0,561.6,0.65
2021-11-22,1128299,2,42,2,59.0,70,413.0,189.98,0.45999999999999996
2021-11-23,1128299,6,42,2,52.0,44,228.8,114.4,0.5
2021-11-24,1128299,5,42,2,52.0,39,202.8,107.48400000000001,0.53
2021-11-25,1128299,1,42,2,60.0,45,270.0,124.2,0.45999999999999996
2021-11-26,1128299,4,42,2,65.0,81,526.5,221.12999999999997,0.42
2021-11-27,1128299,3,42,2,60.0,145,870.0,582.9,0.67
2021-11-28,1128299,2,42,2,55.0,90,495.0,247.5,0.5
2021-11-29,1128299,6,42,2,51.0,59,300.9,150.45,0.5
2021-11-30,1128299,5,42,2,51.0,44,224.4,118.93200000000002,0.53
2021-12-01,1128299,1,42,2,64.0,60,384.0,184.32,0.48
2021-12-02,1128299,4,42,2,64.0,98,627.2,263.424,0.42
2021-12-03,1128299,3,42,2,60.0,158,948.0,625.6800000000001,0.66
2021-12-04,1128299,2,42,2,54.0,75,405.0,190.35,0.47
2021-12-05,1128299,6,42,2,54.0,61,329.4,181.17,0.5499999999999999
2021-12-06,1128299,5,42,2,53.0,58,307.4,165.996,0.54
2021-12-07,1128299,1,42,2,61.0,46,280.6,129.076,0.45999999999999996
2021-12-08,1128299,4,42,2,64.0,95,608.0,261.44,0.43
2021-12-09,1128299,3,42,2,62.0,143,886.6,531.9599999999999,0.6
2021-12-10,1128299,2,42,2,48.0,80,384.0,153.6,0.4
2021-12-11,1128299,6,42,2,41.0,50,205.0,92.24999999999999,0.44999999999999996
2021-12-12,1128299,5,42,2,41.0,53,217.3,102.131,0.47
2021-12-13,1128299,1,42,2,50.0,36,180.0,80.99999999999999,0.44999999999999996
2021-12-14,1128299,4,42,2,55.0,61,335.5,134.2,0.4
2021-12-15,1128299,3,42,2,55.0,104,572.0,354.64,0.62
2021-12-16,1128299,2,42,2,47.0,63,296.1,124.362,0.42
2021-12-17,1128299,6,42,2,48.0,34,163.2,73.44,0.44999999999999996
2021-12-18,1128299,5,42,2,48.0,29,139.2,62.64,0.44999999999999996
2021-12-19,1128299,1,42,2,56.0,27,151.2,65.01599999999999,0.43
2021-12-20,1128299,4,42,2,60.0,63,378.0,147.42000000000002,0.39
2021-12-21,1128299,3,42,2,66.0,113,745.8,484.77,0.65
2021-12-22,1128299,2,42,2,55.0,60,330.0,155.1,0.47
2021-12-23,1128299,6,42,2,55.0,55,302.5,160.325,0.53
2021-12-24,1128299,5,42,2,56.0,44,246.4,125.66400000000002,0.51
2021-12-25,1128299,1,42,2,64.0,42,268.8,129.024,0.48
2021-12-26,1128299,4,42,2,71.0,65,461.5,203.06,0.44
2021-12-27,1128299,3,42,2,67.0,124,830.8,573.2520000000001,0.6900000000000001
2021-12-28,1128299,2,42,2,55.0,69,379.5,170.77499999999998,0.44999999999999996
2021-12-29,1128299,6,42,2,55.0,65,357.5,189.475,0.53
2021-12-30,1128299,5,42,2,57.0,53,302.1,160.113,0.53
2021-12-31,1128299,1,42,2,63.0,47,296.1,136.206,0.45999999999999996
2020-01-01,1128299,4,42,2,68.0,83,564.4,242.692,0.43
2020-08-06,1128299,3,50,2,44.0,273,1201.2,660.6600000000001,0.55
2020-08-07,1128299,2,50,2,41.0,221,906.1,443.98900000000003,0.49
2020-08-08,1128299,6,50,2,34.0,230,782.0,304.98,0.39
2020-08-09,1128299,5,50,2,38.0,175,665.0,266.0,0.4
2020-08-10,1128299,1,33,2,50.0,195,975.0,487.5,0.5
2020-08-11,1128299,4,33,2,41.0,247,1012.7,627.874,0.62
2020-08-12,1128299,3,33,2,43.0,319,1371.7,781.869,0.5700000000000001
2020-08-13,1128299,2,33,2,43.0,195,838.5,410.86499999999995,0.49
2020-08-14,1128299,6,33,2,32.0,240,768.0,291.84000000000003,0.38
2020-08-16,1128299,1,33,2,53.0,218,1155.4,554.592,0.48
2020-08-17,1128299,4,33,2,41.0,221,906.1,588.965,0.65
2020-08-18,1128299,3,33,2,41.0,268,1098.8,659.28,0.6
2020-08-19,1128299,2,33,2,42.0,225,945.0,453.6,0.48
2020-08-20,1128299,6,33,2,32.0,217,694.4,243.03999999999996,0.35
2020-08-21,1128299,5,33,2,36.0,175,630.0,252.0,0.4
2020-08-22,1128299,1,33,2,53.0,182,964.6,443.716,0.45999999999999996
2020-08-23,1128299,4,33,2,42.0,225,945.0,604.8,0.64
2020-04-24,1128299,3,33,2,42.0,256,1075.2,623.6160000000001,0.5800000000000001
2020-04-24,1128299,2,33,2,41.0,210,861.0,430.5,0.5
2020-09-20,1128299,5,33,2,44.0,233,1025.2,410.08000000000004,0.4
2020-09-21,1128299,1,33,2,52.0,225,1170.0,526.4999999999999,0.44999999999999996
2020-09-22,1128299,4,33,2,56.0,278,1556.8,949.6479999999999,0.61
2020-09-23,1128299,3,33,2,53.0,284,1505.2,827.86,0.55
2020-09-24,1128299,2,33,2,46.0,255,1173.0,527.8499999999999,0.44999999999999996
2020-05-24,1128299,1,33,2,60.0,202,1212.0,593.88,0.49
2020-05-24,1128299,4,33,2,64.0,219,1401.6,883.008,0.63
2020-10-17,1128299,3,33,2,33.0,131,432.3,194.53500000000003,0.45000000000000007
2020-10-18,1128299,2,33,2,33.0,65,214.5,85.8,0.4
2020-10-19,1128299,6,33,2,24.0,63,151.2,66.52799999999999,0.44
2020-10-20,1128299,5,33,2,29.0,26,75.4,33.93000000000001,0.45000000000000007
2020-10-21,1128299,1,35,2,43.0,39,167.7,75.465,0.44999999999999996
2020-10-22,1128299,4,35,2,32.0,65,208.0,116.48000000000002,0.56
2020-10-23,1128299,3,35,2,32.0,135,432.0,194.40000000000003,0.45000000000000007
2020-10-24,1128299,2,35,2,34.0,38,129.2,58.14,0.44999999999999996
2020-10-25,1128299,6,35,2,25.0,56,140.0,58.8,0.42
2020-10-26,1128299,5,35,2,27.0,20,54.0,25.380000000000003,0.47000000000000003
2020-10-27,1128299,1,35,2,41.0,44,180.4,73.964,0.41
2020-10-28,1128299,4,35,2,34.0,65,221.0,121.55,0.55
2020-10-29,1128299,3,35,2,39.0,116,452.4,226.2,0.5
2020-10-30,1128299,2,35,2,38.0,35,133.0,53.2,0.4
2020-10-31,1128299,6,35,2,29.0,53,153.7,69.16499999999999,0.44999999999999996
2020-11-01,1128299,5,35,2,32.0,7,22.4,11.2,0.5
2020-11-02,1128299,1,35,2,47.0,19,89.3,37.506,0.42
2020-11-03,1128299,4,35,2,38.0,47,178.6,98.23,0.55
2020-11-04,1128299,3,35,2,36.0,120,432.0,203.04000000000002,0.47000000000000003
2020-11-05,1128299,2,35,2,38.0,28,106.4,44.688,0.42
2020-11-06,1128299,6,35,2,29.0,26,75.4,33.176,0.44
2020-11-07,1128299,5,35,2,32.0,7,22.4,11.2,0.5
2020-11-08,1128299,1,35,2,47.0,14,65.8,26.32,0.4
2020-11-09,1128299,4,35,2,36.0,53,190.8,114.47999999999999,0.6
2020-11-10,1128299,3,35,2,48.0,116,556.8,261.696,0.47000000000000003
2020-11-11,1128299,2,35,2,44.0,44,193.6,79.376,0.41
2020-11-12,1128299,6,35,2,37.0,38,140.6,61.864,0.44
2020-11-13,1128299,5,35,2,36.0,13,46.8,22.932000000000002,0.49000000000000005
2020-11-14,1128299,1,35,2,50.0,20,100.0,41.0,0.41
2020-11-15,1128299,4,35,2,58.0,51,295.8,174.52200000000002,0.5900000000000001
2020-11-16,1128299,3,35,2,44.0,106,466.4,228.536,0.49000000000000005
2020-11-17,1128299,2,35,2,38.0,49,186.2,76.342,0.41
2020-11-18,1128299,6,35,2,33.0,47,155.1,69.79499999999999,0.44999999999999996
2020-11-19,1128299,5,35,2,32.0,45,144.0,67.68,0.47000000000000003
2020-11-20,1128299,1,35,2,49.0,45,220.5,92.60999999999999,0.42
2020-11-21,1128299,4,35,2,53.0,81,429.3,240.40800000000004,0.56
2020-11-22,1128299,3,35,2,49.0,160,784.0,368.48,0.47000000000000003
2020-11-23,1128299,2,35,2,42.0,75,315.0,141.74999999999997,0.44999999999999996
2020-11-24,1128299,6,35,2,36.0,63,226.8,95.256,0.42
2020-11-25,1128299,5,35,2,38.0,51,193.8,93.02400000000002,0.48000000000000004
2020-11-26,1128299,1,35,2,49.0,58,284.2,116.522,0.41
2020-11-27,1128299,4,35,2,54.0,98,529.2,291.06000000000006,0.55
2020-11-28,1128299,3,35,2,47.0,137,643.9,302.63300000000004,0.47000000000000003
2020-11-29,1128299,2,35,2,43.0,87,374.1,153.381,0.41
2020-11-30,1128299,6,35,2,37.0,68,251.6,100.64000000000001,0.4
2020-12-01,1128299,5,35,2,33.0,47,155.1,75.99900000000001,0.49000000000000005
2020-12-02,1128299,1,35,2,42.0,42,176.4,72.324,0.41
2020-12-03,1128299,4,35,2,46.0,88,404.8,230.73600000000002,0.5700000000000001
2020-12-04,1128299,3,35,2,43.0,113,485.9,233.23200000000003,0.48000000000000004
2020-12-05,1128299,2,35,2,37.0,73,270.1,121.54499999999999,0.44999999999999996
2020-12-06,1128299,6,35,2,24.0,41,98.4,39.36,0.4
2020-12-07,1128299,5,35,2,24.0,31,74.4,34.224000000000004,0.46
2020-12-08,1128299,1,35,2,32.0,34,108.8,47.872,0.44
2020-12-09,1128299,4,35,2,39.0,52,202.8,115.596,0.5700000000000001
2020-12-10,1128299,3,35,2,41.0,98,401.8,188.846,0.47000000000000003
2020-12-11,1128299,2,35,2,34.0,58,197.2,84.796,0.43
2020-12-12,1128299,6,35,2,32.0,25,80.0,33.6,0.42
2020-12-13,1128299,5,35,2,32.0,21,67.2,30.912,0.46
2020-12-14,1128299,1,35,2,41.0,19,77.9,32.718,0.42
2020-12-15,1128299,4,35,2,49.0,60,294.0,176.4,0.6
2020-12-16,1128299,3,35,2,46.0,91,418.6,196.74200000000002,0.47000000000000003
2020-12-17,1128299,2,35,2,38.0,52,197.6,79.04,0.4
2020-12-18,1128299,6,35,2,36.0,38,136.8,54.720000000000006,0.4
2020-12-19,1128299,5,35,2,38.0,45,171.0,83.79,0.49000000000000005
2020-12-20,1128299,1,35,2,52.0,34,176.8,74.256,0.42
2020-12-21,1128299,4,35,2,59.0,61,359.9,215.94,0.6
2020-12-22,1128299,3,35,2,50.0,124,620.0,310.0,0.5
2020-12-23,1128299,2,35,2,42.0,77,323.4,145.53,0.44999999999999996
2020-12-24,1128299,6,35,2,44.0,56,246.4,101.02399999999999,0.41
2020-12-25,1128299,5,35,2,44.0,49,215.6,105.644,0.49000000000000005
2020-12-26,1128299,1,35,2,54.0,44,237.6,97.416,0.41
2020-12-27,1128299,4,35,2,54.0,77,415.8,237.00600000000003,0.5700000000000001
2021-05-21,1128299,3,27,2,32.0,119,380.8,190.4,0.5
2021-05-22,1128299,2,27,2,32.0,56,179.2,87.80799999999999,0.49
2021-05-23,1128299,6,27,2,24.0,65,156.0,74.88,0.48
2021-05-24,1128299,5,27,2,27.0,19,51.3,27.189,0.53
2021-05-25,1128299,1,40,2,43.0,35,150.5,67.725,0.44999999999999996
2021-05-26,1128299,4,40,2,32.0,68,217.6,132.736,0.61
2021-05-27,1128299,3,40,2,32.0,119,380.8,205.632,0.54
2021-05-28,1128299,2,40,2,33.0,38,125.4,62.7,0.5
2021-05-29,1128299,6,40,2,23.0,47,108.1,54.05,0.5
2021-05-30,1128299,5,40,2,29.0,14,40.6,20.3,0.5
2021-05-31,1128299,1,40,2,41.0,31,127.1,62.278999999999996,0.49
2021-06-01,1128299,4,40,2,32.0,60,192.0,119.04,0.62
2021-06-02,1128299,3,40,2,38.0,122,463.6,250.344,0.54
2021-06-03,1128299,2,40,2,39.0,26,101.4,46.64399999999999,0.45999999999999996
2021-06-04,1128299,6,40,2,29.0,39,113.1,56.55,0.5
2021-06-06,1128299,1,40,2,45.0,13,58.5,27.494999999999997,0.47
2021-06-07,1128299,4,40,2,37.0,38,140.6,85.76599999999999,0.61
2021-06-08,1128299,3,40,2,38.0,105,399.0,211.47000000000003,0.53
2021-06-09,1128299,2,40,2,32.0,23,73.6,33.12,0.44999999999999996
2021-06-10,1128299,6,40,2,23.0,21,48.3,21.734999999999996,0.44999999999999996
2021-06-12,1128299,1,40,2,42.0,6,25.2,12.096,0.48
2021-06-13,1128299,4,40,2,34.0,39,132.6,82.212,0.62
2021-06-14,1128299,3,40,2,44.0,118,519.2,280.36800000000005,0.54
2021-06-15,1128299,2,40,2,38.0,33,125.4,62.7,0.5
2021-06-16,1128299,6,40,2,32.0,30,96.0,46.08,0.48
2021-06-17,1128299,5,40,2,34.0,7,23.8,12.614,0.53
2021-06-18,1128299,1,40,2,46.0,13,59.8,27.508,0.45999999999999996
2021-06-19,1128299,4,40,2,51.0,41,209.1,129.642,0.62
2021-06-20,1128299,3,40,2,36.0,120,432.0,228.95999999999998,0.53
2021-06-21,1128299,2,40,2,32.0,45,144.0,72.0,0.5
2021-06-22,1128299,6,40,2,27.0,46,124.2,55.89,0.44999999999999996
2021-06-23,1128299,5,40,2,27.0,39,105.3,56.862,0.54
2021-06-24,1128299,1,40,2,42.0,42,176.4,88.2,0.5
2021-06-25,1128299,4,40,2,49.0,85,416.5,258.23,0.62
2021-06-26,1128299,3,40,2,43.0,165,709.5,361.845,0.51
2021-06-27,1128299,2,40,2,37.0,81,299.7,134.86499999999998,0.44999999999999996
2021-06-28,1128299,6,40,2,34.0,63,214.2,96.38999999999999,0.44999999999999996
2021-06-29,1128299,5,40,2,33.0,46,151.8,78.936,0.52
2021-06-30,1128299,1,40,2,41.0,44,180.4,88.396,0.49
2021-07-01,1128299,4,40,2,49.0,91,445.9,280.91700000000003,0.63
2021-07-02,1128299,3,40,2,41.0,145,594.5,315.08500000000004,0.53
2021-07-03,1128299,2,40,2,42.0,80,336.0,164.64,0.49
2021-07-04,1128299,6,40,2,36.0,52,187.2,89.856,0.48
2021-07-05,1128299,5,40,2,29.0,38,110.2,56.202,0.51
2021-07-06,1128299,1,40,2,37.0,27,99.9,47.952,0.48
2021-07-07,1128299,4,40,2,44.0,69,303.6,182.16,0.6
2021-07-08,1128299,3,40,2,38.0,112,425.6,229.824,0.54
2021-07-09,1128299,2,40,2,33.0,56,184.8,85.008,0.45999999999999996
2021-07-10,1128299,6,40,2,18.0,25,45.0,21.6,0.48
2021-07-11,1128299,5,40,2,19.0,23,43.7,22.724,0.52
2021-07-12,1128299,1,40,2,29.0,21,60.9,29.232,0.48
2021-07-13,1128299,4,40,2,34.0,39,132.6,82.212,0.62
2021-07-14,1128299,3,40,2,36.0,94,338.4,182.73600000000002,0.54
2021-07-15,1128299,2,40,2,29.0,41,118.9,54.693999999999996,0.45999999999999996
2021-07-16,1128299,6,40,2,29.0,14,40.6,20.3,0.5
2021-07-17,1128299,5,40,2,29.0,7,20.3,10.759,0.53
2021-07-18,1128299,1,40,2,37.0,7,25.9,12.431999999999999,0.48
2021-07-19,1128299,4,40,2,44.0,38,167.2,105.33599999999998,0.63
2021-07-20,1128299,3,40,2,37.0,84,310.8,167.83200000000002,0.54
2021-07-21,1128299,2,40,2,29.0,41,118.9,54.693999999999996,0.45999999999999996
2021-07-22,1128299,6,40,2,29.0,25,72.5,34.075,0.47
2021-07-23,1128299,5,40,2,27.0,36,97.2,53.46,0.55
2021-07-24,1128299,1,40,2,48.0,27,129.6,58.31999999999999,0.44999999999999996
2021-07-25,1128299,4,40,2,53.0,58,307.4,190.588,0.62
2021-07-26,1128299,3,40,2,49.0,117,573.3,286.65,0.5
2021-07-27,1128299,2,40,2,36.0,63,226.8,113.4,0.5
2021-07-28,1128299,6,40,2,39.0,60,234.0,114.66,0.49
2021-07-29,1128299,5,40,2,38.0,38,144.4,79.42,0.55
2021-07-30,1128299,1,40,2,45.0,39,175.5,84.24,0.48
2021-07-31,1128299,4,40,2,54.0,65,351.0,217.61999999999998,0.62
2021-01-10,1128299,3,3,2,33.0,109,359.7,136.686,0.38
2021-01-10,1128299,2,3,2,43.0,109,468.7,154.671,0.33
2021-01-10,1128299,6,3,2,41.0,113,463.3,166.78799999999998,0.36
2021-01-10,1128299,5,3,2,43.0,56,240.8,84.28,0.35
2021-01-10,1128299,1,3,2,46.0,46,211.6,63.48,0.3
2021-01-10,1128299,4,3,2,42.0,123,516.6,278.96400000000006,0.54
2021-02-10,1128299,3,3,2,33.0,143,471.9,169.884,0.36
2021-02-10,1128299,2,3,2,42.0,98,411.6,131.71200000000002,0.32
2021-02-10,1128299,6,3,2,44.0,94,413.6,148.89600000000002,0.36
2021-02-10,1128299,5,23,2,41.0,56,229.6,89.54400000000001,0.39
2021-02-10,1128299,1,23,2,47.0,38,178.6,53.58,0.3
2021-02-10,1128299,4,23,2,44.0,102,448.8,246.84,0.55
2021-03-09,1128299,3,23,2,44.0,135,594.0,237.6,0.4
2021-03-09,1128299,2,23,2,54.0,91,491.4,152.334,0.31
2021-03-09,1128299,6,23,2,57.0,101,575.7,224.523,0.39
2021-03-09,1128299,5,23,2,52.0,69,358.8,129.168,0.36
2021-03-09,1128299,1,23,2,55.0,36,198.0,51.480000000000004,0.26
2021-03-09,1128299,4,23,2,50.0,85,425.0,233.75,0.55
2021-04-10,1128299,3,23,2,59.0,130,767.0,276.12,0.36
2021-04-10,1128299,2,23,2,61.0,81,494.1,172.935,0.35
2021-04-10,1128299,6,23,2,60.0,91,546.0,207.48000000000002,0.38
2021-04-10,1128299,5,23,2,48.0,73,350.4,122.63999999999999,0.35
2021-04-10,1128299,1,23,2,52.0,42,218.4,58.968,0.27
2021-04-10,1128299,4,23,2,66.0,94,620.4,310.2,0.5
2021-05-11,1128299,3,23,2,51.0,158,805.8,298.146,0.37
2021-05-11,1128299,2,23,2,58.0,98,568.4,187.572,0.33
2021-05-11,1128299,6,23,2,56.0,98,548.8,219.52000000000004,0.4
2021-05-11,1128299,5,23,2,52.0,80,416.0,166.4,0.4
2021-05-11,1128299,1,23,2,55.0,46,253.0,70.84,0.28
2021-05-11,1128299,4,23,2,69.0,143,986.7,542.6850000000001,0.55
2021-06-10,1128299,3,23,2,67.0,210,1407.0,562.8,0.4
2021-06-10,1128299,2,23,2,72.0,156,1123.2,348.192,0.31
2021-06-10,1128299,6,23,2,71.0,180,1278.0,460.08000000000004,0.36
2021-06-10,1128299,5,23,2,74.0,133,984.2,373.996,0.38
2021-06-10,1128299,1,23,2,83.0,88,730.4,219.11999999999998,0.3
2021-06-10,1128299,4,23,2,97.0,169,1639.3,852.436,0.52
2021-07-09,1128299,3,23,2,74.0,208,1539.2,569.504,0.37
2021-07-09,1128299,2,23,2,81.0,182,1474.2,501.22800000000007,0.34
2021-07-09,1128299,6,23,2,79.0,150,1185.0,426.6,0.36
2021-07-09,1128299,5,23,2,73.0,130,949.0,379.6,0.4
2021-07-09,1128299,1,23,2,80.0,149,1192.0,357.6,0.3
2021-07-09,1128299,4,23,2,96.0,154,1478.4,768.768,0.52
2021-08-10,1128299,3,23,2,79.0,210,1659.0,613.83,0.37
2021-08-10,1128299,2,23,2,71.0,218,1547.8,526.2520000000001,0.34
2021-08-10,1128299,6,23,2,64.0,162,1036.8,404.352,0.39
2021-08-10,1128299,5,23,2,67.0,142,951.4,361.53200000000004,0.38
2021-12-10,1128299,6,14,2,44.0,165,726.0,333.96,0.45999999999999996
2021-12-10,1128299,5,14,2,44.0,135,594.0,291.06,0.49
2021-12-10,1128299,1,14,2,54.0,145,783.0,352.34999999999997,0.44999999999999996
2021-12-10,1128299,4,14,2,56.0,174,974.4,350.784,0.36
2021-01-24,1128299,3,14,2,29.0,91,263.9,121.39399999999998,0.45999999999999996
2021-01-24,1128299,2,14,2,36.0,105,378.0,173.88,0.45999999999999996
2021-01-24,1128299,6,14,2,39.0,91,354.9,159.70499999999998,0.44999999999999996
2021-01-24,1128299,5,14,2,38.0,54,205.2,96.44399999999999,0.47
2021-01-24,1128299,1,14,2,42.0,45,189.0,96.39,0.51
2021-01-24,1128299,4,14,2,38.0,116,440.8,198.35999999999999,0.44999999999999996
2021-02-24,1128299,3,14,2,27.0,113,305.1,140.34599999999998,0.45999999999999996
2021-02-24,1128299,2,14,2,36.0,105,378.0,170.09999999999997,0.44999999999999996
2021-02-24,1128299,6,14,2,39.0,88,343.2,154.44,0.44999999999999996
2021-02-24,1128299,5,47,2,38.0,58,220.4,110.2,0.5
2021-02-24,1128299,1,47,2,42.0,38,159.6,87.78,0.55
2021-02-24,1128299,4,47,2,38.0,81,307.8,132.35399999999998,0.43
2021-03-23,1128299,3,47,2,38.0,143,543.4,255.398,0.47
2021-03-23,1128299,2,47,2,45.0,85,382.5,179.775,0.47
2021-03-23,1128299,6,47,2,52.0,91,473.2,227.13600000000002,0.48
2021-03-23,1128299,5,47,2,48.0,65,312.0,143.51999999999998,0.45999999999999996
2021-03-23,1128299,1,47,2,51.0,30,153.0,79.56,0.52
2021-03-23,1128299,4,47,2,49.0,78,382.2,160.524,0.42
2021-04-24,1128299,3,47,2,52.0,124,644.8,309.504,0.48
2021-04-24,1128299,2,47,2,59.0,69,407.1,195.408,0.48
2021-04-24,1128299,6,47,2,57.0,85,484.5,237.40500000000003,0.49
2021-04-24,1128299,5,47,2,42.0,56,235.2,110.54399999999998,0.47
2021-04-24,1128299,1,47,2,49.0,35,171.5,87.465,0.51
2021-04-24,1128299,4,47,2,64.0,78,499.2,219.648,0.44
2021-05-25,1128299,3,47,2,46.0,125,575.0,264.5,0.45999999999999996
2021-05-25,1128299,2,47,2,51.0,98,499.8,224.91,0.44999999999999996
2021-05-25,1128299,6,47,2,50.0,88,440.0,220.0,0.5
2021-05-25,1128299,5,47,2,47.0,69,324.3,162.15,0.5
2021-05-25,1128299,1,47,2,44.0,49,215.6,116.424,0.54
2021-05-25,1128299,4,47,2,56.0,152,851.2,366.01599999999996,0.43
2021-06-24,1128299,3,47,2,53.0,233,1234.9,580.403,0.47
2021-06-24,1128299,2,47,2,62.0,176,1091.2,501.95199999999994,0.45999999999999996
2021-06-24,1128299,6,47,2,73.0,195,1423.5,683.28,0.48
2021-06-24,1128299,5,47,2,72.0,142,1022.4,500.976,0.49
2021-06-24,1128299,1,47,2,81.0,104,842.4,429.62399999999997,0.51
2021-06-24,1128299,4,47,2,96.0,182,1747.2,698.88,0.4
2021-07-23,1128299,3,47,2,79.0,255,2014.5,1007.25,0.5
2021-07-23,1128299,2,47,2,81.0,203,1644.3,822.15,0.5
2021-07-23,1128299,6,47,2,86.0,182,1565.2,704.3399999999999,0.44999999999999996
2021-07-23,1128299,5,47,2,82.0,149,1221.8,562.028,0.45999999999999996
2021-07-23,1128299,1,47,2,85.0,162,1377.0,757.3500000000001,0.55
2021-07-23,1128299,4,47,2,96.0,180,1728.0,691.2,0.4
2021-08-24,1128299,3,47,2,83.0,240,1992.0,896.4,0.44999999999999996
2021-08-24,1128299,2,47,2,76.0,202,1535.2,736.896,0.48
2021-08-24,1128299,6,47,2,69.0,189,1304.1,625.968,0.48
2021-08-24,1128299,5,47,2,66.0,111,732.6,358.974,0.49
2021-08-24,1128299,1,47,2,64.0,106,678.4,345.98400000000004,0.51
2021-08-24,1128299,4,47,2,73.0,75,547.5,229.95,0.42
2021-09-25,1128299,3,47,2,46.0,113,519.8,259.9,0.5
2021-09-25,1128299,2,47,2,52.0,113,587.6,270.29599999999994,0.45999999999999996
2021-09-25,1128299,6,47,2,47.0,65,305.5,143.58499999999998,0.47
2021-09-25,1128299,5,47,2,45.0,54,243.0,119.07000000000001,0.49
2021-09-25,1128299,1,47,2,58.0,56,324.8,162.4,0.5
2021-09-25,1128299,4,47,2,42.0,70,294.0,126.42,0.43
2021-10-24,1128299,3,47,2,38.0,102,387.6,174.42,0.44999999999999996
2021-10-24,1128299,2,47,2,51.0,142,724.2,354.858,0.49
2021-10-24,1128299,6,47,2,46.0,95,437.0,201.01999999999998,0.45999999999999996
2021-10-24,1128299,5,47,2,41.0,98,401.8,196.882,0.49
2021-10-24,1128299,1,47,2,53.0,87,461.1,248.994,0.54
2021-10-24,1128299,4,47,2,59.0,102,601.8,264.79200000000003,0.44
2021-11-24,1128299,3,47,2,42.0,155,651.0,305.96999999999997,0.47
2021-11-24,1128299,2,47,2,47.0,169,794.3,389.207,0.49
2021-11-24,1128299,6,47,2,43.0,138,593.4,284.832,0.48
2021-11-24,1128299,5,47,2,52.0,113,587.6,282.048,0.48
2021-11-24,1128299,1,47,2,73.0,111,810.3,445.6650000000001,0.55
2021-11-24,1128299,4,47,2,74.0,149,1102.6,441.0400000000001,0.4
2021-12-23,1128299,3,47,2,60.0,225,1350.0,634.5,0.47
2021-12-23,1128299,2,47,2,74.0,225,1665.0,749.2499999999999,0.44999999999999996
2021-12-15,1128299,6,20,2,48.0,168,806.4,362.88,0.44999999999999996
2021-12-15,1128299,5,20,2,48.0,138,662.4,317.952,0.48
2021-12-15,1128299,1,20,2,55.0,143,786.5,408.98,0.52
2021-12-15,1128299,4,20,2,59.0,163,961.7,625.105,0.65
2021-01-18,1128299,3,20,2,27.0,156,421.2,210.6,0.5
2021-01-18,1128299,2,20,2,29.0,123,356.7,167.649,0.47
2021-01-18,1128299,6,20,2,19.0,123,233.7,105.16499999999999,0.44999999999999996
2021-01-18,1128299,5,20,2,24.0,77,184.8,96.096,0.52
2021-01-18,1128299,1,20,2,39.0,98,382.2,187.278,0.49
2021-01-18,1128299,4,20,2,29.0,123,356.7,224.721,0.63
2021-02-18,1128299,3,20,2,29.0,182,527.8,279.73400000000004,0.53
2021-02-18,1128299,2,20,2,28.0,94,263.2,128.96800000000002,0.49
2021-02-18,1128299,6,20,2,19.0,113,214.7,96.61499999999998,0.44999999999999996
2021-02-18,1128299,5,52,2,24.0,70,168.0,87.36,0.52
2021-02-18,1128299,1,52,2,38.0,88,334.4,150.48,0.44999999999999996
2021-02-18,1128299,4,52,2,28.0,120,336.0,211.68,0.63
2021-03-17,1128299,3,52,2,34.0,186,632.4,322.524,0.51
2021-03-17,1128299,2,52,2,34.0,87,295.8,133.10999999999999,0.44999999999999996
2021-03-17,1128299,6,52,2,23.0,95,218.5,100.50999999999999,0.45999999999999996
2021-03-17,1128299,5,52,2,28.0,54,151.2,77.112,0.51
2021-03-17,1128299,1,52,2,41.0,75,307.5,150.675,0.49
2021-03-17,1128299,4,52,2,34.0,102,346.8,225.42000000000002,0.65
2021-04-18,1128299,3,52,2,33.0,144,475.2,247.10399999999998,0.52
2021-04-18,1128299,2,52,2,27.0,72,194.4,95.256,0.49
2021-04-18,1128299,6,52,2,18.0,83,149.4,73.20599999999999,0.49
2021-04-18,1128299,5,52,2,23.0,52,119.6,62.19200000000001,0.52
2021-04-18,1128299,1,52,2,36.0,65,234.0,105.3,0.44999999999999996
2021-04-18,1128299,4,52,2,28.0,105,294.0,179.33999999999997,0.61
2021-05-19,1128299,3,52,2,39.0,180,702.0,358.02000000000004,0.51
2021-05-19,1128299,2,52,2,34.0,88,299.2,140.624,0.47
2021-05-19,1128299,6,52,2,29.0,87,252.3,116.05799999999999,0.45999999999999996
2021-05-19,1128299,5,52,2,29.0,65,188.5,103.675,0.55
2021-05-19,1128299,1,52,2,44.0,70,308.0,147.83999999999997,0.48
2021-05-19,1128299,4,52,2,45.0,105,472.5,283.5,0.6
2021-06-18,1128299,3,52,2,32.0,168,537.6,290.304,0.54
2021-06-18,1128299,2,52,2,27.0,91,245.7,113.02199999999998,0.45999999999999996
2021-06-18,1128299,6,52,2,23.0,113,259.9,127.351,0.49
2021-06-18,1128299,5,52,2,23.0,91,209.3,104.65,0.5
2021-06-18,1128299,1,52,2,38.0,102,387.6,174.42,0.44999999999999996
2021-06-18,1128299,4,52,2,42.0,142,596.4,387.65999999999997,0.65
2021-07-17,1128299,3,52,2,36.0,203,730.8,401.94000000000005,0.55
2021-07-17,1128299,2,52,2,33.0,130,429.0,201.63,0.47
2021-07-17,1128299,6,52,2,29.0,128,371.2,170.752,0.45999999999999996
2021-07-17,1128299,5,52,2,29.0,101,292.9,155.23700000000002,0.53
2021-07-17,1128299,1,52,2,37.0,94,347.8,170.422,0.49
2021-07-17,1128299,4,52,2,41.0,160,656.0,400.15999999999997,0.61
2021-08-18,1128299,3,52,2,38.0,203,771.4,385.7,0.5
2021-08-18,1128299,2,52,2,38.0,143,543.4,249.964,0.45999999999999996
2021-08-18,1128299,6,52,2,32.0,120,384.0,176.64,0.45999999999999996
2021-08-18,1128299,5,52,2,24.0,91,218.4,120.12,0.55
2021-08-18,1128299,1,52,2,34.0,81,275.4,129.438,0.47
2021-08-18,1128299,4,52,2,36.0,128,460.8,299.52000000000004,0.65
2021-09-19,1128299,3,52,2,32.0,174,556.8,278.4,0.5
2021-09-19,1128299,2,52,2,28.0,100,280.0,131.6,0.47
2021-09-19,1128299,6,52,2,14.0,75,105.0,51.45,0.49
2021-09-19,1128299,5,52,2,14.0,83,116.2,61.586,0.53
2021-09-19,1128299,1,52,2,23.0,77,177.1,83.237,0.47
2021-09-19,1128299,4,52,2,28.0,95,266.0,170.24,0.64
2021-10-18,1128299,3,52,2,34.0,131,445.4,227.154,0.51
2021-10-18,1128299,2,52,2,24.0,91,218.4,109.2,0.5
2021-10-18,1128299,6,52,2,23.0,73,167.9,80.592,0.48
2021-10-18,1128299,5,52,2,23.0,59,135.7,67.85,0.5
2021-10-18,1128299,1,52,2,32.0,68,217.6,102.27199999999999,0.47
2021-10-18,1128299,4,52,2,38.0,88,334.4,214.016,0.64
2021-11-18,1128299,3,52,2,34.0,150,510.0,260.1,0.51
2021-11-18,1128299,2,52,2,23.0,88,202.4,91.08,0.44999999999999996
2021-11-18,1128299,6,52,2,23.0,80,184.0,90.16,0.49
2021-11-18,1128299,5,52,2,23.0,88,202.4,105.248,0.52
2021-11-18,1128299,1,52,2,43.0,81,348.3,167.184,0.48
2021-11-18,1128299,4,52,2,48.0,108,518.4,326.592,0.63
2021-12-17,1128299,3,52,2,41.0,163,668.3,347.516,0.52
2021-12-17,1128299,2,52,2,32.0,113,361.6,173.56799999999998,0.48
2021-12-16,1128299,6,36,2,69.0,162,1117.8,581.2560000000001,0.52
2021-12-16,1128299,5,36,2,72.0,156,1123.2,606.528,0.54
2021-12-16,1128299,1,36,2,82.0,131,1074.2,623.0360000000001,0.5800000000000001
2021-12-16,1128299,4,36,2,87.0,175,1522.5,685.1249999999999,0.44999999999999996
2021-01-05,1128299,3,36,2,19.0,182,345.8,148.69400000000002,0.43
2021-01-05,1128299,2,36,2,28.0,196,548.8,246.95999999999998,0.44999999999999996
2021-01-05,1128299,6,36,2,28.0,119,333.2,133.28000000000003,0.4
2021-01-05,1128299,5,36,2,33.0,133,438.9,232.61700000000002,0.53
2021-01-05,1128299,1,36,2,36.0,85,306.0,113.22,0.37
2021-02-04,1128299,3,36,2,23.0,163,374.9,149.96,0.4
2021-02-04,1128299,2,36,2,32.0,174,556.8,233.856,0.42
2021-02-04,1128299,6,36,2,34.0,128,435.2,178.432,0.41
2021-02-04,1128299,5,8,2,32.0,109,348.8,188.35200000000003,0.54
2021-02-04,1128299,1,8,2,39.0,70,273.0,95.54999999999998,0.35
2021-02-04,1128299,4,8,2,34.0,131,445.4,244.97000000000003,0.55
2021-03-06,1128299,3,8,2,28.0,156,436.8,196.56,0.44999999999999996
2021-03-06,1128299,2,8,2,36.0,169,608.4,279.864,0.45999999999999996
2021-03-06,1128299,6,8,2,28.0,113,316.4,155.036,0.49
2021-03-06,1128299,5,8,2,33.0,105,346.5,200.97000000000003,0.5800000000000001
2021-07-06,1128299,4,8,2,64.0,208,1331.2,918.528,0.6900000000000001
2021-08-08,1128299,3,8,2,46.0,210,966.0,531.3,0.5499999999999999
2021-08-08,1128299,2,8,2,53.0,195,1033.5,547.755,0.53
2021-08-08,1128299,6,8,2,46.0,250,1150.0,609.5,0.53
2021-08-08,1128299,5,8,2,48.0,124,595.2,386.88,0.65
2021-12-04,1128299,3,8,2,54.0,233,1258.2,679.4280000000001,0.54
2021-12-04,1128299,2,8,2,51.0,209,1065.9,575.586,0.54
2021-12-04,1128299,6,8,2,56.0,176,985.6,512.512,0.52
2021-12-04,1128299,5,8,2,59.0,142,837.8,544.5699999999999,0.65
2021-12-04,1128299,1,8,2,50.0,133,665.0,325.85,0.49
2021-12-04,1128299,4,8,2,60.0,196,1176.0,811.44,0.6900000000000001
2021-01-23,1128299,3,8,2,29.0,119,345.1,165.648,0.48
2021-01-23,1128299,2,8,2,37.0,106,392.2,200.022,0.51
2021-01-23,1128299,6,8,2,37.0,106,392.2,192.178,0.49
2021-01-23,1128299,5,8,2,38.0,77,292.6,134.59599999999998,0.45999999999999996
2021-01-23,1128299,1,8,2,42.0,63,264.6,119.06999999999998,0.44999999999999996
2021-01-23,1128299,4,8,2,36.0,111,399.6,139.85999999999999,0.35
2021-02-23,1128299,3,8,2,29.0,143,414.7,207.35,0.5
2021-02-23,1128299,2,8,2,38.0,113,429.4,231.87600000000003,0.54
2021-02-23,1128299,6,8,2,38.0,105,399.0,187.53,0.47
2021-02-23,1128299,5,43,2,38.0,63,239.4,114.91199999999999,0.48
2021-02-23,1128299,1,43,2,42.0,44,184.8,81.312,0.44
2021-02-23,1128299,4,43,2,38.0,88,334.4,120.38399999999999,0.36
2021-03-22,1128299,3,43,2,37.0,145,536.5,252.15499999999997,0.47
2021-03-22,1128299,2,43,2,48.0,95,456.0,250.8,0.55
2021-03-22,1128299,6,43,2,49.0,91,445.9,222.95,0.5
2021-03-22,1128299,5,43,2,47.0,68,319.6,147.016,0.45999999999999996
2021-03-22,1128299,1,43,2,54.0,31,167.4,68.63399999999999,0.41
2021-03-22,1128299,4,43,2,47.0,88,413.6,165.44,0.4
2021-04-23,1128299,3,43,2,48.0,130,624.0,280.79999999999995,0.44999999999999996
2021-04-23,1128299,2,43,2,53.0,90,477.0,238.5,0.5
2021-04-23,1128299,6,43,2,50.0,102,510.0,255.0,0.5
2021-04-23,1128299,5,43,2,46.0,75,345.0,172.5,0.5
2021-04-23,1128299,1,43,2,50.0,39,195.0,81.9,0.42
2021-04-23,1128299,4,43,2,67.0,94,629.8,226.72799999999998,0.36
2021-05-24,1128299,3,43,2,47.0,147,690.9,324.723,0.47
2021-05-24,1128299,2,43,2,53.0,113,598.9,323.40600000000006,0.54
2021-05-24,1128299,6,43,2,50.0,120,600.0,282.0,0.47
2021-05-24,1128299,5,43,2,49.0,90,441.0,220.5,0.5
2021-05-24,1128299,1,43,2,51.0,58,295.8,121.27799999999999,0.41
2021-05-24,1128299,4,43,2,64.0,98,627.2,225.792,0.36
2021-06-23,1128299,3,43,2,48.0,156,748.8,366.912,0.49
2021-06-23,1128299,2,43,2,51.0,138,703.8,365.976,0.52
2021-06-23,1128299,6,43,2,51.0,138,703.8,316.71,0.44999999999999996
2021-06-23,1128299,5,43,2,46.0,95,437.0,218.5,0.5
2021-06-23,1128299,1,43,2,51.0,68,346.8,145.656,0.42
2021-06-23,1128299,4,43,2,69.0,131,903.9,352.521,0.39
2021-07-22,1128299,3,43,2,49.0,196,960.4,470.596,0.49
2021-07-22,1128299,2,43,2,50.0,142,710.0,362.1,0.51
2021-07-22,1128299,6,43,2,51.0,133,678.3,318.801,0.47
2021-07-22,1128299,5,43,2,48.0,101,484.8,218.16,0.44999999999999996
2021-07-22,1128299,1,43,2,52.0,128,665.6,286.20799999999997,0.43
2021-07-22,1128299,4,43,2,67.0,123,824.1,313.158,0.38
2021-08-23,1128299,3,43,2,50.0,163,815.0,407.5,0.5
2021-08-23,1128299,2,43,2,57.0,161,917.7,458.85,0.5
2021-08-23,1128299,6,43,2,54.0,113,610.2,298.998,0.49
2021-08-23,1128299,5,43,2,52.0,112,582.4,285.376,0.49
2021-08-23,1128299,1,43,2,59.0,116,684.4,280.604,0.41
2021-08-23,1128299,4,43,2,65.0,94,611.0,244.4,0.4
2021-09-24,1128299,3,43,2,41.0,167,684.7,335.503,0.49
2021-09-24,1128299,2,43,2,45.0,161,724.5,383.985,0.53
2021-09-24,1128299,6,43,2,43.0,128,550.4,247.67999999999998,0.44999999999999996
2021-09-24,1128299,5,43,2,41.0,113,463.3,217.75099999999998,0.47
2021-09-24,1128299,1,43,2,54.0,105,567.0,249.48000000000002,0.44
2021-09-24,1128299,4,43,2,56.0,119,666.4,246.56799999999998,0.37
2021-10-23,1128299,3,43,2,41.0,135,553.5,265.67999999999995,0.48
2021-10-23,1128299,2,43,2,47.0,145,681.5,361.19500000000005,0.53
2021-10-23,1128299,6,43,2,44.0,91,400.4,192.19199999999998,0.48
2021-10-23,1128299,5,43,2,43.0,90,387.0,189.63,0.49
2021-10-23,1128299,1,43,2,53.0,69,365.7,146.28000000000003,0.4
2021-10-23,1128299,4,43,2,56.0,85,476.0,180.88,0.38
2021-11-23,1128299,3,43,2,42.0,135,567.0,266.48999999999995,0.47
2021-11-23,1128299,2,43,2,46.0,147,676.2,351.624,0.52
2021-11-23,1128299,6,43,2,44.0,105,462.0,212.51999999999998,0.45999999999999996
2021-11-23,1128299,5,43,2,42.0,98,411.6,193.452,0.47
2021-11-23,1128299,1,43,2,53.0,87,461.1,189.051,0.41
2021-11-23,1128299,4,43,2,55.0,111,610.5,225.885,0.37
2021-12-22,1128299,3,43,2,44.0,181,796.4,366.34399999999994,0.45999999999999996
2021-12-22,1128299,2,43,2,49.0,175,857.5,463.05,0.54
2021-12-12,1128299,6,4,2,53.0,138,731.4,365.7,0.5
2021-12-12,1128299,5,4,2,51.0,128,652.8,326.4,0.5
2021-12-12,1128299,1,4,2,64.0,116,742.4,371.2,0.5
2021-12-12,1128299,4,4,2,64.0,135,864.0,302.4,0.35
2021-01-09,1128299,3,4,2,39.0,256,998.4,579.0720000000001,0.5800000000000001
2021-01-09,1128299,2,4,2,37.0,206,762.2,342.98999999999995,0.44999999999999996
2021-01-09,1128299,6,4,2,29.0,248,719.2,280.488,0.39
2021-01-09,1128299,5,4,2,34.0,203,690.2,303.688,0.44
2021-01-09,1128299,1,4,2,47.0,189,888.3,417.50100000000003,0.47
2021-01-09,1128299,4,4,2,37.0,239,884.3,530.58,0.6
2021-02-07,1128299,3,4,2,38.0,312,1185.6,699.5040000000001,0.5900000000000001
2021-02-07,1128299,2,4,2,39.0,218,850.2,391.092,0.45999999999999996
2021-02-07,1128299,6,4,2,29.0,217,629.3,232.84099999999998,0.37
2021-02-07,1128299,5,11,2,33.0,169,557.7,250.96499999999997,0.44999999999999996
2021-02-07,1128299,1,11,2,49.0,189,926.1,435.267,0.47
2021-02-07,1128299,4,11,2,34.0,216,734.4,477.36,0.65
2021-03-05,1128299,3,11,2,33.0,265,874.5,507.21000000000004,0.5800000000000001
2021-03-05,1128299,2,11,2,32.0,210,672.0,329.28,0.49
2021-03-05,1128299,6,11,2,24.0,181,434.4,165.072,0.38
2021-03-05,1128299,5,11,2,27.0,144,388.8,163.296,0.42
2021-03-05,1128299,1,11,2,41.0,181,742.1,356.20799999999997,0.48
2021-03-05,1128299,4,11,2,32.0,189,604.8,381.024,0.63
2021-04-06,1128299,3,11,2,33.0,283,933.9,532.3230000000001,0.5700000000000001
2021-04-06,1128299,2,11,2,34.0,182,618.8,284.64799999999997,0.45999999999999996
2021-04-06,1128299,6,11,2,24.0,182,436.8,165.98399999999998,0.38
2021-04-06,1128299,5,11,2,27.0,180,486.0,208.98000000000002,0.43
2021-04-06,1128299,1,11,2,47.0,188,883.6,441.8,0.5
2021-04-06,1128299,4,11,2,39.0,209,815.1,513.513,0.63
2021-05-05,1128299,3,11,2,48.0,282,1353.6,744.48,0.55
2021-05-05,1128299,2,11,2,45.0,188,846.0,380.69999999999993,0.44999999999999996
2021-05-05,1128299,6,11,2,41.0,210,861.0,318.57,0.37
2021-05-05,1128299,5,11,2,43.0,182,782.6,328.692,0.42
2021-05-05,1128299,1,11,2,53.0,196,1038.8,519.4,0.5
2021-05-05,1128299,4,11,2,59.0,200,1180.0,708.0,0.6
2021-06-07,1128299,3,11,2,51.0,273,1392.3,779.6880000000001,0.56
2021-06-07,1128299,2,11,2,49.0,200,980.0,441.0,0.44999999999999996
2021-06-07,1128299,6,11,2,47.0,209,982.3,353.628,0.36
2021-06-07,1128299,5,11,2,47.0,218,1024.6,461.07,0.44999999999999996
2021-06-07,1128299,1,11,2,62.0,195,1209.0,544.05,0.44999999999999996
2021-06-07,1128299,4,11,2,65.0,250,1625.0,1040.0,0.64
2021-07-05,1128299,3,11,2,63.0,311,1959.3,1155.987,0.5900000000000001
2021-07-05,1128299,2,11,2,58.0,270,1566.0,767.3399999999999,0.49
2021-07-05,1128299,6,11,2,51.0,248,1264.8,455.328,0.36
2021-07-05,1128299,5,11,2,52.0,202,1050.4,441.168,0.42
2021-07-05,1128299,1,11,2,64.0,240,1536.0,691.1999999999999,0.44999999999999996
2021-07-05,1128299,4,11,2,66.0,244,1610.4,1046.76,0.65
2021-08-06,1128299,3,11,2,62.0,326,2021.2,1152.0840000000003,0.5700000000000001
2021-08-06,1128299,2,11,2,54.0,243,1312.2,642.978,0.49
2021-08-06,1128299,6,11,2,50.0,231,1155.0,462.0,0.4
2021-08-06,1128299,5,11,2,44.0,233,1025.2,420.332,0.41
2021-08-06,1128299,1,11,2,51.0,225,1147.5,527.85,0.45999999999999996
2021-08-06,1128299,4,11,2,58.0,278,1612.4,983.564,0.61
2021-09-05,1128299,3,11,2,51.0,287,1463.7,848.9460000000001,0.5800000000000001
2021-09-05,1128299,2,11,2,48.0,223,1070.4,513.792,0.48
2021-09-05,1128299,6,11,2,38.0,196,744.8,290.47200000000004,0.39
2021-09-05,1128299,5,11,2,39.0,210,819.0,327.6,0.4
2021-09-05,1128299,1,11,2,48.0,175,840.0,386.4,0.45999999999999996
2021-09-05,1128299,4,11,2,52.0,232,1206.4,723.8399999999999,0.6
2021-10-07,1128299,3,11,2,50.0,244,1220.0,732.0,0.6
2021-10-07,1128299,2,11,2,42.0,208,873.6,436.8,0.5
2021-10-07,1128299,6,11,2,41.0,176,721.6,281.42400000000004,0.39
2021-10-07,1128299,5,11,2,41.0,176,721.6,288.64,0.4
2021-10-07,1128299,1,11,2,52.0,189,982.8,471.74399999999997,0.48
2021-10-07,1128299,4,11,2,56.0,225,1260.0,819.0,0.65
2021-11-06,1128299,3,11,2,50.0,278,1390.0,792.3000000000001,0.5700000000000001
2021-11-06,1128299,2,11,2,44.0,188,827.2,372.23999999999995,0.44999999999999996
2021-11-06,1128299,6,11,2,43.0,202,868.6,304.01,0.35
2021-11-06,1128299,5,11,2,53.0,225,1192.5,500.85,0.42
2021-11-06,1128299,1,11,2,66.0,196,1293.6,607.992,0.47
2021-11-06,1128299,4,11,2,74.0,206,1524.4,960.372,0.63
2021-12-05,1128299,3,11,2,67.0,290,1943.0,1165.8,0.6
2021-12-05,1128299,2,11,2,58.0,219,1270.2,571.5899999999999,0.44999999999999996
2021-11-22,1128299,5,31,2,52.0,52,270.4,135.2,0.5
2021-11-22,1128299,1,31,2,59.0,53,312.7,150.096,0.48
2021-11-22,1128299,4,31,2,66.0,80,528.0,285.12,0.54
2021-12-21,1128299,3,31,2,59.0,158,932.2,512.71,0.55
2021-12-21,1128299,2,31,2,52.0,98,509.6,244.608,0.48
2021-12-21,1128299,6,31,2,51.0,74,377.4,207.57000000000002,0.55
2021-12-21,1128299,5,31,2,49.0,68,333.2,176.596,0.53
2021-12-21,1128299,1,31,2,54.0,68,367.2,172.584,0.47
2021-12-21,1128299,4,31,2,64.0,98,627.2,332.41600000000005,0.53
2021-01-20,1128299,3,31,2,29.0,189,548.1,295.97400000000005,0.54
2021-01-20,1128299,2,31,2,29.0,142,411.8,185.31,0.44999999999999996
2021-01-20,1128299,6,31,2,18.0,158,284.4,156.42000000000002,0.55
2021-01-20,1128299,5,31,2,23.0,101,232.3,123.119,0.53
2021-01-20,1128299,1,31,2,38.0,115,437.0,209.76,0.48
2021-01-20,1128299,4,31,2,29.0,158,458.2,284.084,0.62
2021-02-18,1128299,3,31,2,28.0,225,630.0,327.6,0.52
2021-02-18,1128299,2,31,2,27.0,106,286.2,137.376,0.48
2021-02-18,1128299,6,31,2,18.0,124,223.2,122.76000000000002,0.55
2021-02-18,1128299,5,26,2,25.0,91,227.5,113.75,0.5
2021-02-18,1128299,1,26,2,39.0,108,421.2,193.75199999999998,0.45999999999999996
2021-02-18,1128299,4,26,2,24.0,125,300.0,180.0,0.6
2021-03-16,1128299,3,26,2,23.0,187,430.1,236.555,0.55
2021-03-16,1128299,2,26,2,24.0,100,240.0,112.8,0.47
2021-03-16,1128299,6,26,2,14.0,128,179.2,94.976,0.53
2021-03-16,1128299,5,26,2,19.0,80,152.0,79.03999999999999,0.52
2021-03-16,1128299,1,26,2,32.0,81,259.2,119.232,0.45999999999999996
2021-03-16,1128299,4,26,2,24.0,123,295.2,183.024,0.62
2021-04-17,1128299,3,26,2,23.0,169,388.7,209.898,0.54
2021-04-17,1128299,2,26,2,23.0,109,250.7,125.35,0.5
2021-04-17,1128299,6,26,2,14.0,101,141.4,77.77000000000001,0.55
2021-04-17,1128299,5,26,2,19.0,75,142.5,74.1,0.52
2021-04-17,1128299,1,26,2,38.0,81,307.8,147.744,0.48
2021-04-17,1128299,4,26,2,28.0,124,347.2,211.792,0.61
2021-05-16,1128299,3,26,2,39.0,194,756.6,416.13,0.55
2021-05-16,1128299,2,26,2,37.0,131,484.7,218.11499999999995,0.44999999999999996
2021-05-16,1128299,6,26,2,33.0,119,392.7,212.058,0.54
2021-05-16,1128299,5,26,2,33.0,101,333.3,169.983,0.51
2021-05-16,1128299,1,26,2,41.0,116,475.6,223.53199999999998,0.47
2021-05-16,1128299,4,26,2,47.0,140,658.0,421.12,0.64
2021-06-18,1128299,3,26,2,44.0,210,924.0,480.48,0.52
2021-06-18,1128299,2,26,2,37.0,125,462.5,217.375,0.47
2021-06-18,1128299,6,26,2,41.0,143,586.3,322.46500000000003,0.55
2021-06-18,1128299,5,26,2,43.0,117,503.1,251.55,0.5
2021-06-18,1128299,1,26,2,57.0,135,769.5,346.275,0.44999999999999996
2021-06-18,1128299,4,26,2,60.0,188,1128.0,710.64,0.63
2021-07-16,1128299,3,26,2,58.0,221,1281.8,653.7180000000001,0.51
2021-10-14,1128299,4,53,2,28.0,90,252.0,120.96,0.48
2021-11-13,1128299,3,53,2,23.0,122,280.6,131.882,0.47
2021-11-13,1128299,2,53,2,14.0,72,100.8,50.4,0.5
2021-11-13,1128299,6,53,2,23.0,55,126.5,63.25,0.5
2021-11-13,1128299,5,53,2,54.0,83,448.2,215.13600000000002,0.48
2021-11-13,1128299,1,53,2,68.0,70,476.0,218.95999999999998,0.45999999999999996
2021-11-13,1128299,4,53,2,73.0,88,642.4,295.504,0.45999999999999996
2021-12-12,1128299,3,53,2,66.0,150,990.0,495.0,0.5
2021-12-12,1128299,2,53,2,59.0,120,708.0,354.0,0.5
2021-12-12,1128299,6,53,2,58.0,95,551.0,253.45999999999998,0.45999999999999996
2021-12-12,1128299,5,53,2,59.0,90,531.0,238.94999999999996,0.44999999999999996
2021-12-12,1128299,1,53,2,64.0,81,518.4,259.2,0.5
2021-12-12,1128299,4,53,2,68.0,112,761.6,350.33599999999996,0.45999999999999996
2021-01-12,1128299,3,53,2,38.0,138,524.4,256.956,0.49
2021-01-12,1128299,2,53,2,37.0,80,296.0,118.4,0.4
2021-01-12,1128299,6,53,2,27.0,83,224.1,98.604,0.44
2021-01-12,1128299,5,53,2,34.0,36,122.4,48.96,0.4
2021-01-12,1128299,1,53,2,48.0,44,211.2,99.264,0.47
2021-01-12,1128299,4,53,2,37.0,72,266.4,146.52,0.55
2021-02-12,1128299,3,53,2,37.0,158,584.6,292.3,0.5
2021-02-12,1128299,2,53,2,39.0,47,183.3,80.652,0.44
2021-02-12,1128299,6,53,2,29.0,59,171.1,73.57300000000001,0.43
2021-02-12,1128299,5,51,2,33.0,25,82.5,36.3,0.44
2021-02-12,1128299,1,51,2,48.0,46,220.8,99.35999999999999,0.44999999999999996
2021-02-12,1128299,4,51,2,32.0,80,256.0,140.8,0.55
2021-03-11,1128299,3,51,2,39.0,124,483.6,236.964,0.49
2021-03-11,1128299,2,51,2,37.0,50,185.0,77.7,0.42
2021-03-11,1128299,6,51,2,27.0,59,159.3,66.90599999999999,0.42
2021-03-11,1128299,5,51,2,33.0,23,75.9,33.396,0.44
2021-03-11,1128299,1,51,2,47.0,31,145.7,72.85,0.5
2021-03-11,1128299,4,51,2,37.0,59,218.3,115.699,0.53
2021-04-12,1128299,3,51,2,38.0,113,429.4,197.52399999999997,0.45999999999999996
2021-04-12,1128299,2,51,2,39.0,42,163.8,67.15799999999999,0.41
2021-04-12,1128299,6,51,2,29.0,45,130.5,52.2,0.4
2021-04-12,1128299,5,51,2,34.0,20,68.0,29.24,0.43
2021-04-12,1128299,1,51,2,56.0,29,162.4,74.704,0.45999999999999996
2021-04-12,1128299,4,51,2,48.0,61,292.8,155.18400000000003,0.53
2021-05-13,1128299,3,51,2,58.0,139,806.2,378.914,0.47
2021-05-13,1128299,2,51,2,45.0,60,270.0,121.49999999999997,0.44999999999999996
2021-05-13,1128299,6,51,2,43.0,46,197.8,83.076,0.42
2021-05-13,1128299,5,51,2,43.0,26,111.8,50.309999999999995,0.44999999999999996
2021-05-13,1128299,1,51,2,51.0,38,193.8,96.9,0.5
2021-05-13,1128299,4,51,2,58.0,68,394.4,201.144,0.51
2021-06-12,1128299,3,51,2,41.0,135,553.5,254.60999999999999,0.45999999999999996
2021-06-12,1128299,2,51,2,39.0,70,273.0,109.2,0.4
2021-06-12,1128299,6,51,2,32.0,54,172.8,74.304,0.43
2021-06-12,1128299,5,51,2,32.0,49,156.8,70.55999999999999,0.44999999999999996
2021-06-12,1128299,1,51,2,41.0,51,209.1,94.095,0.44999999999999996
2021-06-12,1128299,4,51,2,50.0,94,470.0,249.1,0.53
2021-07-11,1128299,3,51,2,47.0,154,723.8,332.948,0.45999999999999996
2021-07-11,1128299,2,51,2,44.0,81,356.4,160.38,0.44999999999999996
2021-07-11,1128299,6,51,2,37.0,61,225.7,94.794,0.42
2021-07-11,1128299,5,51,2,38.0,44,167.2,71.896,0.43
2021-07-11,1128299,1,51,2,49.0,52,254.8,117.208,0.45999999999999996
2021-07-11,1128299,4,51,2,53.0,94,498.2,264.046,0.53
2021-08-12,1128299,3,51,2,49.0,131,641.9,308.11199999999997,0.48
2021-08-12,1128299,2,51,2,42.0,78,327.6,147.42,0.44999999999999996
2021-08-12,1128299,6,51,2,36.0,65,234.0,93.6,0.4
2021-08-12,1128299,5,51,2,38.0,58,220.4,94.772,0.43
2021-08-12,1128299,1,51,2,47.0,46,216.2,99.45199999999998,0.45999999999999996
2021-08-12,1128299,4,51,2,53.0,88,466.4,233.2,0.5
2021-09-13,1128299,3,51,2,42.0,138,579.6,260.82,0.44999999999999996
2021-09-13,1128299,2,51,2,39.0,80,312.0,124.8,0.4
2021-09-13,1128299,6,51,2,32.0,53,169.6,67.84,0.4
2021-09-13,1128299,5,51,2,34.0,39,132.6,53.04,0.4
2021-09-13,1128299,1,51,2,41.0,42,172.2,86.1,0.5
2021-09-13,1128299,4,51,2,46.0,65,299.0,149.5,0.5
2021-10-12,1128299,3,51,2,54.0,104,561.6,258.33599999999996,0.45999999999999996
2021-10-12,1128299,2,51,2,41.0,75,307.5,129.15,0.42
2021-10-12,1128299,6,51,2,43.0,42,180.6,72.24000000000001,0.4
2021-10-12,1128299,5,51,2,43.0,36,154.8,69.66,0.44999999999999996
2021-10-12,1128299,1,51,2,54.0,38,205.2,96.44399999999999,0.47
2021-10-09,1128299,4,21,2,53.0,73,386.9,205.05700000000002,0.53
2021-11-09,1128299,3,21,2,49.0,120,588.0,294.0,0.5
2021-11-09,1128299,2,21,2,36.0,73,262.8,118.25999999999999,0.44999999999999996
2021-11-09,1128299,6,21,2,39.0,53,206.7,90.94800000000001,0.44
2021-11-09,1128299,5,21,2,39.0,47,183.3,78.81899999999999,0.43
2021-11-09,1128299,1,21,2,55.0,44,242.0,108.9,0.44999999999999996
2021-11-09,1128299,4,21,2,60.0,65,390.0,198.9,0.51
2021-12-08,1128299,3,21,2,55.0,150,825.0,379.49999999999994,0.45999999999999996
2021-12-08,1128299,2,21,2,46.0,75,345.0,155.24999999999997,0.44999999999999996
2021-12-08,1128299,6,21,2,48.0,73,350.4,157.68,0.44999999999999996
2021-12-08,1128299,5,21,2,47.0,54,253.8,104.05799999999999,0.41
2021-12-08,1128299,1,21,2,58.0,54,313.2,140.94,0.44999999999999996
2021-12-08,1128299,4,21,2,63.0,78,491.4,260.442,0.53
2021-01-06,1128299,3,21,2,27.0,113,305.1,137.295,0.44999999999999996
2021-01-06,1128299,2,21,2,29.0,70,203.0,93.38,0.45999999999999996
2021-01-06,1128299,6,21,2,19.0,68,129.2,58.14,0.44999999999999996
2021-01-06,1128299,5,21,2,24.0,26,62.4,28.079999999999995,0.44999999999999996
2021-01-06,1128299,1,21,2,38.0,42,159.6,100.548,0.63
2021-01-06,1128299,4,21,2,28.0,75,210.0,109.2,0.52
2021-02-06,1128299,3,21,2,28.0,145,406.0,178.64000000000001,0.44
2021-02-06,1128299,2,21,2,28.0,45,126.0,57.959999999999994,0.45999999999999996
2021-02-06,1128299,6,21,2,19.0,56,106.4,43.623999999999995,0.41
2021-02-06,1128299,5,19,2,25.0,23,57.5,25.3,0.44
2021-02-06,1128299,1,19,2,38.0,38,144.4,93.86,0.65
2021-02-06,1128299,4,19,2,14.0,68,95.2,51.408,0.54
2021-03-05,1128299,3,19,2,19.0,136,258.4,103.36000000000001,0.4
2021-03-05,1128299,2,19,2,19.0,47,89.3,40.184999999999995,0.44999999999999996
2021-03-05,1128299,6,19,2,9.0,65,58.5,23.4,0.4
2021-03-05,1128299,5,19,2,14.0,28,39.2,16.464,0.42
2021-03-05,1128299,1,19,2,28.0,39,109.2,69.888,0.64
2021-03-05,1128299,4,19,2,20.0,68,136.0,72.08000000000001,0.53
2021-04-06,1128299,3,19,2,20.0,124,248.0,111.6,0.44999999999999996
2021-04-06,1128299,2,19,2,18.0,49,88.2,43.218,0.49
2021-04-06,1128299,6,19,2,10.0,53,53.0,23.32,0.44
2021-04-06,1128299,5,19,2,15.0,28,42.0,18.9,0.44999999999999996
2021-04-06,1128299,1,19,2,55.0,34,187.0,114.07000000000001,0.61
2021-04-06,1128299,4,19,2,46.0,63,289.8,150.696,0.52
2021-05-07,1128299,3,19,2,57.0,146,832.2,349.524,0.42
2021-05-07,1128299,2,19,2,37.0,63,233.1,107.226,0.45999999999999996
2021-05-07,1128299,6,19,2,33.0,54,178.2,73.062,0.41
2021-05-07,1128299,5,19,2,33.0,34,112.2,49.368,0.44
2021-05-07,1128299,1,19,2,43.0,42,180.6,117.39000000000001,0.65
2021-05-07,1128299,4,19,2,46.0,69,317.4,165.048,0.52
2021-06-06,1128299,3,19,2,32.0,137,438.4,184.128,0.42
2021-06-06,1128299,2,19,2,28.0,77,215.6,103.48799999999999,0.48
2021-06-06,1128299,6,19,2,23.0,50,115.0,51.75,0.44999999999999996
2021-06-06,1128299,5,19,2,24.0,44,105.6,46.464,0.44
2021-06-06,1128299,1,19,2,34.0,44,149.6,95.744,0.64
2021-06-06,1128299,4,19,2,51.0,85,433.5,229.75500000000002,0.53
2021-07-05,1128299,3,19,2,49.0,138,676.2,297.528,0.44
2021-07-05,1128299,2,19,2,44.0,87,382.8,187.572,0.49
2021-07-05,1128299,6,19,2,36.0,68,244.8,107.71200000000002,0.44
2021-07-05,1128299,5,19,2,37.0,47,173.9,71.299,0.41
2021-07-05,1128299,1,19,2,46.0,60,276.0,165.6,0.6
2021-07-05,1128299,4,19,2,51.0,94,479.4,239.7,0.5
2021-08-06,1128299,3,19,2,49.0,131,641.9,269.598,0.42
2021-08-06,1128299,2,19,2,42.0,78,327.6,150.69599999999997,0.45999999999999996
2021-08-06,1128299,6,19,2,39.0,61,237.9,102.297,0.43
2021-08-06,1128299,5,19,2,37.0,54,199.8,81.91799999999999,0.41
2021-08-06,1128299,1,19,2,48.0,51,244.8,146.88,0.6
2021-08-06,1128299,4,19,2,53.0,98,519.4,285.67,0.55
2021-09-07,1128299,3,19,2,34.0,133,452.2,180.88000000000002,0.4
2021-09-07,1128299,2,19,2,27.0,77,207.9,97.713,0.47
2021-09-07,1128299,6,19,2,24.0,49,117.6,47.040000000000006,0.4
2021-09-07,1128299,5,19,2,23.0,38,87.4,39.33,0.44999999999999996
2021-09-07,1128299,1,19,2,34.0,45,153.0,93.33,0.61
2021-09-07,1128299,4,19,2,36.0,61,219.6,109.8,0.5
2021-10-06,1128299,3,19,2,43.0,112,481.6,197.456,0.41
2021-10-06,1128299,2,19,2,32.0,75,240.0,110.4,0.45999999999999996
2021-10-06,1128299,6,19,2,34.0,39,132.6,54.366,0.41
2021-10-06,1128299,5,19,2,34.0,31,105.4,44.268,0.42
2021-10-06,1128299,1,19,2,42.0,38,159.6,102.144,0.64
2021-10-17,1128299,4,12,2,47.0,84,394.8,197.4,0.5
2021-11-17,1128299,3,12,2,44.0,117,514.8,267.696,0.52
2021-11-17,1128299,2,12,2,33.0,95,313.5,166.15500000000003,0.53
2021-11-17,1128299,6,12,2,32.0,77,246.4,123.2,0.5
2021-11-17,1128299,5,12,2,38.0,91,345.8,190.19,0.55
2021-11-17,1128299,1,12,2,62.0,78,483.6,256.308,0.53
2021-11-17,1128299,4,12,2,64.0,100,640.0,326.4,0.51
2021-12-16,1128299,3,12,2,60.0,176,1056.0,549.12,0.52
2021-12-16,1128299,2,12,2,52.0,135,702.0,365.04,0.52
2021-12-16,1128299,5,12,2,53.0,102,540.6,275.706,0.51
2021-12-16,1128299,1,12,2,61.0,95,579.5,289.75,0.5
2021-12-16,1128299,4,12,2,68.0,122,829.6,456.28000000000003,0.55
2021-01-24,1128299,3,12,2,33.0,106,349.8,174.9,0.5
2021-01-24,1128299,2,12,2,34.0,68,231.2,108.66399999999999,0.47
2021-01-24,1128299,6,12,2,24.0,63,151.2,69.55199999999999,0.45999999999999996
2021-01-24,1128299,5,12,2,28.0,20,56.0,28.0,0.5
2021-01-24,1128299,1,12,2,42.0,33,138.6,59.598,0.43
2021-01-24,1128299,4,12,2,33.0,59,194.7,77.88000000000001,0.4
2021-02-22,1128299,3,12,2,32.0,138,441.6,234.048,0.53
2021-06-22,1128299,6,5,2,37.0,47,173.9,86.95,0.5
2021-06-22,1128299,5,5,2,37.0,44,162.8,81.4,0.5
2021-06-22,1128299,1,5,2,49.0,42,205.8,90.55199999999999,0.44
2021-06-22,1128299,4,5,2,53.0,84,445.2,200.33999999999997,0.44999999999999996
2021-07-20,1128299,3,5,2,49.0,131,641.9,333.788,0.52
2021-10-22,1128299,5,5,2,49.0,21,102.9,51.45,0.5
2021-10-22,1128299,1,5,2,56.0,20,112.0,44.8,0.4
2021-10-22,1128299,4,5,2,60.0,52,312.0,124.8,0.4
2021-11-21,1128299,3,5,2,58.0,88,510.4,280.72,0.55
2021-11-21,1128299,2,5,2,45.0,51,229.5,107.86499999999998,0.47
2021-11-21,1128299,6,5,2,49.0,48,235.2,117.6,0.5
2021-11-21,1128299,5,5,2,48.0,41,196.8,90.52799999999999,0.45999999999999996
2021-11-21,1128299,1,5,2,56.0,31,173.6,76.384,0.44
2021-11-21,1128299,4,5,2,62.0,63,390.6,167.958,0.43
2021-12-20,1128299,3,5,2,57.0,122,695.4,347.7,0.5
2021-12-20,1128299,2,5,2,46.0,65,299.0,149.5,0.5
2021-12-20,1128299,6,5,2,45.0,65,292.5,137.475,0.47
2021-12-20,1128299,5,5,2,49.0,44,215.6,101.332,0.47
2021-12-20,1128299,1,5,2,54.0,51,275.4,112.91399999999999,0.41
2021-12-20,1128299,4,5,2,61.0,72,439.2,184.464,0.42
2021-01-17,1128299,3,5,2,36.0,137,493.2,221.93999999999997,0.44999999999999996
2021-01-17,1128299,2,5,2,38.0,81,307.8,153.9,0.5
2021-01-17,1128299,6,5,2,29.0,91,263.9,139.86700000000002,0.53
2021-01-17,1128299,5,5,2,32.0,47,150.4,82.72,0.55
2021-01-17,1128299,1,5,2,49.0,59,289.1,121.422,0.42
2021-01-17,1128299,4,5,2,36.0,81,291.6,148.716,0.51
2021-02-15,1128299,3,5,2,39.0,144,561.6,280.8,0.5
2021-02-15,1128299,2,5,2,37.0,61,225.7,103.822,0.45999999999999996
2021-02-15,1128299,6,5,2,27.0,69,186.3,95.013,0.51
2021-02-15,1128299,5,54,2,33.0,45,148.5,81.67500000000001,0.55
2021-02-15,1128299,1,54,2,45.0,65,292.5,119.925,0.41
2021-02-15,1128299,4,54,2,39.0,98,382.2,202.566,0.53
2021-03-13,1128299,3,54,2,36.0,158,568.8,261.648,0.45999999999999996
2021-03-13,1128299,2,54,2,39.0,68,265.2,119.33999999999999,0.44999999999999996
2021-03-13,1128299,6,54,2,29.0,69,200.1,108.054,0.54
2021-03-13,1128299,5,54,2,32.0,31,99.2,52.576,0.53
2021-03-13,1128299,1,54,2,46.0,49,225.4,92.414,0.41
2021-03-13,1128299,4,54,2,39.0,72,280.8,140.4,0.5
2021-04-14,1128299,3,54,2,36.0,131,471.6,235.8,0.5
2021-04-14,1128299,2,54,2,38.0,61,231.8,108.946,0.47
2021-04-14,1128299,6,54,2,27.0,59,159.3,87.61500000000001,0.55
2021-04-14,1128299,5,54,2,32.0,44,140.8,71.808,0.51
2021-04-14,1128299,1,54,2,47.0,45,211.5,95.17499999999998,0.44999999999999996
2021-04-14,1128299,4,54,2,38.0,78,296.4,160.056,0.54
2021-05-13,1128299,3,54,2,51.0,160,816.0,391.67999999999995,0.48
2021-05-13,1128299,2,54,2,47.0,69,324.3,145.935,0.44999999999999996
2021-05-13,1128299,6,54,2,41.0,81,332.1,172.692,0.52
2021-05-13,1128299,5,54,2,41.0,65,266.5,138.57999999999998,0.52
2021-05-13,1128299,1,54,2,50.0,74,370.0,155.4,0.42
2021-05-13,1128299,4,54,2,54.0,104,561.6,308.88,0.55
2021-06-15,1128299,3,54,2,51.0,189,963.9,443.39399999999995,0.45999999999999996
2021-06-15,1128299,2,54,2,48.0,120,576.0,259.19999999999993,0.44999999999999996
2021-06-15,1128299,6,54,2,43.0,85,365.5,193.715,0.53
2021-06-15,1128299,5,54,2,41.0,75,307.5,169.12500000000003,0.55
2021-06-15,1128299,1,54,2,50.0,75,375.0,150.0,0.4
2021-06-15,1128299,4,54,2,56.0,135,756.0,400.68,0.53
2021-07-13,1128299,3,54,2,53.0,182,964.6,482.3,0.5
2021-07-13,1128299,2,54,2,47.0,119,559.3,251.685,0.44999999999999996
2021-07-13,1128299,6,54,2,41.0,102,418.2,225.82800000000003,0.54
2021-07-13,1128299,5,54,2,43.0,90,387.0,205.10999999999999,0.53
2021-07-13,1128299,1,54,2,51.0,94,479.4,196.554,0.41
2021-07-13,1128299,4,54,2,55.0,145,797.5,398.75,0.5
2021-08-14,1128299,3,54,2,50.0,163,815.0,399.35,0.49
2021-08-14,1128299,2,54,2,47.0,128,601.6,276.736,0.45999999999999996
2021-08-14,1128299,6,54,2,42.0,105,441.0,220.5,0.5
2021-08-14,1128299,5,54,2,41.0,63,258.3,129.15,0.5
2021-08-14,1128299,1,54,2,50.0,63,315.0,141.74999999999997,0.44999999999999996
2021-08-14,1128299,4,54,2,59.0,120,708.0,368.15999999999997,0.52
2021-09-13,1128299,3,54,2,50.0,142,710.0,347.9,0.49
2021-09-13,1128299,2,54,2,47.0,85,399.5,179.77499999999998,0.44999999999999996
2021-09-13,1128299,6,54,2,43.0,61,262.3,133.773,0.51
2021-09-13,1128299,5,54,2,41.0,60,246.0,125.46,0.51
2021-09-13,1128299,1,54,2,50.0,60,300.0,132.0,0.44
2021-09-13,1128299,4,54,2,58.0,84,487.2,263.088,0.54
2021-10-15,1128299,3,54,2,56.0,128,716.8,322.55999999999995,0.44999999999999996
2021-10-15,1128299,2,54,2,51.0,90,459.0,211.13999999999996,0.45999999999999996
2021-10-15,1128299,6,54,2,50.0,52,260.0,143.00000000000003,0.55
2021-10-15,1128299,5,54,2,52.0,44,228.8,114.4,0.5
2021-10-15,1128299,1,54,2,62.0,49,303.8,121.52000000000001,0.4
2021-10-05,1128299,4,22,2,63.0,74,466.2,233.1,0.5
2021-11-04,1128299,3,22,2,60.0,111,666.0,333.0,0.5
2021-11-04,1128299,2,22,2,51.0,84,428.4,222.76800000000003,0.52
2021-11-04,1128299,6,22,2,51.0,80,408.0,183.59999999999997,0.44999999999999996
2021-11-04,1128299,5,22,2,50.0,80,400.0,168.0,0.42
2021-11-04,1128299,1,22,2,60.0,68,408.0,179.52,0.44
2021-11-04,1128299,4,22,2,67.0,95,636.5,299.155,0.47
2021-12-03,1128299,3,22,2,59.0,150,885.0,451.35,0.51
2021-12-03,1128299,2,22,2,51.0,101,515.1,262.701,0.51
2021-12-03,1128299,6,22,2,50.0,88,440.0,197.99999999999997,0.44999999999999996
2021-12-03,1128299,5,22,2,53.0,87,461.1,193.66199999999998,0.42
2021-12-03,1128299,1,22,2,60.0,78,468.0,210.6,0.44999999999999996
2021-12-03,1128299,4,22,2,67.0,112,750.4,345.18399999999997,0.45999999999999996
2021-01-10,1128299,3,22,2,34.0,115,391.0,179.85999999999999,0.45999999999999996
2021-01-10,1128299,2,22,2,34.0,63,214.2,96.38999999999999,0.44999999999999996
2021-01-10,1128299,6,22,2,24.0,63,151.2,83.16,0.55
2021-01-10,1128299,5,22,2,29.0,20,58.0,30.740000000000002,0.53
2021-01-10,1128299,1,22,2,44.0,33,145.2,58.080000000000005,0.4
2021-01-10,1128299,4,22,2,33.0,63,207.9,112.266,0.54
2021-02-08,1128299,3,22,2,34.0,119,404.6,198.254,0.49
2021-02-08,1128299,2,22,2,34.0,36,122.4,57.528,0.47
2021-02-08,1128299,6,22,2,24.0,49,117.6,58.8,0.5
2021-02-08,1128299,5,46,2,29.0,13,37.7,20.358,0.54
2021-02-08,1128299,1,46,2,41.0,35,143.5,58.834999999999994,0.41
2021-02-08,1128299,4,46,2,33.0,65,214.5,113.68500000000002,0.53
2021-03-06,1128299,3,46,2,34.0,111,377.4,188.7,0.5
2021-03-06,1128299,2,46,2,34.0,44,149.6,67.32,0.44999999999999996
2021-03-06,1128299,6,46,2,23.0,51,117.3,60.996,0.52
2021-03-06,1128299,5,46,2,29.0,8,23.2,11.6,0.5
2021-03-06,1128299,1,46,2,44.0,20,88.0,39.599999999999994,0.44999999999999996
2021-03-06,1128299,4,46,2,32.0,51,163.2,88.12800000000001,0.54
2021-04-07,1128299,3,46,2,32.0,111,355.2,174.048,0.49
2021-04-07,1128299,2,46,2,32.0,33,105.6,52.8,0.5
2021-04-07,1128299,6,46,2,24.0,36,86.4,44.928000000000004,0.52
2021-04-07,1128299,5,46,2,29.0,13,37.7,19.981,0.53
2021-04-07,1128299,1,46,2,44.0,15,66.0,26.4,0.4
2021-04-07,1128299,4,46,2,33.0,50,165.0,85.8,0.52
2021-05-06,1128299,3,46,2,49.0,122,597.8,298.9,0.5
2021-05-06,1128299,2,46,2,43.0,49,210.7,94.81499999999998,0.44999999999999996
2021-05-06,1128299,6,46,2,39.0,60,234.0,126.36000000000001,0.54
2021-05-06,1128299,5,46,2,39.0,44,171.6,89.232,0.52
2021-05-06,1128299,1,46,2,49.0,46,225.4,90.16,0.4
2021-05-06,1128299,4,46,2,52.0,81,421.2,223.23600000000002,0.53
2021-06-08,1128299,3,46,2,47.0,138,648.6,291.87,0.44999999999999996
2021-06-08,1128299,2,46,2,41.0,90,369.0,180.81,0.49
2021-06-08,1128299,6,46,2,39.0,65,253.5,139.425,0.55
2021-06-08,1128299,5,46,2,39.0,60,234.0,126.36000000000001,0.54
2021-06-08,1128299,1,46,2,48.0,58,278.4,114.14399999999998,0.41
2021-06-08,1128299,4,46,2,51.0,88,448.8,228.888,0.51
2021-07-06,1128299,3,46,2,46.0,167,768.2,345.68999999999994,0.44999999999999996
2021-07-06,1128299,2,46,2,41.0,81,332.1,166.05,0.5
2021-07-06,1128299,6,46,2,37.0,65,240.5,125.06000000000002,0.52
2021-07-06,1128299,5,46,2,37.0,58,214.6,111.59200000000001,0.52
2021-07-06,1128299,1,46,2,47.0,63,296.1,118.44000000000001,0.4
2021-07-06,1128299,4,46,2,50.0,116,580.0,290.0,0.5
2021-08-07,1128299,3,46,2,46.0,143,657.8,315.744,0.48
2021-08-07,1128299,2,46,2,42.0,91,382.2,179.634,0.47
2021-08-07,1128299,6,46,2,38.0,75,285.0,156.75000000000003,0.55
2021-08-07,1128299,5,46,2,37.0,39,144.3,76.47900000000001,0.53
2021-08-07,1128299,1,46,2,45.0,31,139.5,55.8,0.4
2021-08-07,1128299,4,46,2,52.0,87,452.4,244.296,0.54
2021-09-06,1128299,3,46,2,45.0,111,499.5,224.775,0.44999999999999996
2021-09-06,1128299,2,46,2,43.0,56,240.8,115.58399999999999,0.48
2021-09-06,1128299,6,46,2,36.0,38,136.8,69.768,0.51
2021-09-06,1128299,5,46,2,39.0,27,105.3,56.862,0.54
2021-09-06,1128299,1,46,2,47.0,27,126.9,52.028999999999996,0.41
2021-09-06,1128299,4,46,2,52.0,58,301.6,153.816,0.51
2021-10-08,1128299,3,46,2,53.0,94,498.2,249.1,0.5
2021-10-08,1128299,2,46,2,46.0,56,257.6,126.224,0.49
2021-10-08,1128299,6,46,2,45.0,29,130.5,67.86,0.52
2021-10-08,1128299,5,46,2,47.0,23,108.1,54.05,0.5
2021-10-08,1128299,1,46,2,55.0,19,104.5,41.8,0.4
2021-10-19,1128299,3,32,2,64.0,119,761.6,403.648,0.53
2021-10-19,1128299,2,32,2,62.0,84,520.8,276.024,0.53
2021-10-19,1128299,6,32,2,59.0,54,318.6,140.184,0.44
2021-10-19,1128299,5,32,2,62.0,47,291.4,125.30199999999999,0.43
2021-10-19,1128299,1,32,2,71.0,46,326.6,140.438,0.43
2021-10-19,1128299,4,32,2,72.0,81,583.2,279.936,0.48
2021-11-18,1128299,3,32,2,68.0,117,795.6,421.668,0.53
2021-11-18,1128299,2,32,2,62.0,98,607.6,315.952,0.52
2021-11-18,1128299,6,32,2,63.0,104,655.2,294.84,0.44999999999999996
2021-11-18,1128299,5,32,2,64.0,85,544.0,217.6,0.4
2021-11-18,1128299,1,32,2,71.0,81,575.1,241.542,0.42
2021-11-18,1128299,4,32,2,78.0,116,904.8,425.256,0.47
2021-12-17,1128299,3,32,2,71.0,169,1199.9,659.945,0.55
2021-12-17,1128299,2,32,2,59.0,115,678.5,373.17500000000007,0.55
2021-12-17,1128299,6,32,2,62.0,108,669.6,281.23199999999997,0.42
2021-12-17,1128299,5,32,2,62.0,88,545.6,240.064,0.44
2021-12-17,1128299,1,32,2,74.0,105,777.0,334.11,0.43
2021-12-17,1128299,4,32,2,74.0,117,865.8,424.242,0.49
2021-01-24,1128299,3,32,2,52.0,145,754.0,346.84000000000003,0.46
2021-01-24,1128299,2,32,2,50.0,84,420.0,197.40000000000003,0.47000000000000003
2021-01-24,1128299,6,32,2,44.0,90,396.0,138.6,0.35
2021-01-24,1128299,5,32,2,49.0,39,191.1,70.707,0.37
2021-01-24,1128299,1,32,2,60.0,54,324.0,119.88,0.37
2021-01-24,1128299,4,32,2,54.0,78,421.2,189.54,0.44999999999999996
2021-02-22,1128299,3,32,2,52.0,173,899.6,404.82000000000005,0.45000000000000007
2021-02-22,1128299,2,32,2,53.0,59,312.7,143.842,0.46
2021-02-22,1128299,6,32,2,43.0,83,356.9,142.76000000000002,0.4
2020-01-01,1128299,3,37,3,34.0,384,1305.6,678.912,0.52
2020-01-02,1128299,2,37,3,36.0,320,1152.0,403.19999999999993,0.35
2020-01-03,1128299,6,37,3,32.0,350,1120.0,414.4,0.37
2020-01-04,1128299,5,37,3,36.0,281,1011.6,374.29200000000003,0.37
2020-01-05,1128299,1,37,3,43.0,306,1315.8,486.846,0.37
2020-01-06,1128299,4,37,3,38.0,330,1254.0,401.28000000000003,0.32
2020-01-07,1128299,3,37,3,33.0,388,1280.4,665.808,0.52
2020-01-08,1128299,2,37,3,39.0,315,1228.5,405.405,0.32999999999999996
2020-01-21,1128299,6,37,3,32.0,323,1033.6,392.768,0.38
2020-01-22,1128299,5,37,3,32.0,248,793.6,301.568,0.38
2020-01-23,1128299,1,37,3,43.0,306,1315.8,460.5299999999999,0.35
2020-01-24,1128299,4,37,3,36.0,350,1260.0,365.4,0.29
2020-01-25,1128299,3,37,3,40.0,390,1560.0,811.2,0.52
2020-01-26,1128299,2,37,3,35.0,315,1102.5,396.9,0.36
2020-01-27,1128299,6,37,3,27.0,314,847.8,347.598,0.41
2020-01-28,1128299,5,37,3,31.0,240,744.0,297.59999999999997,0.39999999999999997
2020-01-29,1128299,1,37,3,43.0,289,1242.7,397.664,0.32
2020-01-30,1128299,4,37,3,36.0,323,1162.8,313.956,0.27
2020-01-31,1128299,3,37,3,33.0,372,1227.6,662.9040000000001,0.54
2020-02-01,1128299,2,37,3,35.0,315,1102.5,363.82499999999993,0.32999999999999996
2020-02-02,1128299,6,37,3,28.0,315,882.0,335.15999999999997,0.38
2020-02-03,1128299,5,37,3,31.0,289,895.9,331.483,0.37
2020-02-04,1128299,1,37,3,44.0,281,1236.4,445.104,0.36
2020-02-05,1128299,4,37,3,39.0,333,1298.7,350.649,0.27
2020-02-06,1128299,3,37,3,44.0,366,1610.4,837.408,0.52
2020-02-07,1128299,2,37,3,37.0,296,1095.2,383.32,0.35
2020-02-08,1128299,6,37,3,36.0,288,1036.8,435.45599999999996,0.42
2020-02-09,1128299,5,37,3,33.0,289,953.7,381.47999999999996,0.39999999999999997
2020-02-10,1128299,1,37,3,47.0,280,1316.0,460.6,0.35
2020-03-03,1128299,4,37,3,44.0,320,1408.0,408.32,0.29
2020-03-04,1128299,3,37,3,47.0,400,1880.0,977.6,0.52
2020-03-05,1128299,2,37,3,41.0,340,1394.0,473.9599999999999,0.33999999999999997
2020-03-06,1128299,6,37,3,37.0,296,1095.2,449.032,0.41
2020-03-07,1128299,5,37,3,38.0,297,1128.6,428.86800000000005,0.38
2020-03-08,1128299,1,37,3,45.0,288,1296.0,440.64,0.33999999999999997
2020-03-09,1128299,4,37,3,46.0,347,1596.2,510.784,0.32
2020-03-10,1128299,3,37,3,44.0,434,1909.6,992.992,0.52
2020-03-11,1128299,2,37,3,41.0,318,1303.8,482.40599999999995,0.37
2020-03-12,1128299,6,37,3,35.0,295,1032.5,433.65,0.42
2020-03-13,1128299,5,37,3,35.0,270,945.0,349.65,0.37
2020-03-14,1128299,1,37,3,46.0,278,1278.8,434.7919999999999,0.33999999999999997
2020-03-15,1128299,4,37,3,47.0,352,1654.4,446.688,0.27
2020-03-16,1128299,3,37,3,41.0,375,1537.5,799.5,0.52
2020-03-17,1128299,2,37,3,37.0,359,1328.3,451.62199999999996,0.33999999999999997
2020-03-18,1128299,6,37,3,37.0,314,1161.8,429.866,0.37
2020-03-31,1128299,5,37,3,40.0,324,1296.0,518.4,0.39999999999999997
2021-05-31,1128299,3,30,3,36.0,147,529.2,238.14000000000001,0.45
2021-06-01,1128299,2,30,3,31.0,91,282.1,115.66099999999999,0.41
2021-06-02,1128299,6,30,3,24.0,94,225.6,87.984,0.38999999999999996
2021-06-03,1128299,5,30,3,27.0,41,110.7,50.922000000000004,0.46
2021-10-22,1128299,3,17,3,34.0,128,435.2,269.82400000000007,0.6200000000000001
2021-10-23,1128299,2,17,3,34.0,68,231.2,90.16799999999999,0.38999999999999996
2021-10-24,1128299,6,17,3,28.0,72,201.6,84.672,0.42
2021-10-25,1128299,5,17,3,28.0,23,64.4,27.691999999999997,0.42999999999999994
2021-10-26,1128299,1,42,3,42.0,41,172.2,70.602,0.41
2021-10-27,1128299,4,42,3,32.0,70,224.0,76.16,0.33999999999999997
2021-10-28,1128299,3,42,3,32.0,166,531.2,318.72,0.6000000000000001
2021-10-29,1128299,2,42,3,32.0,44,140.8,56.31999999999999,0.39999999999999997
2021-10-30,1128299,6,42,3,25.0,54,135.0,60.749999999999986,0.44999999999999996
2021-10-31,1128299,5,42,3,28.0,17,47.6,19.991999999999997,0.42
2021-11-01,1128299,1,42,3,39.0,40,156.0,57.720000000000006,0.37
2021-11-02,1128299,4,42,3,30.0,74,222.0,77.7,0.35
2021-11-03,1128299,3,42,3,39.0,156,608.4,352.872,0.5800000000000001
2021-11-04,1128299,2,42,3,33.0,53,174.9,64.713,0.37
2021-11-05,1128299,6,42,3,29.0,58,168.2,75.69,0.44999999999999996
2021-11-06,1128299,5,42,3,32.0,8,25.6,11.264,0.43999999999999995
2021-11-07,1128299,1,42,3,41.0,24,98.4,33.455999999999996,0.33999999999999997
2021-11-08,1128299,4,42,3,38.0,61,231.8,71.858,0.31
2021-11-09,1128299,3,42,3,35.0,140,490.0,279.30000000000007,0.5700000000000001
2021-11-10,1128299,2,42,3,37.0,51,188.7,60.384,0.32
2021-11-11,1128299,6,42,3,27.0,51,137.7,57.834,0.42
2021-11-12,1128299,5,42,3,36.0,24,86.4,32.832,0.38
2021-11-13,1128299,1,42,3,45.0,26,117.0,43.29,0.37
2021-11-14,1128299,4,42,3,39.0,64,249.6,67.39200000000001,0.27
2021-11-15,1128299,3,42,3,44.0,150,660.0,343.2,0.52
2021-11-16,1128299,2,42,3,40.0,54,216.0,71.28,0.32999999999999996
2021-11-17,1128299,6,42,3,38.0,53,201.4,74.518,0.37
2021-11-18,1128299,5,42,3,42.0,34,142.8,57.11999999999999,0.39999999999999997
2021-11-19,1128299,1,42,3,51.0,39,198.9,73.59299999999999,0.37
2021-11-20,1128299,4,42,3,51.0,78,397.8,147.18599999999998,0.37
2021-11-21,1128299,3,42,3,49.0,170,833.0,474.81000000000006,0.5700000000000001
2021-11-22,1128299,2,42,3,41.0,85,348.5,135.915,0.38999999999999996
2021-11-23,1128299,6,42,3,42.0,54,226.8,97.52399999999999,0.42999999999999994
2021-11-24,1128299,5,42,3,43.0,53,227.9,107.11299999999999,0.47
2021-11-25,1128299,1,42,3,43.0,48,206.4,86.688,0.42
2021-11-26,1128299,4,42,3,52.0,105,546.0,191.09999999999997,0.35
2021-11-27,1128299,3,42,3,49.0,175,857.5,488.7750000000001,0.5700000000000001
2021-11-28,1128299,2,42,3,45.0,99,445.5,173.74499999999998,0.38999999999999996
2021-11-29,1128299,6,42,3,43.0,72,309.6,133.128,0.42999999999999994
2021-11-30,1128299,5,42,3,39.0,56,218.4,102.648,0.47
2021-12-01,1128299,1,42,3,50.0,64,320.0,128.0,0.39999999999999997
2021-12-02,1128299,4,42,3,50.0,116,580.0,208.8,0.36
2021-12-03,1128299,3,42,3,51.0,179,912.9,529.4820000000001,0.5800000000000001
2021-12-04,1128299,2,42,3,44.0,102,448.8,188.496,0.42
2021-12-05,1128299,6,42,3,38.0,79,300.2,141.094,0.47
2021-12-06,1128299,5,42,3,43.0,62,266.6,122.636,0.45999999999999996
2021-12-07,1128299,1,42,3,46.0,54,248.4,96.87599999999999,0.38999999999999996
2021-12-08,1128299,4,42,3,49.0,123,602.7,216.97199999999998,0.36
2021-12-09,1128299,3,42,3,46.0,162,745.2,387.504,0.52
2021-12-10,1128299,2,42,3,40.0,91,364.0,123.75999999999999,0.33999999999999997
2021-12-11,1128299,6,42,3,32.0,60,192.0,76.79999999999998,0.39999999999999997
2021-12-12,1128299,5,42,3,32.0,53,169.6,69.536,0.41
2021-12-13,1128299,1,42,3,36.0,41,147.6,50.184,0.33999999999999997
2021-12-14,1128299,4,42,3,48.0,79,379.2,117.55199999999999,0.31
2021-12-15,1128299,3,42,3,47.0,124,582.8,308.884,0.53
2021-12-16,1128299,2,42,3,35.0,68,238.0,76.16,0.32
2021-12-17,1128299,6,42,3,38.0,38,144.4,54.872,0.38
2021-12-18,1128299,5,42,3,40.0,34,136.0,51.67999999999999,0.38
2021-12-19,1128299,1,42,3,43.0,30,129.0,42.56999999999999,0.32999999999999996
2021-12-20,1128299,4,42,3,42.0,74,310.8,99.456,0.32
2021-12-21,1128299,3,42,3,48.0,124,595.2,357.12000000000006,0.6000000000000001
2021-12-22,1128299,2,42,3,43.0,68,292.4,122.80799999999999,0.42
2021-12-23,1128299,6,42,3,47.0,66,310.2,136.488,0.43999999999999995
2021-12-24,1128299,5,42,3,43.0,60,258.0,118.67999999999999,0.45999999999999996
2021-12-25,1128299,1,42,3,51.0,48,244.8,95.472,0.38999999999999996
2021-12-26,1128299,4,42,3,53.0,75,397.5,143.1,0.36
2021-12-27,1128299,3,42,3,53.0,143,757.9,462.3190000000001,0.6100000000000001
2021-12-28,1128299,2,42,3,47.0,85,399.5,163.795,0.41
2021-12-29,1128299,6,42,3,44.0,79,347.6,152.944,0.43999999999999995
2021-12-30,1128299,5,42,3,40.0,53,212.0,95.39999999999999,0.44999999999999996
2021-12-31,1128299,1,42,3,46.0,56,257.6,100.46399999999998,0.38999999999999996
2020-01-01,1128299,4,42,3,53.0,83,439.9,140.768,0.32
2021-05-21,1128299,3,27,3,27.0,140,378.0,166.32,0.44
2021-05-22,1128299,2,27,3,23.0,70,161.0,66.00999999999999,0.41
2021-05-23,1128299,6,27,3,19.0,74,140.6,54.83399999999999,0.38999999999999996
2021-05-24,1128299,5,27,3,22.0,23,50.6,21.758000000000003,0.43000000000000005
2021-02-24,1128299,5,47,3,28.0,64,179.2,73.472,0.41
2021-02-24,1128299,1,47,3,29.0,39,113.1,50.894999999999996,0.45
2021-02-24,1128299,4,47,3,30.0,107,321.0,115.55999999999999,0.36
2021-03-23,1128299,3,47,3,30.0,162,486.0,184.68,0.38
2021-03-23,1128299,2,47,3,35.0,98,343.0,140.63,0.41
2021-03-23,1128299,6,47,3,43.0,112,481.6,197.456,0.41
2021-03-23,1128299,5,47,3,38.0,78,296.4,115.59599999999998,0.38999999999999996
2021-03-23,1128299,1,47,3,43.0,33,141.9,59.598,0.42000000000000004
2021-03-23,1128299,4,47,3,35.0,102,357.0,128.52,0.36
2021-04-24,1128299,3,47,3,38.0,147,558.6,206.68200000000002,0.37
2021-04-24,1128299,2,47,3,44.0,85,374.0,153.33999999999997,0.41
2021-04-24,1128299,6,47,3,41.0,114,467.4,172.938,0.37
2021-04-24,1128299,5,47,3,32.0,68,217.6,91.392,0.42
2021-04-24,1128299,1,47,3,40.0,40,160.0,67.20000000000002,0.42000000000000004
2021-04-24,1128299,4,47,3,47.0,90,423.0,152.28,0.36
2021-05-25,1128299,3,47,3,39.0,175,682.5,273.0,0.39999999999999997
2021-05-25,1128299,2,47,3,40.0,105,420.0,172.2,0.41
2021-05-25,1128299,6,47,3,37.0,109,403.3,149.221,0.37
2021-05-25,1128299,5,47,3,33.0,85,280.5,106.59,0.38
2021-05-25,1128299,1,47,3,34.0,54,183.6,78.94800000000001,0.43000000000000005
2021-05-25,1128299,4,47,3,44.0,168,739.2,258.71999999999997,0.35
2021-06-24,1128299,3,47,3,37.0,233,862.1,318.977,0.37
2021-06-24,1128299,2,47,3,45.0,221,994.5,407.745,0.41
2021-06-24,1128299,6,47,3,58.0,208,1206.4,446.36800000000005,0.37
2021-06-24,1128299,5,47,3,61.0,184,1122.4,460.184,0.41
2021-06-24,1128299,1,47,3,68.0,128,870.4,400.384,0.46
2021-06-24,1128299,4,47,3,82.0,231,1894.2,700.854,0.37
2021-07-23,1128299,3,47,3,60.0,272,1632.0,603.8399999999999,0.37
2021-07-23,1128299,2,47,3,60.0,224,1344.0,510.71999999999997,0.38
2021-07-23,1128299,6,47,3,62.0,208,1289.6,490.04800000000006,0.38
2021-07-23,1128299,5,47,3,65.0,187,1215.5,510.50999999999993,0.42
2021-07-23,1128299,1,47,3,72.0,210,1512.0,650.1600000000001,0.43000000000000005
2021-07-23,1128299,4,47,3,82.0,186,1525.2,503.3159999999999,0.32999999999999996
2021-08-24,1128299,3,47,3,67.0,272,1822.4,728.9599999999999,0.39999999999999997
2021-08-24,1128299,2,47,3,53.0,240,1272.0,534.24,0.42
2021-08-24,1128299,6,47,3,53.0,215,1139.5,421.61499999999995,0.37
2021-08-24,1128299,5,47,3,52.0,136,707.2,275.808,0.38999999999999996
2021-08-24,1128299,1,47,3,51.0,132,673.2,302.94,0.45
2021-08-24,1128299,4,47,3,55.0,80,440.0,149.59999999999997,0.33999999999999997
2021-09-25,1128299,3,47,3,35.0,149,521.5,219.02999999999997,0.42
2021-09-25,1128299,2,47,3,43.0,153,657.9,256.581,0.38999999999999996
2021-09-25,1128299,6,47,3,34.0,78,265.2,106.08,0.39999999999999997
2021-09-25,1128299,5,47,3,37.0,70,259.0,103.6,0.39999999999999997
2021-09-25,1128299,1,47,3,39.0,74,288.6,135.642,0.47000000000000003
2021-09-25,1128299,4,47,3,33.0,83,273.9,98.604,0.36
2021-10-24,1128299,3,47,3,28.0,119,333.2,133.28,0.39999999999999997
2021-10-24,1128299,2,47,3,39.0,173,674.7,256.386,0.38
2021-10-24,1128299,6,47,3,39.0,119,464.1,194.922,0.42
2021-10-24,1128299,5,47,3,31.0,101,313.1,115.84700000000001,0.37
2021-10-24,1128299,1,47,3,42.0,105,441.0,207.27000000000004,0.47000000000000003
2021-10-24,1128299,4,47,3,40.0,109,436.0,139.52,0.32
2021-11-24,1128299,3,47,3,34.0,173,588.2,247.044,0.42
2021-11-24,1128299,2,47,3,34.0,221,751.4,278.018,0.37
2021-11-24,1128299,6,47,3,33.0,143,471.9,184.041,0.38999999999999996
2021-11-24,1128299,5,47,3,36.0,144,518.4,202.176,0.38999999999999996
2021-11-24,1128299,1,47,3,56.0,136,761.6,335.104,0.44
2021-11-24,1128299,4,47,3,60.0,176,1056.0,348.47999999999996,0.32999999999999996
2021-12-23,1128299,3,47,3,49.0,248,1215.2,486.0799999999999,0.39999999999999997
2021-12-23,1128299,2,47,3,54.0,225,1215.0,498.15,0.41
2021-12-16,1128299,6,36,3,53.0,192,1017.6,437.5679999999999,0.42999999999999994
2021-12-16,1128299,5,36,3,53.0,192,1017.6,478.27199999999993,0.47
2021-12-16,1128299,1,36,3,55.0,168,924.0,443.52,0.48
2021-12-16,1128299,4,36,3,59.0,194,1144.6,457.84,0.39999999999999997
2021-01-05,1128299,3,36,3,14.0,223,312.2,106.14799999999998,0.33999999999999997
2021-01-05,1128299,2,36,3,20.0,209,418.0,150.48,0.36
2021-01-05,1128299,6,36,3,21.0,162,340.2,125.874,0.37
2021-01-05,1128299,5,36,3,26.0,166,431.6,181.27200000000002,0.42000000000000004
2021-01-05,1128299,1,36,3,28.0,111,310.8,87.02400000000002,0.28
2021-02-04,1128299,3,36,3,18.0,200,360.0,115.2,0.32
2021-02-04,1128299,2,36,3,28.0,180,504.0,166.32,0.32999999999999996
2021-02-04,1128299,6,36,3,28.0,128,358.4,125.43999999999998,0.35
2021-02-04,1128299,5,8,3,27.0,116,313.2,131.544,0.42000000000000004
2021-02-04,1128299,1,8,3,31.0,88,272.8,81.84,0.3
2021-02-04,1128299,4,8,3,26.0,135,351.0,182.52,0.52
2021-03-06,1128299,3,8,3,21.0,200,420.0,155.4,0.37
2021-03-06,1128299,2,8,3,27.0,188,507.6,197.964,0.38999999999999996
2021-03-06,1128299,6,8,3,20.0,135,270.0,102.6,0.38
2021-03-06,1128299,5,8,3,26.0,112,291.2,136.864,0.47000000000000003
2021-07-06,1128299,4,8,3,51.0,264,1346.4,794.3760000000001,0.5900000000000001
2021-08-08,1128299,3,8,3,38.0,233,885.4,371.868,0.42
2021-08-08,1128299,2,8,3,37.0,255,943.5,405.7049999999999,0.42999999999999994
2021-08-08,1128299,6,8,3,39.0,305,1189.5,511.48499999999996,0.42999999999999994
2021-08-08,1128299,5,8,3,33.0,162,534.6,294.03000000000003,0.55
2021-12-04,1128299,3,8,3,40.0,240,960.0,432.0,0.44999999999999996
2021-12-04,1128299,2,8,3,41.0,240,984.0,452.64,0.45999999999999996
2021-12-04,1128299,6,8,3,47.0,223,1048.1,461.16399999999993,0.43999999999999995
2021-12-04,1128299,5,8,3,44.0,184,809.6,420.992,0.52
2021-12-04,1128299,1,8,3,43.0,147,632.1,259.16099999999994,0.41
2021-12-04,1128299,4,8,3,47.0,232,1090.4,665.1440000000001,0.6100000000000001
2021-01-23,1128299,3,8,3,23.0,136,312.8,125.11999999999998,0.39999999999999997
2021-01-23,1128299,2,8,3,30.0,140,420.0,180.60000000000002,0.43000000000000005
2021-01-23,1128299,6,8,3,31.0,145,449.5,175.30499999999998,0.38999999999999996
2021-01-23,1128299,5,8,3,30.0,88,264.0,97.67999999999999,0.37
2021-01-23,1128299,1,8,3,35.0,68,238.0,80.91999999999999,0.33999999999999997
2021-01-23,1128299,4,8,3,27.0,140,378.0,102.06,0.27
2021-02-23,1128299,3,8,3,21.0,162,340.2,125.874,0.37
2021-02-23,1128299,2,8,3,28.0,128,358.4,154.11200000000002,0.43000000000000005
2021-02-23,1128299,6,8,3,28.0,124,347.2,145.824,0.42
2021-02-23,1128299,5,43,3,26.0,68,176.8,74.256,0.42
2021-02-23,1128299,1,43,3,36.0,51,183.6,67.93199999999999,0.37
2021-02-23,1128299,4,43,3,31.0,116,359.6,97.09200000000001,0.27
2021-03-22,1128299,3,43,3,29.0,160,464.0,185.59999999999997,0.39999999999999997
2021-03-22,1128299,2,43,3,38.0,116,440.8,193.952,0.44
2021-03-22,1128299,6,43,3,37.0,119,440.3,180.52299999999997,0.41
2021-03-22,1128299,5,43,3,38.0,68,258.4,95.608,0.37
2021-03-22,1128299,1,43,3,41.0,39,159.9,51.168,0.32
2021-03-22,1128299,4,43,3,37.0,107,395.9,106.893,0.27
2021-04-23,1128299,3,43,3,40.0,175,700.0,266.0,0.38
2021-04-23,1128299,2,43,3,37.0,90,333.0,146.52,0.44
2021-04-23,1128299,6,43,3,42.0,123,516.6,191.142,0.37
2021-04-23,1128299,5,43,3,40.0,78,312.0,124.8,0.39999999999999997
2021-04-23,1128299,1,43,3,43.0,47,202.1,68.714,0.33999999999999997
2021-04-23,1128299,4,43,3,49.0,111,543.9,163.17000000000002,0.3
2021-05-24,1128299,3,43,3,38.0,184,699.2,265.696,0.38
2021-05-24,1128299,2,43,3,36.0,116,417.6,175.392,0.42000000000000004
2021-05-24,1128299,6,43,3,41.0,132,541.2,205.656,0.38
2021-05-24,1128299,5,43,3,39.0,93,362.7,134.199,0.37
2021-05-24,1128299,1,43,3,39.0,62,241.8,79.794,0.32999999999999996
2021-05-24,1128299,4,43,3,53.0,124,657.2,190.588,0.29
2021-06-23,1128299,3,43,3,37.0,194,717.8,279.94199999999995,0.38999999999999996
2021-06-23,1128299,2,43,3,36.0,143,514.8,216.21600000000004,0.42000000000000004
2021-06-23,1128299,6,43,3,41.0,147,602.7,229.026,0.38
2021-06-23,1128299,5,43,3,38.0,105,399.0,159.59999999999997,0.39999999999999997
2021-06-23,1128299,1,43,3,43.0,72,309.6,105.26399999999998,0.33999999999999997
2021-06-23,1128299,4,43,3,46.0,158,726.8,225.308,0.31
2021-07-22,1128299,3,43,3,40.0,216,864.0,319.68,0.37
2021-07-22,1128299,2,43,3,40.0,163,652.0,299.92,0.46
2021-07-22,1128299,6,43,3,39.0,157,612.3,238.79699999999997,0.38999999999999996
2021-07-22,1128299,5,43,3,36.0,113,406.8,154.584,0.38
2021-07-22,1128299,1,43,3,40.0,145,580.0,214.6,0.37
2021-07-22,1128299,4,43,3,46.0,145,667.0,200.1,0.3
2021-08-23,1128299,3,43,3,41.0,194,795.4,318.15999999999997,0.39999999999999997
2021-08-23,1128299,2,43,3,46.0,190,874.0,367.08000000000004,0.42000000000000004
2021-08-23,1128299,6,43,3,37.0,153,566.1,232.10099999999997,0.41
2021-08-23,1128299,5,43,3,43.0,120,516.0,216.71999999999997,0.42
2021-08-23,1128299,1,43,3,45.0,136,612.0,226.44,0.37
2021-08-23,1128299,4,43,3,48.0,131,628.8,176.06400000000002,0.28
2021-09-24,1128299,3,43,3,35.0,184,644.0,270.47999999999996,0.42
2021-09-24,1128299,2,43,3,34.0,201,683.4,321.198,0.47000000000000003
2021-09-24,1128299,6,43,3,34.0,145,493.0,182.41,0.37
2021-09-24,1128299,5,43,3,33.0,124,409.2,151.404,0.37
2021-09-24,1128299,1,43,3,41.0,128,524.8,173.18399999999997,0.32999999999999996
2021-09-24,1128299,4,43,3,43.0,132,567.6,181.632,0.32
2021-10-23,1128299,3,43,3,36.0,170,612.0,257.04,0.42
2021-10-23,1128299,2,43,3,33.0,175,577.5,242.55000000000004,0.42000000000000004
2021-10-23,1128299,6,43,3,31.0,111,344.1,127.31700000000001,0.37
2021-10-23,1128299,5,43,3,32.0,102,326.4,127.29599999999998,0.38999999999999996
2021-10-23,1128299,1,43,3,44.0,88,387.2,143.26399999999998,0.37
2021-10-23,1128299,4,43,3,47.0,107,502.9,145.84099999999998,0.29
2021-11-23,1128299,3,43,3,31.0,150,465.0,176.7,0.38
2021-11-23,1128299,2,43,3,38.0,163,619.4,291.11800000000005,0.47000000000000003
2021-11-23,1128299,6,43,3,33.0,124,409.2,159.588,0.38999999999999996
2021-11-23,1128299,5,43,3,33.0,116,382.8,160.776,0.42
2021-11-23,1128299,1,43,3,44.0,99,435.6,156.81599999999997,0.36
2021-11-23,1128299,4,43,3,39.0,140,546.0,152.88000000000002,0.28
2021-12-22,1128299,3,43,3,35.0,194,679.0,271.6,0.39999999999999997
2021-12-22,1128299,2,43,3,33.0,213,702.9,323.334,0.46
2021-12-12,1128299,6,4,3,36.0,147,529.2,222.26399999999998,0.42
2021-12-12,1128299,5,4,3,40.0,143,572.0,245.96000000000004,0.43000000000000005
2021-12-12,1128299,1,4,3,44.0,120,528.0,200.64000000000001,0.38
2021-12-12,1128299,4,4,3,47.0,160,752.0,225.6,0.3
2021-01-09,1128299,3,4,3,26.0,349,907.4,426.47800000000007,0.47000000000000003
2021-01-09,1128299,2,4,3,30.0,256,768.0,307.19999999999993,0.39999999999999997
2021-01-09,1128299,6,4,3,24.0,264,633.6,202.752,0.32
2021-01-09,1128299,5,4,3,25.0,209,522.5,182.87499999999997,0.35
2021-01-09,1128299,1,4,3,35.0,247,864.5,337.155,0.38999999999999996
2021-01-09,1128299,4,4,3,30.0,281,843.0,446.7900000000001,0.53
2021-02-07,1128299,3,4,3,31.0,376,1165.6,559.488,0.48
2021-02-07,1128299,2,4,3,27.0,247,666.9,253.42200000000003,0.38
2021-02-07,1128299,6,4,3,21.0,248,520.8,156.23999999999998,0.3
2021-02-18,1128299,5,26,3,19.0,98,186.2,85.652,0.46
2021-02-18,1128299,1,26,3,26.0,136,353.6,137.904,0.38999999999999996
2021-02-18,1128299,4,26,3,20.0,160,320.0,182.40000000000003,0.5700000000000001
2021-03-16,1128299,3,26,3,20.0,223,446.0,205.16,0.46
2021-03-16,1128299,2,26,3,20.0,128,256.0,99.83999999999999,0.38999999999999996
2021-03-16,1128299,6,26,3,11.0,136,149.6,70.312,0.47000000000000003
2021-03-16,1128299,5,26,3,15.0,85,127.5,57.375,0.45
2021-03-16,1128299,1,26,3,25.0,104,260.0,96.2,0.37
2021-03-16,1128299,4,26,3,17.0,136,231.2,124.848,0.54
2021-04-17,1128299,3,26,3,19.0,223,423.7,186.428,0.44
2021-04-17,1128299,2,26,3,20.0,116,232.0,92.79999999999998,0.39999999999999997
2021-04-17,1128299,6,26,3,11.0,124,136.4,61.38000000000001,0.45
2021-04-17,1128299,5,26,3,16.0,96,153.6,66.048,0.43000000000000005
2021-04-17,1128299,1,26,3,30.0,98,294.0,117.6,0.39999999999999997
2021-04-17,1128299,4,26,3,22.0,147,323.4,171.402,0.53
2021-05-16,1128299,3,26,3,27.0,238,642.6,269.892,0.42000000000000004
2021-05-16,1128299,2,26,3,28.0,140,392.0,160.71999999999997,0.41
2021-05-16,1128299,6,26,3,26.0,136,353.6,152.04800000000003,0.43000000000000005
2021-05-16,1128299,5,26,3,24.0,116,278.4,128.06400000000002,0.46
2021-05-16,1128299,1,26,3,34.0,132,448.8,179.51999999999998,0.39999999999999997
2021-05-16,1128299,4,26,3,35.0,150,525.0,294.00000000000006,0.56
2021-06-18,1128299,3,26,3,31.0,263,815.3,358.732,0.44
2021-06-18,1128299,2,26,3,29.0,150,435.0,169.64999999999998,0.38999999999999996
2021-06-18,1128299,6,26,3,33.0,157,518.1,238.32600000000002,0.46
2021-06-18,1128299,5,26,3,34.0,149,506.6,217.83800000000002,0.43000000000000005
2021-06-18,1128299,1,26,3,47.0,135,634.5,241.10999999999999,0.38
2021-06-18,1128299,4,26,3,51.0,219,1116.9,591.9570000000001,0.53
2021-07-16,1128299,3,26,3,47.0,289,1358.3,624.818,0.46
2021-10-05,1128299,4,22,3,46.0,94,432.4,181.608,0.42
2021-11-04,1128299,3,22,3,51.0,149,759.9,326.757,0.43000000000000005
2021-11-04,1128299,2,22,3,37.0,105,388.5,178.71,0.46
2021-11-04,1128299,6,22,3,36.0,103,370.8,137.196,0.37
2021-11-04,1128299,5,22,3,39.0,83,323.7,119.769,0.37
2021-11-04,1128299,1,22,3,44.0,88,387.2,139.392,0.36
2021-11-04,1128299,4,22,3,52.0,116,603.2,235.24799999999996,0.38999999999999996
2021-12-03,1128299,3,22,3,45.0,173,778.5,326.97,0.42000000000000004
2021-12-03,1128299,2,22,3,37.0,131,484.7,218.115,0.45
2021-12-03,1128299,6,22,3,43.0,116,498.8,164.60399999999998,0.32999999999999996
2021-12-03,1128299,5,22,3,38.0,96,364.8,127.67999999999999,0.35
2021-12-03,1128299,1,22,3,42.0,99,415.8,145.53,0.35
2021-12-03,1128299,4,22,3,52.0,120,624.0,230.88000000000002,0.37
2021-01-10,1128299,3,22,3,23.0,149,342.7,143.934,0.42
2021-01-10,1128299,2,22,3,28.0,79,221.2,88.47999999999999,0.39999999999999997
2021-01-10,1128299,6,22,3,19.0,72,136.8,57.456,0.42000000000000004
2021-01-10,1128299,5,22,3,24.0,24,57.6,26.496000000000002,0.46
2021-01-10,1128299,1,22,3,34.0,44,149.6,53.855999999999995,0.36
2021-01-10,1128299,4,22,3,26.0,72,187.2,87.98400000000001,0.47000000000000003
2021-02-08,1128299,3,22,3,24.0,162,388.8,155.51999999999998,0.39999999999999997
2021-02-08,1128299,2,22,3,24.0,41,98.4,38.37599999999999,0.38999999999999996
2021-02-08,1128299,6,22,3,18.0,53,95.4,41.022000000000006,0.43000000000000005
2021-02-08,1128299,5,46,3,20.0,16,32.0,14.4,0.45
2021-02-08,1128299,1,46,3,34.0,40,136.0,48.959999999999994,0.36
2021-02-08,1128299,4,46,3,27.0,77,207.9,97.71300000000001,0.47000000000000003
2021-03-06,1128299,3,46,3,26.0,156,405.6,150.072,0.37
2021-03-06,1128299,2,46,3,27.0,45,121.5,47.385,0.38999999999999996
2021-03-06,1128299,6,46,3,17.0,56,95.2,44.74400000000001,0.47000000000000003
2021-03-06,1128299,5,46,3,20.0,8,16.0,7.5200000000000005,0.47000000000000003
2021-03-06,1128299,1,46,3,33.0,25,82.5,29.7,0.36
2021-03-06,1128299,4,46,3,25.0,58,145.0,63.8,0.44
2021-04-07,1128299,3,46,3,28.0,132,369.6,155.232,0.42
2021-04-07,1128299,2,46,3,23.0,40,92.0,36.8,0.39999999999999997
2021-04-07,1128299,6,46,3,16.0,44,70.4,29.568,0.42000000000000004
2021-04-07,1128299,5,46,3,21.0,17,35.7,16.065,0.45
2021-04-07,1128299,1,46,3,33.0,15,49.5,15.84,0.32
2021-04-07,1128299,4,46,3,26.0,60,156.0,68.64,0.44
2021-05-06,1128299,3,46,3,39.0,150,585.0,239.85,0.41
2021-05-06,1128299,2,46,3,32.0,58,185.6,68.672,0.37
2021-05-06,1128299,6,46,3,32.0,60,192.0,80.64000000000001,0.42000000000000004
2021-05-06,1128299,5,46,3,27.0,51,137.7,63.342000000000006,0.46
2021-05-06,1128299,1,46,3,40.0,54,216.0,79.92,0.37
2021-05-06,1128299,4,46,3,36.0,93,334.8,147.312,0.44
2021-06-08,1128299,3,46,3,36.0,176,633.6,253.43999999999997,0.39999999999999997
2021-06-08,1128299,2,46,3,35.0,105,367.5,143.325,0.38999999999999996
2021-06-08,1128299,6,46,3,32.0,74,236.8,99.456,0.42000000000000004
2021-06-08,1128299,5,46,3,26.0,70,182.0,83.72,0.46
2021-06-08,1128299,1,46,3,39.0,66,257.4,90.09,0.35
2021-06-08,1128299,4,46,3,43.0,119,511.7,230.26500000000001,0.45
2021-07-06,1128299,3,46,3,38.0,173,657.4,249.81199999999998,0.38
2021-07-06,1128299,2,46,3,32.0,114,364.8,134.976,0.37
2021-07-06,1128299,6,46,3,27.0,78,210.6,94.77000000000001,0.45
2021-07-06,1128299,5,46,3,31.0,60,186.0,85.56,0.46
2021-07-06,1128299,1,46,3,33.0,68,224.4,76.29599999999999,0.33999999999999997
2021-07-06,1128299,4,46,3,38.0,136,516.8,217.05600000000004,0.42000000000000004
2021-08-07,1128299,3,46,3,38.0,182,691.6,283.556,0.41
2021-08-07,1128299,2,46,3,31.0,111,344.1,130.75799999999998,0.38
2021-08-07,1128299,6,46,3,30.0,85,255.0,109.65000000000002,0.43000000000000005
2021-08-07,1128299,5,46,3,29.0,47,136.3,58.609,0.43000000000000005
2021-08-07,1128299,1,46,3,37.0,40,148.0,53.279999999999994,0.36
2021-08-07,1128299,4,46,3,38.0,96,364.8,171.45600000000002,0.47000000000000003
2021-09-06,1128299,3,46,3,39.0,128,499.2,209.664,0.42
2021-09-06,1128299,2,46,3,30.0,79,237.0,87.69,0.37
2021-09-06,1128299,6,46,3,29.0,39,113.1,48.633,0.43000000000000005
2021-09-06,1128299,5,46,3,30.0,32,96.0,44.160000000000004,0.46
2021-09-06,1128299,1,46,3,34.0,33,112.2,40.391999999999996,0.36
2021-09-06,1128299,4,46,3,41.0,64,262.4,118.08,0.45
2021-10-08,1128299,3,46,3,37.0,113,418.1,171.421,0.41
2021-10-08,1128299,2,46,3,38.0,68,258.4,98.192,0.38
2021-10-08,1128299,6,46,3,40.0,30,120.0,52.8,0.44
2021-10-08,1128299,5,46,3,39.0,23,89.7,40.365,0.45
2021-10-08,1128299,1,46,3,40.0,23,92.0,30.359999999999996,0.32999999999999996
2021-10-19,1128299,3,32,3,52.0,162,842.4,353.80800000000005,0.42000000000000004
2021-10-19,1128299,2,32,3,44.0,99,435.6,191.66400000000002,0.44
2021-10-19,1128299,6,32,3,52.0,60,312.0,102.96,0.32999999999999996
2021-10-19,1128299,5,32,3,44.0,61,268.4,85.888,0.32
2021-10-19,1128299,1,32,3,50.0,58,290.0,92.8,0.32
2021-10-19,1128299,4,32,3,64.0,90,576.0,224.63999999999996,0.38999999999999996
2021-11-18,1128299,3,32,3,59.0,149,879.1,378.01300000000003,0.43000000000000005
2021-11-18,1128299,2,32,3,42.0,114,478.8,205.88400000000001,0.43000000000000005
2021-11-18,1128299,6,32,3,51.0,114,581.4,203.48999999999998,0.35
2021-11-18,1128299,5,32,3,43.0,114,490.2,166.66799999999998,0.33999999999999997
2021-11-18,1128299,1,32,3,59.0,96,566.4,192.57599999999996,0.33999999999999997
2021-11-18,1128299,4,32,3,61.0,120,732.0,300.12,0.41
2021-12-17,1128299,3,32,3,49.0,200,980.0,460.6,0.47000000000000003
2021-12-17,1128299,2,32,3,49.0,128,627.2,263.42400000000004,0.42000000000000004
2021-12-17,1128299,6,32,3,47.0,128,601.6,216.57599999999996,0.36
2021-12-17,1128299,5,32,3,49.0,116,568.4,198.94,0.35
2021-12-17,1128299,1,32,3,50.0,123,615.0,227.55,0.37
2021-12-17,1128299,4,32,3,61.0,144,878.4,351.36,0.39999999999999997
2021-01-24,1128299,3,32,3,36.0,165,594.0,219.78000000000003,0.37000000000000005
2021-01-24,1128299,2,32,3,36.0,93,334.8,133.92000000000002,0.4
2021-01-24,1128299,6,32,3,35.0,99,346.5,93.555,0.27
2021-01-24,1128299,5,32,3,33.0,51,168.3,47.12400000000001,0.28
2021-01-24,1128299,1,32,3,50.0,64,320.0,89.60000000000001,0.28
2021-01-24,1128299,4,32,3,41.0,105,430.5,137.76000000000002,0.32
2021-02-22,1128299,3,32,3,41.0,184,754.4,279.12800000000004,0.37000000000000005
2021-02-22,1128299,2,32,3,42.0,70,294.0,123.48000000000002,0.42000000000000004
2021-02-22,1128299,6,32,3,29.0,83,240.7,64.989,0.27
2021-02-17,1197831,3,49,3,35.0,700,24500.0,9800.0,0.4
2021-02-18,1197831,2,49,3,45.0,700,31500.0,7875.0,0.25
2021-03-09,1197831,6,49,3,45.0,700,31500.0,12600.0,0.4
2021-03-10,1197831,5,49,3,45.0,550,24750.0,8662.5,0.35
2021-03-11,1197831,1,30,3,50.0,500,25000.0,13750.0,0.55
2021-03-12,1197831,4,30,3,45.0,700,31500.0,6300.0,0.2
2021-03-13,1197831,3,30,3,35.0,750,26250.0,10500.0,0.4
2021-03-14,1197831,2,30,3,45.0,650,29250.0,7312.5,0.25
2021-03-15,1197831,6,30,3,45.0,675,30375.0,12150.0,0.4
2021-03-16,1197831,5,30,3,45.0,525,23625.0,8268.75,0.35
2021-03-17,1197831,1,30,3,50.0,450,22500.0,12375.000000000002,0.55
2021-03-18,1197831,4,30,3,45.0,650,29250.0,5850.0,0.2
2021-03-19,1197831,3,30,3,35.0,800,28000.0,11200.0,0.4
2021-03-20,1197831,2,30,3,45.0,650,29250.0,7312.5,0.25
2021-03-21,1197831,6,30,3,45.0,650,29250.0,11700.0,0.4
2021-03-22,1197831,5,30,3,45.0,550,24750.0,8662.5,0.35
2021-03-23,1197831,1,30,3,50.0,425,21250.0,11687.500000000002,0.55
2021-04-06,1197831,4,30,3,45.0,625,28125.0,5625.0,0.2
2021-04-07,1197831,3,30,3,45.0,800,36000.0,14400.0,0.4
2021-04-08,1197831,2,30,3,50.0,600,30000.0,7500.0,0.25
2021-04-09,1197831,6,30,3,50.0,625,31250.0,12500.0,0.4
2021-04-10,1197831,5,30,3,45.0,525,23625.0,8268.75,0.35
2021-04-11,1197831,1,30,3,50.0,425,21250.0,11687.500000000002,0.55
2021-04-12,1197831,4,30,3,65.0,600,39000.0,7800.0,0.2
2021-04-13,1197831,3,30,3,45.0,800,36000.0,14400.0,0.4
2021-04-14,1197831,2,30,3,50.0,650,32500.0,8125.0,0.25
2021-04-15,1197831,6,30,3,50.0,650,32500.0,13000.0,0.4
2021-04-16,1197831,5,30,3,45.0,550,24750.0,8662.5,0.35
2021-04-17,1197831,1,30,3,50.0,450,22500.0,12375.000000000002,0.55
2021-04-18,1197831,4,30,3,65.0,625,40625.0,8125.0,0.2
2021-04-19,1197831,3,30,3,45.0,900,40500.0,16200.0,0.4
2021-04-20,1197831,2,30,3,50.0,750,37500.0,9375.0,0.25
2021-04-21,1197831,6,30,3,50.0,750,37500.0,15000.0,0.4
2021-04-22,1197831,5,30,3,45.0,625,28125.0,9843.75,0.35
2021-04-23,1197831,1,30,3,50.0,500,25000.0,13750.0,0.55
2021-04-24,1197831,4,30,3,65.0,800,52000.0,10400.0,0.2
2021-04-25,1197831,3,30,3,45.0,950,42750.0,17100.0,0.4
2021-04-26,1197831,2,30,3,50.0,800,40000.0,10000.0,0.25
2021-04-27,1197831,6,30,3,50.0,750,37500.0,15000.0,0.4
2021-04-28,1197831,5,30,3,45.0,650,29250.0,10237.5,0.35
2021-04-29,1197831,1,30,3,50.0,700,35000.0,19250.000000000004,0.55
2021-04-30,1197831,4,30,3,65.0,700,45500.0,9100.0,0.2
2021-05-01,1197831,3,30,3,50.0,900,45000.0,18000.0,0.4
2021-05-02,1197831,2,30,3,55.00000000000001,850,46750.00000000001,11687.500000000002,0.25
2021-05-03,1197831,6,30,3,50.0,725,36250.0,14500.0,0.4
2021-05-04,1197831,5,30,3,50.0,675,33750.0,11812.499999999998,0.35
2021-05-05,1197831,1,30,3,60.0,675,40500.0,22275.000000000004,0.55
2021-05-06,1197831,4,30,3,65.0,650,42250.0,8450.0,0.2
2021-05-07,1197831,3,30,3,50.0,850,42500.0,17000.0,0.4
2021-05-08,1197831,2,30,3,55.00000000000001,850,46750.00000000001,11687.500000000002,0.25
2021-05-09,1197831,6,30,3,50.0,700,35000.0,14000.0,0.4
2021-05-10,1197831,5,30,3,50.0,650,32500.0,11375.0,0.35
2021-05-11,1197831,1,30,3,60.0,650,39000.0,21450.000000000004,0.55
2021-05-12,1197831,4,30,3,65.0,700,45500.0,9100.0,0.2
2021-05-13,1197831,3,30,3,50.0,800,40000.0,16000.0,0.4
2021-05-14,1197831,2,30,3,55.00000000000001,800,44000.00000000001,11000.000000000002,0.25
2021-05-15,1197831,6,30,3,50.0,650,32500.0,13000.0,0.4
2021-05-16,1197831,5,30,3,50.0,625,31250.0,10937.5,0.35
2021-05-17,1197831,1,30,3,60.0,600,36000.0,19800.000000000004,0.55
2021-05-18,1197831,4,30,3,65.0,650,42250.0,8450.0,0.2
2021-05-19,1197831,3,30,3,50.0,825,41250.0,16500.0,0.4
2021-05-20,1197831,2,30,3,55.00000000000001,825,45375.00000000001,11343.750000000002,0.25
2021-05-21,1197831,6,30,3,50.0,675,33750.0,13500.0,0.4
2021-05-22,1197831,5,30,3,50.0,650,32500.0,11375.0,0.35
2021-05-23,1197831,1,30,3,60.0,600,36000.0,19800.000000000004,0.55
2021-05-24,1197831,4,30,3,65.0,700,45500.0,9100.0,0.2
2021-05-25,1197831,3,30,3,50.0,900,45000.0,18000.0,0.4
2021-05-26,1197831,2,30,3,55.00000000000001,900,49500.00000000001,12375.000000000002,0.25
2021-05-27,1197831,6,30,3,50.0,700,35000.0,14000.0,0.4
2021-05-28,1197831,5,30,3,50.0,700,35000.0,12249.999999999998,0.35
2021-05-29,1197831,1,30,3,60.0,625,37500.0,20625.000000000004,0.55
2021-05-30,1197831,4,30,3,65.0,725,47125.0,9425.0,0.2
2020-12-28,1197831,3,35,3,35.0,475,16625.0,7481.25,0.45
2020-12-29,1197831,2,35,3,45.0,475,21375.0,6412.5,0.3
2020-12-30,1197831,6,35,3,45.0,475,21375.0,9618.75,0.45
2020-12-31,1197831,5,35,3,45.0,325,14625.0,5849.999999999999,0.39999999999999997
2021-01-01,1197831,1,6,3,50.0,275,13750.0,8250.000000000002,0.6000000000000001
2021-01-02,1197831,4,6,3,45.0,475,21375.0,5343.75,0.25
2021-01-03,1197831,3,6,3,35.0,525,18375.0,8268.75,0.45
2021-01-04,1197831,2,6,3,45.0,425,19125.0,5737.5,0.3
2021-01-05,1197831,6,6,3,45.0,450,20250.0,9112.5,0.45
2021-01-06,1197831,5,6,3,45.0,300,13500.0,5399.999999999999,0.39999999999999997
2021-01-07,1197831,1,6,3,50.0,225,11250.0,6750.000000000002,0.6000000000000001
2021-01-08,1197831,4,6,3,45.0,425,19125.0,4781.25,0.25
2021-01-09,1197831,3,6,3,35.0,575,20125.0,9056.25,0.45
2021-01-10,1197831,2,6,3,45.0,425,19125.0,5737.5,0.3
2021-01-11,1197831,6,6,3,45.0,425,19125.0,8606.25,0.45
2021-01-12,1197831,5,6,3,45.0,325,14625.0,5849.999999999999,0.39999999999999997
2021-01-13,1197831,1,6,3,50.0,200,10000.0,6000.000000000001,0.6000000000000001
2021-01-14,1197831,4,6,3,45.0,400,18000.0,4500.0,0.25
2021-01-15,1197831,3,6,3,45.0,575,25875.0,11643.75,0.45
2021-01-16,1197831,2,6,3,45.0,375,16875.0,5062.5,0.3
2021-01-17,1197831,6,6,3,45.0,400,18000.0,8100.0,0.45
2021-01-18,1197831,5,6,3,40.0,300,12000.0,4799.999999999999,0.39999999999999997
2021-01-19,1197831,1,6,3,45.0,200,9000.0,5400.000000000001,0.6000000000000001
2021-01-20,1197831,4,6,3,60.0,375,22500.0,5625.0,0.25
2021-01-21,1197831,3,6,3,40.0,575,23000.0,10350.0,0.45
2021-01-22,1197831,2,6,3,45.0,425,19125.0,5737.5,0.3
2021-01-23,1197831,6,6,3,45.0,425,19125.0,8606.25,0.45
2021-01-24,1197831,5,6,3,40.0,325,13000.0,5199.999999999999,0.39999999999999997
2021-01-25,1197831,1,6,3,45.0,225,10125.0,6075.000000000001,0.6000000000000001
2021-01-26,1197831,4,6,3,60.0,400,24000.0,6000.0,0.25
2021-01-27,1197831,3,6,3,40.0,675,27000.0,12150.0,0.45
2021-01-28,1197831,2,6,3,45.0,525,23625.0,7087.5,0.3
2021-01-29,1197831,6,6,3,45.0,550,24750.0,11137.5,0.45
2021-01-30,1197831,5,6,3,40.0,425,17000.0,6800.0,0.39999999999999997
2021-01-31,1197831,1,6,3,45.0,300,13500.0,8100.000000000002,0.6000000000000001
2021-02-01,1197831,4,6,3,60.0,600,36000.0,9000.0,0.25
2021-02-02,1197831,3,6,3,40.0,750,30000.0,13500.0,0.45
2021-02-03,1197831,2,6,3,45.0,600,27000.0,8100.0,0.3
2021-02-04,1197831,6,6,3,45.0,550,24750.0,11137.5,0.45
2021-02-05,1197831,5,6,3,40.0,450,18000.0,7200.0,0.39999999999999997
2021-02-06,1197831,1,6,3,45.0,475,21375.0,12825.000000000002,0.6000000000000001
2021-02-07,1197831,4,6,3,60.0,475,28500.0,7125.0,0.25
2021-02-08,1197831,3,6,3,45.0,675,30375.0,13668.75,0.45
2021-02-09,1197831,2,6,3,55.00000000000001,625,34375.00000000001,10312.500000000002,0.3
2021-02-10,1197831,6,6,3,50.0,500,25000.0,11250.0,0.45
2021-02-11,1197831,5,6,3,45.0,425,19125.0,7650.0,0.39999999999999997
2021-02-12,1197831,1,6,3,54.99999999999999,425,23374.999999999996,14025.0,0.6000000000000001
2021-02-13,1197831,4,6,3,60.0,400,24000.0,6000.0,0.25
2021-02-14,1197831,3,6,3,45.0,600,27000.0,12150.0,0.45
2021-02-15,1197831,2,6,3,50.0,600,30000.0,9000.0,0.3
2021-02-16,1197831,6,6,3,45.0,450,20250.0,9112.5,0.45
2021-02-17,1197831,5,6,3,45.0,400,18000.0,7200.0,0.39999999999999997
2021-02-18,1197831,1,6,3,54.99999999999999,400,21999.999999999996,13200.0,0.6000000000000001
2021-02-19,1197831,4,6,3,60.0,450,27000.0,6750.0,0.25
2021-02-20,1197831,3,6,3,45.0,550,24750.0,11137.5,0.45
2021-02-21,1197831,2,6,3,50.0,550,27500.0,8250.0,0.3
2021-02-22,1197831,6,6,3,45.0,400,18000.0,8100.0,0.45
2021-02-23,1197831,5,6,3,45.0,375,16875.0,6750.0,0.39999999999999997
2021-02-24,1197831,1,6,3,54.99999999999999,350,19249.999999999996,11550.0,0.6000000000000001
2021-02-25,1197831,4,6,3,60.0,400,24000.0,6000.0,0.25
2021-02-26,1197831,3,6,3,40.0,575,23000.0,10350.0,0.45
2021-02-27,1197831,2,6,3,45.00000000000001,575,25875.000000000004,7762.5,0.3
2021-02-28,1197831,6,6,3,40.0,425,17000.0,7650.0,0.45
2021-03-01,1197831,5,6,3,40.0,425,17000.0,6800.0,0.39999999999999997
2021-03-02,1197831,1,6,3,54.99999999999999,375,20624.999999999996,12375.0,0.6000000000000001
2021-03-03,1197831,4,6,3,60.0,475,28500.0,7125.0,0.25
2021-03-04,1197831,3,6,3,45.0,675,30375.0,13668.75,0.45
2021-03-05,1197831,2,6,3,50.0,675,33750.0,10125.0,0.3
2021-03-06,1197831,6,6,3,45.0,475,21375.0,9618.75,0.45
2021-03-07,1197831,5,6,3,45.0,475,21375.0,8550.0,0.39999999999999997
2021-03-08,1197831,1,6,3,54.99999999999999,400,21999.999999999996,13200.0,0.6000000000000001
2021-03-09,1197831,4,6,3,60.0,500,30000.0,7500.0,0.25
2021-12-08,1197831,6,1,1,55.00000000000001,625,34375.00000000001,8593.750000000002,0.25
2021-12-08,1197831,5,1,1,55.00000000000001,575,31625.000000000007,9487.500000000002,0.3
2021-12-08,1197831,1,1,1,65.0,575,37375.0,13081.249999999998,0.35
2021-12-08,1197831,4,1,1,70.0,675,47250.0,23625.0,0.5
2021-01-14,1197831,3,1,1,40.0,800,32000.0,16000.0,0.5
2021-01-14,1197831,2,1,1,40.0,600,24000.0,7200.0,0.3
2021-01-14,1197831,6,1,1,30.000000000000004,600,18000.000000000004,6300.000000000001,0.35
2021-01-14,1197831,5,1,1,35.0,450,15750.0,5512.5,0.35
2021-01-14,1197831,1,1,1,50.0,500,25000.0,7500.0,0.3
2021-01-14,1197831,4,1,1,40.0,600,24000.0,6000.0,0.25
2021-02-12,1197831,3,1,1,40.0,850,34000.0,17000.0,0.5
2021-02-12,1197831,2,1,1,40.0,500,20000.0,6000.0,0.3
2021-02-12,1197831,6,1,1,30.000000000000004,550,16500.000000000004,5775.000000000001,0.35
2021-02-12,1197831,5,14,1,35.0,425,14875.0,5206.25,0.35
2021-02-12,1197831,1,14,1,50.0,500,25000.0,7500.0,0.3
2021-02-12,1197831,4,14,1,40.0,600,24000.0,6000.0,0.25
2021-03-10,1197831,3,14,1,40.0,820,32800.0,16400.0,0.5
2021-03-10,1197831,2,14,1,40.0,525,21000.0,6300.0,0.3
2021-03-10,1197831,6,14,1,30.000000000000004,550,16500.000000000004,5775.000000000001,0.35
2021-03-10,1197831,5,14,1,35.0,400,14000.0,4900.0,0.35
2021-03-10,1197831,1,14,1,50.0,450,22500.0,6750.0,0.3
2021-03-10,1197831,4,14,1,40.0,550,22000.0,5500.0,0.25
2021-04-11,1197831,3,14,1,40.0,800,32000.0,16000.0,0.5
2021-04-11,1197831,2,14,1,40.0,500,20000.0,6000.0,0.3
2021-04-11,1197831,6,14,1,30.000000000000004,500,15000.000000000004,5250.000000000001,0.35
2021-04-11,1197831,5,14,1,35.0,425,14875.0,5206.25,0.35
2021-04-11,1197831,1,14,1,50.0,425,21250.0,6375.0,0.3
2021-04-11,1197831,4,14,1,40.0,550,22000.0,5500.0,0.25
2021-05-10,1197831,3,14,1,50.0,820,41000.0,20500.0,0.5
2021-05-10,1197831,2,14,1,45.00000000000001,525,23625.000000000004,7087.5,0.3
2021-05-10,1197831,6,14,1,40.0,500,20000.0,7000.0,0.35
2021-05-10,1197831,5,14,1,40.0,450,18000.0,6299.999999999999,0.35
2021-05-10,1197831,1,14,1,50.0,475,23750.0,7125.0,0.3
2021-05-10,1197831,4,14,1,55.00000000000001,600,33000.00000000001,8250.000000000002,0.25
2021-06-12,1197831,3,14,1,50.0,850,42500.0,21250.0,0.5
2021-06-12,1197831,2,14,1,45.00000000000001,600,27000.000000000007,8100.000000000002,0.3
2021-06-12,1197831,6,14,1,40.0,525,21000.0,7350.0,0.35
2021-06-12,1197831,5,14,1,40.0,500,20000.0,7000.0,0.35
2021-06-12,1197831,1,14,1,50.0,500,25000.0,7500.0,0.3
2021-06-12,1197831,4,14,1,55.00000000000001,650,35750.00000000001,8937.500000000002,0.25
2021-07-10,1197831,3,14,1,50.0,875,43750.0,21875.0,0.5
2021-07-10,1197831,2,14,1,45.00000000000001,625,28125.000000000007,8437.500000000002,0.3
2021-07-10,1197831,6,14,1,40.0,550,22000.0,7700.0,0.35
2021-07-10,1197831,5,14,1,40.0,500,20000.0,7000.0,0.35
2021-07-10,1197831,1,14,1,50.0,525,26250.0,7875.0,0.3
2021-07-10,1197831,4,14,1,55.00000000000001,700,38500.00000000001,9625.000000000002,0.25
2021-08-11,1197831,3,14,1,50.0,850,42500.0,21250.0,0.5
2021-08-11,1197831,2,14,1,45.00000000000001,625,28125.000000000007,8437.500000000002,0.3
2021-08-11,1197831,6,14,1,40.0,550,22000.0,7700.0,0.35
2021-08-11,1197831,5,14,1,40.0,525,21000.0,7350.0,0.35
2021-08-11,1197831,1,14,1,50.0,500,25000.0,7500.0,0.3
2021-08-11,1197831,4,14,1,55.00000000000001,675,37125.00000000001,9281.250000000002,0.25
2021-09-10,1197831,3,14,1,50.0,800,40000.0,20000.0,0.5
2021-09-10,1197831,2,14,1,45.00000000000001,600,27000.000000000007,8100.000000000002,0.3
2021-09-10,1197831,6,14,1,40.0,525,21000.0,7350.0,0.35
2021-09-10,1197831,5,14,1,40.0,500,20000.0,7000.0,0.35
2021-09-10,1197831,1,14,1,50.0,500,25000.0,7500.0,0.3
2021-09-10,1197831,4,14,1,55.00000000000001,600,33000.00000000001,8250.000000000002,0.25
2021-10-12,1197831,3,14,1,55.00000000000001,775,42625.00000000001,21312.500000000004,0.5
2021-10-12,1197831,2,14,1,45.00000000000001,600,27000.000000000007,8100.000000000002,0.3
2021-10-12,1197831,6,14,1,45.00000000000001,500,22500.000000000004,7875.0,0.35
2021-10-12,1197831,5,14,1,45.00000000000001,475,21375.000000000004,7481.25,0.35
2021-10-12,1197831,1,14,1,55.00000000000001,475,26125.000000000004,7837.5,0.3
2021-10-12,1197831,4,14,1,60.0,600,36000.0,9000.0,0.25
2021-11-11,1197831,3,14,1,55.00000000000001,750,41250.00000000001,20625.000000000004,0.5
2021-11-11,1197831,2,14,1,45.00000000000001,575,25875.000000000004,7762.5,0.3
2021-11-11,1197831,6,14,1,45.00000000000001,520,23400.000000000004,8190.0,0.35
2021-11-11,1197831,5,14,1,45.00000000000001,500,22500.000000000004,7875.0,0.35
2021-11-11,1197831,1,14,1,55.00000000000001,475,26125.000000000004,7837.5,0.3
2021-11-11,1197831,4,14,1,60.0,575,34500.0,8625.0,0.25
2021-12-10,1197831,3,14,1,55.00000000000001,800,44000.00000000001,22000.000000000004,0.5
2021-12-10,1197831,2,14,1,45.00000000000001,600,27000.000000000007,8100.000000000002,0.3
2021-12-22,1197831,6,43,2,45.00000000000001,425,19125.000000000004,6693.75,0.35
2021-12-22,1197831,5,43,2,45.00000000000001,425,19125.000000000004,6693.75,0.35
2021-12-22,1197831,1,43,2,55.00000000000001,350,19250.000000000004,5775.000000000001,0.3
2021-12-22,1197831,4,43,2,60.00000000000001,450,27000.000000000007,6750.000000000002,0.25
2021-01-26,1197831,3,43,2,34.99999999999999,475,16624.999999999996,5818.749999999998,0.35
2021-01-26,1197831,2,43,2,45.0,475,21375.0,8550.0,0.4
2021-01-26,1197831,6,43,2,45.0,475,21375.0,7481.25,0.35
2021-01-26,1197831,5,43,2,45.0,325,14625.0,5118.75,0.35
2021-01-26,1197831,1,43,2,50.000000000000014,275,13750.000000000004,4125.000000000001,0.3
2021-01-26,1197831,4,43,2,45.0,475,21375.0,5343.75,0.25
2021-02-26,1197831,3,43,2,34.99999999999999,525,18374.999999999996,6431.249999999998,0.35
2021-02-26,1197831,2,43,2,45.0,425,19125.0,7650.0,0.4
2021-02-26,1197831,6,43,2,45.0,425,19125.0,6693.75,0.35
2021-02-26,1197831,5,2,2,45.0,275,12375.0,4331.25,0.35
2021-02-26,1197831,1,2,2,50.000000000000014,200,10000.000000000004,3000.000000000001,0.3
2021-02-26,1197831,4,2,2,45.0,400,18000.0,4500.0,0.25
2021-03-25,1197831,3,2,2,45.0,550,24750.0,8662.5,0.35
2021-03-25,1197831,2,2,2,55.00000000000001,400,22000.000000000004,8800.000000000002,0.4
2021-03-25,1197831,6,2,2,55.00000000000001,400,22000.000000000004,7700.0,0.35
2021-03-25,1197831,5,2,2,55.00000000000001,275,15125.000000000004,5293.750000000001,0.35
2021-03-25,1197831,1,2,2,60.00000000000001,175,10500.000000000002,3150.0000000000005,0.3
2021-03-25,1197831,4,2,2,55.00000000000001,375,20625.000000000004,5156.250000000001,0.25
2021-04-26,1197831,3,2,2,55.00000000000001,550,30250.000000000007,10587.500000000002,0.35
2021-04-26,1197831,2,2,2,60.00000000000001,350,21000.000000000004,8400.000000000002,0.4
2021-04-26,1197831,6,2,2,60.00000000000001,400,24000.000000000004,8400.0,0.35
2021-04-26,1197831,5,2,2,55.00000000000001,300,16500.000000000004,5775.000000000001,0.35
2021-04-26,1197831,1,2,2,60.00000000000001,200,12000.000000000002,3600.0,0.3
2021-04-26,1197831,4,2,2,75.00000000000001,375,28125.000000000007,7031.250000000002,0.25
2021-05-27,1197831,3,2,2,55.00000000000001,575,31625.000000000007,11068.750000000002,0.35
2021-05-27,1197831,2,2,2,60.00000000000001,425,25500.000000000004,10200.000000000002,0.4
2021-05-27,1197831,6,2,2,60.00000000000001,450,27000.000000000007,9450.000000000002,0.35
2021-05-27,1197831,5,2,2,55.00000000000001,350,19250.000000000004,6737.5,0.35
2021-05-27,1197831,1,2,2,60.00000000000001,250,15000.000000000004,4500.000000000001,0.3
2021-05-27,1197831,4,2,2,75.00000000000001,425,31875.000000000007,7968.750000000002,0.25
2021-06-26,1197831,3,2,2,55.00000000000001,700,38500.00000000001,13475.0,0.35
2021-06-26,1197831,2,2,2,60.00000000000001,550,33000.00000000001,13200.000000000004,0.4
2021-06-26,1197831,6,2,2,60.00000000000001,550,33000.00000000001,11550.000000000002,0.35
2021-06-26,1197831,5,2,2,55.00000000000001,425,23375.000000000004,8181.25,0.35
2021-06-26,1197831,1,2,2,60.00000000000001,300,18000.000000000004,5400.000000000001,0.3
2021-06-26,1197831,4,2,2,75.00000000000001,600,45000.00000000001,11250.000000000002,0.25
2021-07-25,1197831,3,2,2,55.00000000000001,750,41250.00000000001,14437.5,0.35
2021-07-25,1197831,2,2,2,60.00000000000001,600,36000.00000000001,14400.000000000004,0.4
2021-07-25,1197831,6,2,2,60.00000000000001,550,33000.00000000001,11550.000000000002,0.35
2021-07-25,1197831,5,2,2,55.00000000000001,450,24750.000000000004,8662.5,0.35
2021-07-25,1197831,1,2,2,60.00000000000001,500,30000.000000000007,9000.000000000002,0.3
2021-07-25,1197831,4,2,2,75.00000000000001,500,37500.00000000001,9375.000000000002,0.25
2021-08-26,1197831,3,2,2,60.00000000000001,700,42000.00000000001,14700.0,0.35
2021-08-26,1197831,2,2,2,65.00000000000001,650,42250.000000000015,16900.000000000007,0.4
2021-08-26,1197831,6,2,2,60.00000000000001,525,31500.000000000007,11025.000000000002,0.35
2021-08-26,1197831,5,2,2,60.00000000000001,475,28500.000000000007,9975.000000000002,0.35
2021-08-26,1197831,1,2,2,70.0,475,33250.0,9975.0,0.3
2021-08-26,1197831,4,2,2,75.00000000000001,450,33750.00000000001,8437.500000000002,0.25
2021-09-27,1197831,3,2,2,50.000000000000014,625,31250.00000000001,10937.500000000004,0.35
2021-09-27,1197831,2,2,2,55.000000000000014,625,34375.000000000015,13750.000000000005,0.4
2021-09-27,1197831,6,2,2,50.000000000000014,475,23750.000000000007,8312.500000000002,0.35
2021-09-27,1197831,5,2,2,50.000000000000014,425,21250.000000000007,7437.500000000002,0.35
2021-09-27,1197831,1,2,2,60.00000000000001,425,25500.000000000004,7650.0,0.3
2021-09-27,1197831,4,2,2,65.00000000000001,475,30875.000000000007,7718.750000000002,0.25
2021-10-26,1197831,3,2,2,50.000000000000014,550,27500.000000000007,9625.000000000002,0.35
2021-10-26,1197831,2,2,2,55.000000000000014,550,30250.000000000007,12100.000000000004,0.4
2021-10-26,1197831,6,2,2,50.000000000000014,375,18750.000000000007,6562.500000000002,0.35
2021-10-26,1197831,5,2,2,50.000000000000014,350,17500.000000000007,6125.000000000002,0.35
2021-10-26,1197831,1,2,2,60.00000000000001,325,19500.000000000004,5850.000000000001,0.3
2021-10-26,1197831,4,2,2,75.00000000000001,375,28125.000000000007,7031.250000000002,0.25
2021-11-26,1197831,3,2,2,60.00000000000001,550,33000.00000000001,11550.000000000002,0.35
2021-11-26,1197831,2,2,2,65.00000000000001,600,39000.00000000001,15600.000000000004,0.4
2021-11-26,1197831,6,2,2,60.00000000000001,450,27000.000000000007,9450.000000000002,0.35
2021-11-26,1197831,5,2,2,60.00000000000001,425,25500.000000000004,8925.0,0.35
2021-11-26,1197831,1,2,2,70.0,375,26250.0,7875.0,0.3
2021-11-26,1197831,4,2,2,75.00000000000001,500,37500.00000000001,9375.000000000002,0.25
2021-12-25,1197831,3,2,2,60.00000000000001,700,42000.00000000001,14700.0,0.35
2021-12-25,1197831,2,2,2,65.00000000000001,700,45500.000000000015,18200.000000000007,0.4
2021-10-21,1197831,4,39,2,30.000000000000004,325,9750.000000000002,3900.000000000001,0.4
2021-11-20,1197831,3,39,2,25.00000000000001,475,11875.000000000004,4750.000000000002,0.4
2021-11-20,1197831,2,39,2,15.000000000000014,300,4500.000000000005,1575.0000000000014,0.35
2021-11-20,1197831,6,39,2,25.000000000000018,245,6125.000000000005,2450.000000000002,0.4
2021-11-20,1197831,5,39,2,55.000000000000014,300,16500.000000000004,6600.000000000002,0.4
2021-11-20,1197831,1,39,2,75.00000000000001,275,20625.000000000004,7218.75,0.35
2021-11-20,1197831,4,39,2,75.0,375,28125.0,11250.0,0.4
2021-12-19,1197831,3,39,2,70.0,625,43750.0,17500.0,0.4
2021-12-19,1197831,2,39,2,60.00000000000001,425,25500.000000000004,8925.0,0.35
2021-12-19,1197831,6,39,2,60.00000000000001,375,22500.000000000004,9000.000000000002,0.4
2021-12-19,1197831,5,39,2,60.00000000000001,325,19500.000000000004,7800.000000000002,0.4
2021-12-19,1197831,1,39,2,70.0,325,22750.0,7962.5,0.35
2021-12-19,1197831,4,39,2,75.0,425,31875.0,12750.0,0.4
2021-01-16,1197831,3,39,2,25.000000000000007,550,13750.000000000004,4812.500000000001,0.35
2021-01-16,1197831,2,39,2,25.000000000000007,350,8750.000000000004,3062.500000000001,0.35
2021-01-16,1197831,6,39,2,15.000000000000007,350,5250.000000000002,1837.5000000000007,0.35
2021-01-16,1197831,5,39,2,20.0,200,4000.0,1400.0,0.35
2021-01-16,1197831,1,39,2,35.0,250,8750.0,3062.4999999999995,0.35
2021-01-16,1197831,4,39,2,25.000000000000007,350,8750.000000000004,3062.500000000001,0.35
2021-02-14,1197831,3,39,2,25.000000000000007,600,15000.000000000004,5250.000000000001,0.35
2021-02-14,1197831,2,39,2,25.000000000000007,250,6250.000000000002,2187.5000000000005,0.35
2021-02-14,1197831,6,39,2,15.000000000000007,300,4500.000000000002,1575.0000000000007,0.35
2021-02-14,1197831,5,53,2,20.0,150,3000.0,1050.0,0.35
2021-02-14,1197831,1,53,2,35.0,225,7875.0,2756.25,0.35
2021-02-14,1197831,4,53,2,20.0,325,6500.0,2275.0,0.35
2021-03-12,1197831,3,53,2,20.0,545,10900.0,3815.0,0.35
2021-03-12,1197831,2,53,2,20.0,225,4500.0,1574.9999999999998,0.35
2021-03-12,1197831,6,53,2,10.000000000000002,250,2500.0000000000005,875.0,0.35
2021-03-12,1197831,5,53,2,19.999999999999996,100,1999.9999999999995,699.9999999999998,0.35
2021-03-12,1197831,1,53,2,35.00000000000001,150,5250.000000000001,1837.5,0.35
2021-03-12,1197831,4,53,2,25.0,250,6250.0,2187.5,0.35
2021-04-13,1197831,3,53,2,25.0,500,12500.0,4375.0,0.35
2021-04-13,1197831,2,53,2,25.0,200,5000.0,1750.0,0.35
2021-04-13,1197831,6,53,2,15.000000000000002,200,3000.0000000000005,1050.0,0.35
2021-04-13,1197831,5,53,2,19.999999999999996,125,2499.9999999999995,874.9999999999998,0.35
2021-04-13,1197831,1,53,2,40.0,150,6000.0,2100.0,0.35
2021-04-13,1197831,4,53,2,30.000000000000004,300,9000.000000000002,3150.0000000000005,0.35
2021-05-12,1197831,3,53,2,40.0,570,22800.0,7980.0,0.35
2021-05-12,1197831,2,53,2,40.0,275,11000.0,3850.0,0.35
2021-05-12,1197831,6,53,2,35.0,250,8750.0,3062.4999999999995,0.35
2021-05-12,1197831,5,53,2,35.0,200,7000.0,2450.0,0.35
2021-05-12,1197831,1,53,2,44.99999999999999,225,10124.999999999998,3543.749999999999,0.35
2021-05-12,1197831,4,53,2,44.99999999999999,325,14624.999999999996,5118.749999999998,0.35
2021-06-14,1197831,3,53,2,40.0,575,23000.0,8050.0,0.35
2021-06-14,1197831,2,53,2,35.0,325,11375.0,3981.25,0.35
2021-06-14,1197831,6,53,2,40.0,300,12000.0,4200.0,0.35
2021-06-14,1197831,5,53,2,40.0,275,11000.0,3850.0,0.35
2021-06-14,1197831,1,53,2,54.99999999999999,275,15124.999999999996,5293.749999999998,0.35
2021-06-14,1197831,4,53,2,60.0,450,27000.0,9450.0,0.35
2021-07-12,1197831,3,53,2,54.99999999999999,675,37124.99999999999,12993.749999999996,0.35
2021-07-12,1197831,2,53,2,50.0,425,21250.0,7437.5,0.35
2021-07-12,1197831,6,53,2,45.0,350,15750.0,5512.5,0.35
2021-07-12,1197831,5,53,2,45.0,300,13500.0,4725.0,0.35
2021-07-12,1197831,1,53,2,60.0,325,19500.0,6825.0,0.35
2021-07-12,1197831,4,53,2,65.0,500,32500.0,11375.0,0.35
2021-08-13,1197831,3,53,2,60.0,650,39000.0,13650.0,0.35
2021-08-13,1197831,2,53,2,55.00000000000001,425,23375.000000000004,8181.25,0.35
2021-08-13,1197831,6,53,2,50.0,350,17500.0,6124.999999999999,0.35
2021-08-13,1197831,5,53,2,40.0,300,12000.0,4200.0,0.35
2021-08-13,1197831,1,53,2,50.0,275,13750.0,4812.5,0.35
2021-08-13,1197831,4,53,2,55.00000000000001,450,24750.000000000004,8662.5,0.35
2021-09-12,1197831,3,53,2,50.0,550,27500.0,9625.0,0.35
2021-09-12,1197831,2,53,2,40.000000000000014,350,14000.000000000005,4900.000000000002,0.35
2021-09-12,1197831,6,53,2,15.000000000000007,250,3750.0000000000014,1312.5000000000005,0.35
2021-09-12,1197831,5,53,2,15.000000000000007,225,3375.0000000000014,1181.2500000000005,0.35
2021-09-12,1197831,1,53,2,25.000000000000007,225,5625.000000000002,1968.7500000000005,0.35
2021-09-12,1197831,4,53,2,30.00000000000001,325,9750.000000000004,3412.500000000001,0.35
2021-10-14,1197831,3,53,2,30.00000000000001,500,15000.000000000005,5250.000000000002,0.35
2021-10-14,1197831,2,53,2,20.00000000000001,325,6500.000000000004,2275.000000000001,0.35
2021-10-14,1197831,6,53,2,20.00000000000001,200,4000.0000000000023,1400.0000000000007,0.35
2021-10-14,1197831,5,53,2,20.00000000000001,175,3500.0000000000023,1225.0000000000007,0.35
2021-10-14,1197831,1,53,2,30.00000000000001,175,5250.000000000002,1837.5000000000007,0.35
2021-10-15,1197831,4,54,1,70.0,300,21000.0,8400.0,0.4
2021-11-14,1197831,3,54,1,65.0,450,29250.0,10237.5,0.35
2021-11-14,1197831,2,54,1,55.00000000000001,325,17875.000000000004,6256.250000000001,0.35
2021-11-14,1197831,6,54,1,55.00000000000001,320,17600.000000000004,7040.000000000002,0.4
2021-11-14,1197831,5,54,1,55.00000000000001,300,16500.000000000004,6600.000000000002,0.4
2021-11-14,1197831,1,54,1,65.0,275,17875.0,5362.5,0.3
2021-11-14,1197831,4,54,1,70.0,375,26250.0,10500.0,0.4
2021-12-13,1197831,3,54,1,65.0,600,39000.0,13650.0,0.35
2021-12-13,1197831,2,54,1,55.00000000000001,400,22000.000000000004,7700.0,0.35
2021-12-13,1197831,6,54,1,55.00000000000001,375,20625.000000000004,8250.000000000002,0.4
2021-12-13,1197831,5,54,1,55.00000000000001,325,17875.000000000004,7150.000000000002,0.4
2021-12-13,1197831,1,54,1,65.0,325,21125.0,6337.5,0.3
2021-12-13,1197831,4,54,1,70.0,425,29750.0,11900.0,0.4
2021-01-10,1197831,3,54,1,35.0,475,16625.0,5818.749999999999,0.35
2021-01-10,1197831,2,54,1,35.0,275,9625.0,3368.75,0.35
2021-01-10,1197831,6,54,1,25.000000000000007,275,6875.000000000002,2750.000000000001,0.4
2021-01-10,1197831,5,54,1,30.0,125,3750.0,1500.0,0.4
2021-01-10,1197831,1,54,1,45.0,175,7875.0,2362.5,0.3
2021-01-10,1197831,4,54,1,35.0,275,9625.0,3850.0,0.4
2021-02-08,1197831,3,54,1,35.0,525,18375.0,6431.249999999999,0.35
2021-02-08,1197831,2,54,1,35.0,175,6125.0,2143.75,0.35
2021-02-08,1197831,6,54,1,25.000000000000007,225,5625.000000000002,2250.000000000001,0.4
2021-02-08,1197831,5,38,1,30.0,100,3000.0,1200.0,0.4
2021-02-08,1197831,1,38,1,45.0,175,7875.0,2362.5,0.3
2021-02-08,1197831,4,38,1,35.0,275,9625.0,3850.0,0.4
2021-03-06,1197831,3,38,1,35.0,495,17325.0,6063.749999999999,0.35
2021-03-06,1197831,2,38,1,35.0,200,7000.0,2450.0,0.35
2021-03-06,1197831,6,38,1,25.000000000000007,225,5625.000000000002,2250.000000000001,0.4
2021-03-06,1197831,5,38,1,30.0,75,2250.0,900.0,0.4
2021-03-06,1197831,1,38,1,45.0,125,5625.0,1687.5,0.3
2021-03-06,1197831,4,38,1,35.0,225,7875.0,3150.0,0.4
2021-04-07,1197831,3,38,1,35.0,475,16625.0,5818.749999999999,0.35
2021-04-07,1197831,2,38,1,35.0,175,6125.0,2143.75,0.35
2021-04-07,1197831,6,38,1,25.000000000000007,175,4375.000000000002,1750.0000000000007,0.4
2021-04-07,1197831,5,38,1,30.0,100,3000.0,1200.0,0.4
2021-04-07,1197831,1,38,1,45.0,100,4500.0,1350.0,0.3
2021-04-07,1197831,4,38,1,35.0,250,8750.0,3500.0,0.4
2021-05-06,1197831,3,38,1,49.99999999999999,520,25999.999999999996,9099.999999999998,0.35
2021-05-06,1197831,2,38,1,45.0,225,10125.0,3543.75,0.35
2021-05-06,1197831,6,38,1,40.0,250,10000.0,4000.0,0.4
2021-05-06,1197831,5,38,1,40.0,200,8000.0,3200.0,0.4
2021-05-06,1197831,1,38,1,49.99999999999999,225,11249.999999999998,3374.999999999999,0.3
2021-05-06,1197831,4,38,1,54.99999999999999,350,19249.999999999996,7699.999999999998,0.4
2021-06-08,1197831,3,38,1,49.99999999999999,600,29999.999999999993,10499.999999999996,0.35
2021-06-08,1197831,2,38,1,45.0,350,15750.0,5512.5,0.35
2021-06-08,1197831,6,38,1,40.0,275,11000.0,4400.0,0.4
2021-06-08,1197831,5,38,1,40.0,250,10000.0,4000.0,0.4
2021-06-08,1197831,1,38,1,49.99999999999999,250,12499.999999999998,3749.999999999999,0.3
2021-06-08,1197831,4,38,1,54.99999999999999,400,21999.999999999996,8800.0,0.4
2021-07-06,1197831,3,38,1,49.99999999999999,625,31249.999999999993,10937.499999999996,0.35
2021-07-06,1197831,2,38,1,45.0,375,16875.0,5906.249999999999,0.35
2021-07-06,1197831,6,38,1,40.0,300,12000.0,4800.0,0.4
2021-07-06,1197831,5,38,1,40.0,250,10000.0,4000.0,0.4
2021-07-06,1197831,1,38,1,49.99999999999999,275,13749.999999999996,4124.999999999999,0.3
2021-07-06,1197831,4,38,1,54.99999999999999,450,24749.999999999996,9900.0,0.4
2021-08-07,1197831,3,38,1,49.99999999999999,600,29999.999999999993,10499.999999999996,0.35
2021-08-07,1197831,2,38,1,45.0,375,16875.0,5906.249999999999,0.35
2021-08-07,1197831,6,38,1,40.0,300,12000.0,4800.0,0.4
2021-08-07,1197831,5,38,1,40.0,200,8000.0,3200.0,0.4
2021-08-07,1197831,1,38,1,49.99999999999999,175,8749.999999999998,2624.9999999999995,0.3
2021-08-07,1197831,4,38,1,54.99999999999999,350,19249.999999999996,7699.999999999998,0.4
2021-09-06,1197831,3,38,1,49.99999999999999,475,23749.999999999996,8312.499999999998,0.35
2021-09-06,1197831,2,38,1,45.0,275,12375.0,4331.25,0.35
2021-09-06,1197831,6,38,1,40.0,175,7000.0,2800.0,0.4
2021-09-06,1197831,5,38,1,40.0,150,6000.0,2400.0,0.4
2021-09-06,1197831,1,38,1,49.99999999999999,150,7499.999999999998,2249.9999999999995,0.3
2021-09-06,1197831,4,38,1,54.99999999999999,250,13749.999999999996,5499.999999999999,0.4
2021-10-08,1197831,3,38,1,54.99999999999999,425,23374.999999999996,8181.249999999998,0.35
2021-10-08,1197831,2,38,1,50.0,250,12500.0,4375.0,0.35
2021-10-08,1197831,6,38,1,50.0,150,7500.0,3000.0,0.4
2021-10-08,1197831,5,38,1,50.0,125,6250.0,2500.0,0.4
2021-10-08,1197831,1,38,1,60.0,125,7500.0,2250.0,0.3
2021-02-17,1197831,3,49,2,32.0,203,649.6,331.296,0.51
2021-02-18,1197831,2,49,2,41.0,196,803.6,289.296,0.36
2021-03-09,1197831,6,49,2,41.0,189,774.9,402.948,0.52
2021-03-10,1197831,5,49,2,41.0,160,656.0,321.44,0.49
2021-03-11,1197831,1,30,2,49.0,145,710.5,468.93,0.66
2021-03-12,1197831,4,30,2,41.0,182,746.2,231.32199999999997,0.31
2021-03-13,1197831,3,30,2,34.0,225,765.0,405.45,0.53
2021-03-14,1197831,2,30,2,43.0,195,838.5,335.4,0.4
2021-03-15,1197831,6,30,2,44.0,169,743.6,371.8,0.5
2021-03-16,1197831,5,30,2,41.0,152,623.2,305.368,0.49
2021-03-17,1197831,1,30,2,46.0,113,519.8,353.46400000000006,0.68
2021-03-18,1197831,4,30,2,41.0,176,721.6,216.48000000000002,0.30000000000000004
2021-03-19,1197831,3,30,2,32.0,216,691.2,345.6,0.5
2021-03-20,1197831,2,30,2,41.0,195,799.5,279.825,0.35
2021-03-21,1197831,6,30,2,42.0,169,709.8,390.39,0.55
2021-03-22,1197831,5,30,2,41.0,154,631.4,284.13,0.44999999999999996
2021-03-23,1197831,1,30,2,46.0,106,487.6,331.56800000000004,0.68
2021-04-06,1197831,4,30,2,41.0,188,770.8,269.78,0.35
2021-04-07,1197831,3,30,2,43.0,240,1032.0,516.0,0.5
2021-04-08,1197831,2,30,2,49.0,156,764.4,275.18399999999997,0.36
2021-04-09,1197831,6,30,2,49.0,175,857.5,471.625,0.55
2021-04-10,1197831,5,30,2,43.0,152,653.6,320.264,0.49
2021-04-11,1197831,1,30,2,49.0,119,583.1,384.846,0.66
2021-04-12,1197831,4,30,2,62.0,174,1078.8,356.004,0.33
2021-04-13,1197831,3,30,2,41.0,208,852.8,443.456,0.52
2021-04-14,1197831,2,30,2,47.0,169,794.3,278.005,0.35
2021-04-15,1197831,6,30,2,45.0,163,733.5,381.42,0.52
2021-04-16,1197831,5,30,2,41.0,154,631.4,303.072,0.48
2021-04-17,1197831,1,30,2,45.0,131,589.5,383.175,0.65
2021-04-18,1197831,4,30,2,64.0,181,1158.4,359.104,0.31
2021-04-19,1197831,3,30,2,44.0,270,1188.0,653.4000000000001,0.55
2021-04-20,1197831,2,30,2,47.0,225,1057.5,370.12499999999994,0.35
2021-04-21,1197831,6,30,2,48.0,203,974.4,535.9200000000001,0.55
2021-04-22,1197831,5,30,2,44.0,175,770.0,369.6,0.48
2021-04-23,1197831,1,30,2,45.0,125,562.5,388.12500000000006,0.6900000000000001
2021-04-24,1197831,4,30,2,60.0,200,1200.0,372.0,0.31
2021-04-25,1197831,3,30,2,41.0,238,975.8,497.658,0.51
2021-04-26,1197831,2,30,2,46.0,216,993.6,377.568,0.38
2021-04-27,1197831,6,30,2,47.0,218,1024.6,532.792,0.52
2021-04-28,1197831,5,30,2,44.0,189,831.6,399.168,0.48
2021-04-29,1197831,1,30,2,46.0,189,869.4,573.804,0.66
2021-04-30,1197831,4,30,2,59.0,203,1197.7,359.31000000000006,0.30000000000000004
2021-05-01,1197831,3,30,2,47.0,252,1184.4,615.888,0.52
2021-05-02,1197831,2,30,2,51.0,221,1127.1,450.84000000000003,0.4
2021-05-03,1197831,6,30,2,48.0,218,1046.4,533.664,0.51
2021-05-04,1197831,5,30,2,47.0,169,794.3,381.264,0.48
2021-05-05,1197831,1,30,2,58.0,182,1055.6,707.2520000000001,0.67
2021-05-06,1197831,4,30,2,61.0,189,1152.9,403.515,0.35
2021-05-07,1197831,3,30,2,47.0,213,1001.1,540.594,0.54
2021-05-08,1197831,2,30,2,50.0,247,1235.0,456.95,0.37
2021-05-09,1197831,6,30,2,46.0,196,901.6,450.8,0.5
2021-05-10,1197831,5,30,2,46.0,176,809.6,404.8,0.5
2021-05-11,1197831,1,30,2,58.0,163,945.4,633.418,0.67
2021-05-12,1197831,4,30,2,59.0,189,1115.1,345.681,0.31
2021-05-13,1197831,3,30,2,49.0,224,1097.6,548.8,0.5
2021-05-14,1197831,2,30,2,51.0,232,1183.2,425.95199999999994,0.36
2021-05-15,1197831,6,30,2,49.0,176,862.4,439.82399999999996,0.51
2021-05-16,1197831,5,30,2,48.0,175,840.0,377.99999999999994,0.44999999999999996
2021-05-17,1197831,1,30,2,56.0,174,974.4,662.592,0.68
2021-05-18,1197831,4,30,2,62.0,176,1091.2,381.91999999999996,0.35
2021-05-19,1197831,3,30,2,49.0,231,1131.9,565.95,0.5
2021-05-20,1197831,2,30,2,54.0,215,1161.0,441.18,0.38
2021-05-21,1197831,6,30,2,47.0,169,794.3,397.15,0.5
2021-05-22,1197831,5,30,2,47.0,176,827.2,372.23999999999995,0.44999999999999996
2021-05-23,1197831,1,30,2,55.0,174,957.0,660.33,0.6900000000000001
2021-05-24,1197831,4,30,2,59.0,189,1115.1,379.134,0.34
2021-05-25,1197831,3,30,2,49.0,225,1102.5,562.275,0.51
2021-05-26,1197831,2,30,2,50.0,243,1215.0,461.7,0.38
2021-05-27,1197831,6,30,2,46.0,182,837.2,452.088,0.54
2021-05-28,1197831,5,30,2,49.0,210,1029.0,514.5,0.5
2021-05-29,1197831,1,30,2,55.0,156,858.0,557.7,0.65
2021-05-30,1197831,4,30,2,59.0,196,1156.4,404.73999999999995,0.35
2020-12-28,1197831,3,35,2,32.0,119,380.8,220.86400000000003,0.5800000000000001
2020-12-29,1197831,2,35,2,43.0,128,550.4,231.16799999999998,0.42
2020-12-30,1197831,6,35,2,41.0,119,487.9,287.86100000000005,0.5900000000000001
2020-12-31,1197831,5,35,2,44.0,98,431.2,224.22400000000002,0.52
2021-01-01,1197831,1,6,2,47.0,77,361.9,271.42500000000007,0.7500000000000001
2021-01-02,1197831,4,6,2,43.0,138,593.4,231.42600000000002,0.39
2021-01-03,1197831,3,6,2,34.0,158,537.2,306.20400000000006,0.5700000000000001
2021-01-04,1197831,2,6,2,42.0,123,516.6,232.46999999999997,0.44999999999999996
2021-01-05,1197831,6,6,2,43.0,122,524.6,299.02200000000005,0.5700000000000001
2021-01-06,1197831,5,6,2,44.0,81,356.4,196.01999999999998,0.5499999999999999
2021-01-07,1197831,1,6,2,48.0,59,283.2,203.90400000000002,0.7200000000000001
2021-01-08,1197831,4,6,2,43.0,119,511.7,189.329,0.37
2021-01-09,1197831,3,6,2,32.0,173,553.6,304.48,0.55
2021-01-10,1197831,2,6,2,41.0,115,471.5,193.315,0.41
2021-01-11,1197831,6,6,2,42.0,128,537.6,306.432,0.5700000000000001
2021-01-12,1197831,5,6,2,44.0,91,400.4,212.212,0.53
2021-01-13,1197831,1,6,2,48.0,60,288.0,204.48000000000002,0.7100000000000001
2021-01-14,1197831,4,6,2,42.0,112,470.4,183.45600000000002,0.39
2021-01-15,1197831,3,6,2,44.0,161,708.4,417.956,0.5900000000000001
2021-01-16,1197831,2,6,2,43.0,101,434.3,195.435,0.44999999999999996
2021-01-17,1197831,6,6,2,44.0,120,528.0,316.8,0.6
2021-01-18,1197831,5,6,2,36.0,78,280.8,140.4,0.5
2021-01-19,1197831,1,6,2,44.0,56,246.4,182.33600000000004,0.7400000000000001
2021-01-20,1197831,4,6,2,55.0,101,555.5,216.64500000000004,0.39
2021-01-21,1197831,3,6,2,39.0,150,585.0,333.45000000000005,0.5700000000000001
2021-01-22,1197831,2,6,2,41.0,106,434.6,191.224,0.44
2021-01-23,1197831,6,6,2,44.0,111,488.4,268.62,0.55
2021-01-24,1197831,5,6,2,38.0,88,334.4,177.23200000000003,0.53
2021-01-25,1197831,1,6,2,41.0,61,250.1,185.074,0.7400000000000001
2021-01-26,1197831,4,6,2,59.0,108,637.2,242.13600000000002,0.38
2021-01-27,1197831,3,6,2,36.0,169,608.4,358.956,0.5900000000000001
2021-01-28,1197831,2,6,2,42.0,147,617.4,253.13399999999996,0.41
2021-01-29,1197831,6,6,2,44.0,165,726.0,399.30000000000007,0.55
2021-01-30,1197831,5,6,2,38.0,106,402.8,213.484,0.53
2021-01-31,1197831,1,6,2,41.0,75,307.5,227.55000000000004,0.7400000000000001
2021-02-01,1197831,4,6,2,55.0,150,825.0,297.0,0.36
2021-02-02,1197831,3,6,2,37.0,203,751.1,443.14900000000006,0.5900000000000001
2021-02-03,1197831,2,6,2,41.0,156,639.6,275.02799999999996,0.43
2021-02-04,1197831,6,6,2,44.0,143,629.2,371.22800000000007,0.5900000000000001
2021-02-05,1197831,5,6,2,36.0,113,406.8,215.60399999999998,0.53
2021-02-06,1197831,1,6,2,42.0,124,520.8,364.56000000000006,0.7000000000000001
2021-02-07,1197831,4,6,2,58.0,143,829.4,290.28999999999996,0.35
2021-02-08,1197831,3,6,2,42.0,203,852.6,494.5080000000001,0.5800000000000001
2021-02-09,1197831,2,6,2,54.0,188,1015.2,436.53599999999994,0.43
2021-02-10,1197831,6,6,2,49.0,130,637.0,375.83000000000004,0.5900000000000001
2021-02-11,1197831,5,6,2,41.0,106,434.6,234.68400000000003,0.54
2021-02-12,1197831,1,6,2,52.0,106,551.2,385.84000000000003,0.7000000000000001
2021-02-13,1197831,4,6,2,56.0,112,627.2,238.336,0.38
2021-02-14,1197831,3,6,2,41.0,180,738.0,428.0400000000001,0.5800000000000001
2021-02-15,1197831,2,6,2,48.0,156,748.8,329.472,0.44
2021-02-16,1197831,6,6,2,42.0,117,491.4,275.184,0.56
2021-02-17,1197831,5,6,2,41.0,116,475.6,261.58,0.5499999999999999
2021-02-18,1197831,1,6,2,50.0,100,500.0,365.00000000000006,0.7300000000000001
2021-02-19,1197831,4,6,2,59.0,122,719.8,287.92,0.4
2021-02-20,1197831,3,6,2,44.0,160,704.0,394.24000000000007,0.56
2021-02-21,1197831,2,6,2,49.0,160,784.0,337.12,0.43
2021-02-22,1197831,6,6,2,41.0,116,475.6,271.092,0.5700000000000001
2021-02-23,1197831,5,6,2,44.0,105,462.0,240.24,0.52
2021-02-24,1197831,1,6,2,54.0,98,529.2,396.90000000000003,0.7500000000000001
2021-02-25,1197831,4,6,2,58.0,108,626.4,244.296,0.39
2021-02-26,1197831,3,6,2,38.0,167,634.6,374.41400000000004,0.5900000000000001
2021-02-27,1197831,2,6,2,42.0,173,726.6,297.906,0.41
2021-02-28,1197831,6,6,2,37.0,123,455.1,259.40700000000004,0.5700000000000001
2021-03-01,1197831,5,6,2,39.0,119,464.1,255.25499999999997,0.5499999999999999
2021-03-02,1197831,1,6,2,51.0,113,576.3,426.4620000000001,0.7400000000000001
2021-03-03,1197831,4,6,2,56.0,133,744.8,283.024,0.38
2021-03-04,1197831,3,6,2,41.0,196,803.6,450.0160000000001,0.56
2021-03-05,1197831,2,6,2,45.0,182,819.0,352.16999999999996,0.43
2021-03-06,1197831,6,6,2,42.0,133,558.6,335.15999999999997,0.6
2021-03-07,1197831,5,6,2,43.0,143,614.9,313.59900000000005,0.51
2021-03-08,1197831,1,6,2,53.0,120,636.0,464.28000000000003,0.7300000000000001
2021-03-09,1197831,4,6,2,55.0,130,715.0,286.0,0.4
2021-12-08,1197831,6,1,2,52.0,163,847.6,330.564,0.39
2021-12-08,1197831,5,1,2,54.0,155,837.0,343.16999999999996,0.41
2021-12-08,1197831,1,1,2,60.0,155,930.0,427.8,0.45999999999999996
2021-12-08,1197831,4,1,2,69.0,182,1255.8,803.712,0.64
2021-01-14,1197831,3,1,2,39.0,216,842.4,530.712,0.63
2021-01-14,1197831,2,1,2,39.0,156,608.4,273.78,0.44999999999999996
2021-01-14,1197831,6,1,2,29.0,168,487.2,233.856,0.48
2021-01-14,1197831,5,1,2,34.0,131,445.4,209.33799999999997,0.47
2021-01-14,1197831,1,1,2,49.0,145,710.5,319.72499999999997,0.44999999999999996
2021-01-14,1197831,4,1,2,38.0,156,592.8,237.12000000000003,0.4
2021-02-12,1197831,3,1,2,37.0,238,880.6,537.1659999999999,0.61
2021-02-12,1197831,2,1,2,37.0,145,536.5,219.965,0.41
2021-02-12,1197831,6,1,2,29.0,143,414.7,203.203,0.49
2021-02-12,1197831,5,14,2,32.0,123,393.6,188.928,0.48
2021-02-12,1197831,1,14,2,47.0,145,681.5,279.41499999999996,0.41
2021-02-12,1197831,4,14,2,38.0,174,661.2,257.86800000000005,0.39
2021-03-10,1197831,3,14,2,38.0,246,934.8,560.88,0.6
2021-03-10,1197831,2,14,2,37.0,131,484.7,213.26799999999997,0.44
2021-03-10,1197831,6,14,2,27.0,149,402.3,181.035,0.44999999999999996
2021-03-10,1197831,5,14,2,33.0,112,369.6,173.712,0.47
2021-03-10,1197831,1,14,2,47.0,126,592.2,266.48999999999995,0.44999999999999996
2021-03-10,1197831,4,14,2,37.0,165,610.5,225.885,0.37
2021-04-11,1197831,3,14,2,39.0,208,811.2,502.94399999999996,0.62
2021-04-11,1197831,2,14,2,39.0,140,546.0,245.69999999999996,0.44999999999999996
2021-04-11,1197831,6,14,2,28.0,145,406.0,186.76,0.45999999999999996
2021-04-11,1197831,5,14,2,33.0,119,392.7,184.569,0.47
2021-04-11,1197831,1,14,2,47.0,106,498.2,209.244,0.42
2021-04-11,1197831,4,14,2,36.0,149,536.4,187.73999999999998,0.35
2021-05-10,1197831,3,14,2,45.0,246,1107.0,719.55,0.65
2021-05-10,1197831,2,14,2,41.0,152,623.2,249.28000000000003,0.4
2021-05-10,1197831,6,14,2,39.0,145,565.5,277.09499999999997,0.49
2021-05-10,1197831,5,14,2,39.0,131,510.9,255.45,0.5
2021-05-10,1197831,1,14,2,45.0,133,598.5,251.36999999999998,0.42
2021-05-10,1197831,4,14,2,52.0,156,811.2,324.48,0.4
2021-06-12,1197831,3,14,2,46.0,247,1136.2,715.806,0.63
2021-06-12,1197831,2,14,2,42.0,168,705.6,289.296,0.41
2021-06-12,1197831,6,14,2,38.0,131,497.8,224.01,0.44999999999999996
2021-06-12,1197831,5,14,2,38.0,140,532.0,250.03999999999996,0.47
2021-06-12,1197831,1,14,2,49.0,135,661.5,291.06,0.44
2021-06-12,1197831,4,14,2,50.0,163,815.0,301.55,0.37
2021-07-10,1197831,3,14,2,48.0,228,1094.4,700.4159999999999,0.64
2021-07-10,1197831,2,14,2,44.0,163,717.2,308.396,0.43
2021-07-10,1197831,6,14,2,38.0,149,566.2,271.77599999999995,0.48
2021-07-10,1197831,5,14,2,39.0,150,585.0,274.95,0.47
2021-07-10,1197831,1,14,2,48.0,137,657.6,276.192,0.42
2021-07-10,1197831,4,14,2,51.0,196,999.6,359.856,0.36
2021-08-11,1197831,3,14,2,47.0,255,1198.5,767.0400000000001,0.64
2021-08-11,1197831,2,14,2,43.0,163,700.9,287.369,0.41
2021-08-11,1197831,6,14,2,38.0,143,543.4,244.52999999999997,0.44999999999999996
2021-08-11,1197831,5,14,2,38.0,147,558.6,273.714,0.49
2021-08-11,1197831,1,14,2,47.0,140,658.0,269.78,0.41
2021-08-11,1197831,4,14,2,52.0,196,1019.2,407.68,0.4
2021-09-10,1197831,3,14,2,48.0,208,998.4,638.976,0.64
2021-09-10,1197831,2,14,2,44.0,150,660.0,283.8,0.43
2021-09-10,1197831,6,14,2,38.0,137,520.6,239.47599999999997,0.45999999999999996
2021-09-10,1197831,5,14,2,38.0,135,513.0,251.36999999999998,0.49
2021-09-10,1197831,1,14,2,48.0,125,600.0,258.0,0.43
2021-09-10,1197831,4,14,2,52.0,174,904.8,361.92,0.4
2021-10-12,1197831,3,14,2,50.0,202,1010.0,646.4,0.64
2021-10-12,1197831,2,14,2,44.0,174,765.6,306.24,0.4
2021-10-12,1197831,6,14,2,42.0,125,525.0,241.5,0.45999999999999996
2021-10-12,1197831,5,14,2,41.0,119,487.9,224.43399999999997,0.45999999999999996
2021-10-12,1197831,1,14,2,54.0,128,691.2,304.12800000000004,0.44
2021-10-12,1197831,4,14,2,55.0,150,825.0,305.25,0.37
2021-11-11,1197831,3,14,2,53.0,218,1155.4,704.794,0.61
2021-11-11,1197831,2,14,2,42.0,167,701.4,301.602,0.43
2021-11-11,1197831,6,14,2,42.0,146,613.2,306.6,0.5
2021-11-11,1197831,5,14,2,42.0,135,567.0,277.83,0.49
2021-11-11,1197831,1,14,2,51.0,143,729.3,299.013,0.41
2021-11-11,1197831,4,14,2,55.0,161,885.5,345.345,0.39
2021-12-10,1197831,3,14,2,52.0,224,1164.8,710.528,0.61
2021-12-10,1197831,2,14,2,44.0,168,739.2,303.072,0.41
2021-12-22,1197831,6,43,2,43.0,123,528.9,253.87199999999999,0.48
2021-12-22,1197831,5,43,2,44.0,115,506.0,227.7,0.44999999999999996
2021-12-22,1197831,1,43,2,52.0,88,457.6,196.768,0.43
2021-12-22,1197831,4,43,2,58.0,135,783.0,289.71,0.37
2021-01-26,1197831,3,43,2,33.0,133,438.9,215.061,0.49
2021-01-26,1197831,2,43,2,42.0,138,579.6,307.188,0.53
2021-01-26,1197831,6,43,2,42.0,138,579.6,266.616,0.45999999999999996
2021-01-26,1197831,5,43,2,43.0,85,365.5,179.095,0.49
2021-01-26,1197831,1,43,2,45.0,80,360.0,147.6,0.41
2021-01-26,1197831,4,43,2,42.0,128,537.6,193.536,0.36
2021-02-26,1197831,3,43,2,33.0,147,485.1,237.69899999999998,0.49
2021-02-26,1197831,2,43,2,44.0,106,466.4,256.52000000000004,0.55
2021-02-26,1197831,6,43,2,41.0,111,455.1,209.346,0.45999999999999996
2021-02-26,1197831,5,2,2,43.0,74,318.2,155.918,0.49
2021-02-26,1197831,1,2,2,45.0,54,243.0,106.92,0.44
2021-02-26,1197831,4,2,2,41.0,104,426.4,162.03199999999998,0.38
2021-03-25,1197831,3,2,2,44.0,165,726.0,363.0,0.5
2021-03-25,1197831,2,2,2,51.0,112,571.2,302.736,0.53
2021-03-25,1197831,6,2,2,52.0,112,582.4,285.376,0.49
2021-03-25,1197831,5,2,2,50.0,83,415.0,190.89999999999998,0.45999999999999996
2021-03-25,1197831,1,2,2,55.0,53,291.5,125.345,0.43
2021-03-25,1197831,4,2,2,50.0,98,490.0,186.2,0.38
2021-04-26,1197831,3,2,2,51.0,154,785.4,353.42999999999995,0.44999999999999996
2021-04-26,1197831,2,2,2,59.0,98,578.2,289.1,0.5
2021-04-26,1197831,6,2,2,55.0,116,638.0,319.0,0.5
2021-04-26,1197831,5,2,2,54.0,87,469.8,216.108,0.45999999999999996
2021-04-26,1197831,1,2,2,56.0,58,324.8,133.16799999999998,0.41
2021-04-26,1197831,4,2,2,69.0,101,696.9,264.822,0.38
2021-05-27,1197831,3,2,2,51.0,150,765.0,344.24999999999994,0.44999999999999996
2021-05-27,1197831,2,2,2,58.0,111,643.8,328.338,0.51
2021-05-27,1197831,6,2,2,56.0,126,705.6,331.63199999999995,0.47
2021-05-27,1197831,5,2,2,51.0,91,464.1,213.48599999999996,0.45999999999999996
2021-05-27,1197831,1,2,2,56.0,65,364.0,152.88,0.42
2021-05-27,1197831,4,2,2,69.0,115,793.5,309.46500000000003,0.39
2021-06-26,1197831,3,2,2,52.0,203,1055.6,506.688,0.48
2021-06-26,1197831,2,2,2,54.0,154,831.6,432.43199999999996,0.52
2021-06-26,1197831,6,2,2,54.0,149,804.6,402.3,0.5
2021-06-26,1197831,5,2,2,54.0,106,572.4,257.58,0.44999999999999996
2021-06-26,1197831,1,2,2,56.0,87,487.2,209.496,0.43
2021-06-26,1197831,4,2,2,74.0,162,1198.8,431.56800000000004,0.36
2021-07-25,1197831,3,2,2,54.0,203,1096.2,515.2139999999999,0.47
2021-07-25,1197831,2,2,2,56.0,180,1008.0,544.32,0.54
2021-07-25,1197831,6,2,2,58.0,160,928.0,445.43999999999994,0.48
2021-07-25,1197831,5,2,2,54.0,135,729.0,328.04999999999995,0.44999999999999996
2021-07-25,1197831,1,2,2,57.0,145,826.5,355.395,0.43
2021-07-25,1197831,4,2,2,69.0,140,966.0,367.08000000000004,0.38
2021-08-26,1197831,3,2,2,56.0,175,980.0,490.0,0.5
2021-08-26,1197831,2,2,2,60.0,176,1056.0,549.12,0.52
2021-08-26,1197831,6,2,2,58.0,142,823.6,378.85599999999994,0.45999999999999996
2021-08-26,1197831,5,2,2,55.0,143,786.5,369.655,0.47
2021-08-26,1197831,1,2,2,67.0,124,830.8,332.32000000000005,0.4
2021-08-26,1197831,4,2,2,70.0,126,882.0,335.15999999999997,0.38
2021-09-27,1197831,3,2,2,49.0,163,798.7,359.41499999999996,0.44999999999999996
2021-09-27,1197831,2,2,2,51.0,156,795.6,405.756,0.51
2021-09-27,1197831,6,2,2,46.0,143,657.8,309.166,0.47
2021-09-27,1197831,5,2,2,49.0,123,602.7,283.269,0.47
2021-09-27,1197831,1,2,2,54.0,111,599.4,239.76,0.4
2021-09-27,1197831,4,2,2,59.0,133,784.7,282.492,0.36
2021-10-26,1197831,3,2,2,48.0,165,792.0,396.0,0.5
2021-10-26,1197831,2,2,2,50.0,149,745.0,394.85,0.53
2021-10-26,1197831,6,2,2,48.0,105,504.0,236.87999999999997,0.47
2021-10-26,1197831,5,2,2,46.0,95,437.0,214.13000000000002,0.49
2021-10-26,1197831,1,2,2,56.0,91,509.6,224.22400000000002,0.44
2021-10-26,1197831,4,2,2,68.0,105,714.0,264.18,0.37
2021-11-26,1197831,3,2,2,58.0,160,928.0,454.71999999999997,0.49
2021-11-26,1197831,2,2,2,59.0,150,885.0,477.9,0.54
2021-11-26,1197831,6,2,2,54.0,117,631.8,303.264,0.48
2021-11-26,1197831,5,2,2,55.0,115,632.5,297.275,0.47
2021-11-26,1197831,1,2,2,65.0,113,734.5,323.18,0.44
2021-11-26,1197831,4,2,2,72.0,140,1008.0,393.12,0.39
2021-12-25,1197831,3,2,2,55.0,210,1155.0,531.3,0.45999999999999996
2021-12-25,1197831,2,2,2,61.0,182,1110.2,555.1,0.5
2021-10-21,1197831,4,39,2,29.0,91,263.9,145.145,0.55
2021-11-20,1197831,3,39,2,23.0,133,305.9,165.186,0.54
2021-11-20,1197831,2,39,2,14.0,78,109.2,51.324,0.47
2021-11-20,1197831,6,39,2,23.0,74,170.2,91.908,0.54
2021-11-20,1197831,5,39,2,52.0,75,390.0,206.7,0.53
2021-11-20,1197831,1,39,2,71.0,77,546.7,267.883,0.49
2021-11-20,1197831,4,39,2,72.0,105,756.0,378.0,0.5
2021-12-19,1197831,3,39,2,64.0,169,1081.6,594.88,0.55
2021-12-19,1197831,2,39,2,58.0,119,690.2,310.59,0.44999999999999996
2021-12-19,1197831,6,39,2,55.0,101,555.5,277.75,0.5
2021-12-19,1197831,5,39,2,54.0,94,507.6,269.028,0.53
2021-12-19,1197831,1,39,2,69.0,81,558.9,268.272,0.48
2021-12-19,1197831,4,39,2,68.0,123,836.4,418.2,0.5
2021-01-16,1197831,3,39,2,23.0,149,342.7,167.923,0.49
2021-01-16,1197831,2,39,2,23.0,91,209.3,102.55699999999999,0.49
2021-01-16,1197831,6,39,2,14.0,88,123.2,59.136,0.48
2021-01-16,1197831,5,39,2,19.0,56,106.4,52.136,0.49
2021-01-16,1197831,1,39,2,33.0,65,214.5,102.96,0.48
2021-01-16,1197831,4,39,2,23.0,102,234.6,117.3,0.5
2021-02-14,1197831,3,39,2,23.0,162,372.6,175.12199999999999,0.47
2021-02-14,1197831,2,39,2,23.0,65,149.5,74.75,0.5
2021-02-14,1197831,6,39,2,14.0,75,105.0,51.45,0.49
2021-02-14,1197831,5,53,2,20.0,42,84.0,37.8,0.44999999999999996
2021-02-14,1197831,1,53,2,32.0,68,217.6,104.44800000000001,0.48
2021-02-14,1197831,4,53,2,18.0,98,176.4,86.436,0.49
2021-03-12,1197831,3,53,2,20.0,153,306.0,149.94,0.49
2021-03-12,1197831,2,53,2,19.0,59,112.1,52.687,0.47
2021-03-12,1197831,6,53,2,9.0,75,67.5,31.05,0.45999999999999996
2021-03-12,1197831,5,53,2,20.0,26,52.0,24.96,0.48
2021-03-12,1197831,1,53,2,32.0,41,131.2,60.352,0.45999999999999996
2021-03-12,1197831,4,53,2,23.0,65,149.5,74.75,0.5
2021-04-13,1197831,3,53,2,24.0,150,360.0,161.99999999999997,0.44999999999999996
2021-04-13,1197831,2,53,2,25.0,58,145.0,69.6,0.48
2021-04-13,1197831,6,53,2,14.0,60,84.0,42.0,0.5
2021-04-13,1197831,5,53,2,19.0,35,66.5,29.924999999999994,0.44999999999999996
2021-04-13,1197831,1,53,2,39.0,38,148.2,72.618,0.49
2021-04-13,1197831,4,53,2,29.0,81,234.9,115.101,0.49
2021-05-12,1197831,3,53,2,36.0,143,514.8,231.66,0.44999999999999996
2021-05-12,1197831,2,53,2,39.0,77,300.3,144.144,0.48
2021-05-12,1197831,6,53,2,32.0,65,208.0,101.91999999999999,0.49
2021-05-12,1197831,5,53,2,32.0,58,185.6,92.8,0.5
2021-05-12,1197831,1,53,2,43.0,56,240.8,120.4,0.5
2021-05-12,1197831,4,53,2,42.0,94,394.8,177.66,0.44999999999999996
2021-06-14,1197831,3,53,2,37.0,144,532.8,266.4,0.5
2021-06-14,1197831,2,53,2,32.0,94,300.8,144.384,0.48
2021-06-14,1197831,6,53,2,37.0,81,299.7,137.862,0.45999999999999996
2021-06-14,1197831,5,53,2,38.0,80,304.0,136.79999999999998,0.44999999999999996
2021-06-14,1197831,1,53,2,54.0,83,448.2,215.13600000000002,0.48
2021-06-14,1197831,4,53,2,58.0,117,678.6,332.514,0.49
2021-07-12,1197831,3,53,2,51.0,182,928.2,464.1,0.5
2021-07-12,1197831,2,53,2,49.0,119,583.1,291.55,0.5
2021-07-12,1197831,6,53,2,42.0,102,428.4,197.064,0.45999999999999996
2021-07-12,1197831,5,53,2,43.0,75,322.5,158.025,0.49
2021-07-12,1197831,1,53,2,56.0,91,509.6,234.416,0.45999999999999996
2021-07-12,1197831,4,53,2,60.0,140,840.0,411.6,0.49
2021-08-13,1197831,3,53,2,56.0,189,1058.4,529.2,0.5
2021-08-13,1197831,2,53,2,51.0,111,566.1,254.74499999999998,0.44999999999999996
2021-08-13,1197831,6,53,2,47.0,102,479.4,239.7,0.5
2021-08-13,1197831,5,53,2,37.0,90,333.0,163.17000000000002,0.49
2021-08-13,1197831,1,53,2,47.0,69,324.3,162.15,0.5
2021-08-13,1197831,4,53,2,52.0,113,587.6,293.8,0.5
2021-09-12,1197831,3,53,2,47.0,165,775.5,387.75,0.5
2021-09-12,1197831,2,53,2,38.0,91,345.8,155.60999999999999,0.44999999999999996
2021-09-12,1197831,6,53,2,15.0,75,112.5,52.875,0.47
2021-09-12,1197831,5,53,2,14.0,65,91.0,42.769999999999996,0.47
2021-09-12,1197831,1,53,2,24.0,61,146.4,71.736,0.49
2021-09-12,1197831,4,53,2,29.0,94,272.6,133.574,0.49
2021-10-14,1197831,3,53,2,29.0,145,420.5,193.43,0.45999999999999996
2021-10-14,1197831,2,53,2,19.0,85,161.5,74.28999999999999,0.45999999999999996
2021-10-14,1197831,6,53,2,19.0,60,114.0,53.58,0.47
2021-10-14,1197831,5,53,2,19.0,47,89.3,42.864,0.48
2021-10-14,1197831,1,53,2,29.0,46,133.4,65.366,0.49
2021-10-15,1197831,4,54,2,63.0,78,491.4,270.27000000000004,0.55
2021-11-14,1197831,3,54,2,60.0,135,810.0,380.7,0.47
2021-11-14,1197831,2,54,2,53.0,85,450.5,207.22999999999996,0.45999999999999996
2021-11-14,1197831,6,54,2,52.0,86,447.2,228.07200000000003,0.51
2021-11-14,1197831,5,54,2,51.0,84,428.4,227.052,0.53
2021-11-14,1197831,1,54,2,60.0,72,432.0,172.8,0.4
2021-11-14,1197831,4,54,2,64.0,98,627.2,344.96000000000004,0.55
2021-12-13,1197831,3,54,2,62.0,168,1041.6,489.55199999999996,0.47
2021-12-13,1197831,2,54,2,50.0,100,500.0,240.0,0.48
2021-12-13,1197831,6,54,2,50.0,109,545.0,294.3,0.54
2021-12-13,1197831,5,54,2,53.0,98,519.4,280.476,0.54
2021-12-13,1197831,1,54,2,61.0,91,555.1,222.04000000000002,0.4
2021-12-13,1197831,4,54,2,65.0,123,799.5,399.75,0.5
2021-01-10,1197831,3,54,2,32.0,138,441.6,220.8,0.5
2021-01-10,1197831,2,54,2,33.0,77,254.1,119.42699999999999,0.47
2021-01-10,1197831,6,54,2,24.0,72,172.8,88.128,0.51
2021-01-10,1197831,5,54,2,27.0,38,102.6,51.3,0.5
2021-01-10,1197831,1,54,2,41.0,47,192.7,77.08000000000001,0.4
2021-01-10,1197831,4,54,2,33.0,69,227.7,125.23500000000001,0.55
2021-02-08,1197831,3,54,2,34.0,147,499.8,239.904,0.48
2021-02-08,1197831,2,54,2,32.0,53,169.6,84.8,0.5
2021-02-08,1197831,6,54,2,24.0,63,151.2,77.112,0.51
2021-02-08,1197831,5,38,2,29.0,30,87.0,46.11,0.53
2021-02-08,1197831,1,38,2,41.0,47,192.7,77.08000000000001,0.4
2021-02-08,1197831,4,38,2,32.0,74,236.8,125.50399999999999,0.53
2021-03-06,1197831,3,38,2,32.0,144,460.8,211.968,0.45999999999999996
2021-03-06,1197831,2,38,2,32.0,58,185.6,90.94399999999999,0.49
2021-03-06,1197831,6,38,2,24.0,59,141.6,75.048,0.53
2021-03-06,1197831,5,38,2,27.0,22,59.4,30.887999999999998,0.52
2021-03-06,1197831,1,38,2,43.0,34,146.2,65.78999999999999,0.44999999999999996
2021-03-06,1197831,4,38,2,32.0,61,195.2,97.6,0.5
2021-04-07,1197831,3,38,2,34.0,133,452.2,226.1,0.5
2021-04-07,1197831,2,38,2,33.0,51,168.3,77.41799999999999,0.45999999999999996
2021-04-07,1197831,6,38,2,24.0,51,122.4,61.2,0.5
2021-04-07,1197831,5,38,2,27.0,27,72.9,37.179,0.51
2021-04-07,1197831,1,38,2,44.0,27,118.8,52.272000000000006,0.44
2021-04-07,1197831,4,38,2,33.0,68,224.4,121.176,0.54
2021-05-06,1197831,3,38,2,48.0,130,624.0,293.28,0.47
2021-05-06,1197831,2,38,2,41.0,68,278.8,139.4,0.5
2021-05-06,1197831,6,38,2,38.0,75,285.0,142.5,0.5
2021-05-06,1197831,5,38,2,38.0,56,212.8,106.4,0.5
2021-05-06,1197831,1,38,2,47.0,68,319.6,131.036,0.41
2021-05-06,1197831,4,38,2,51.0,102,520.2,270.504,0.52
2021-06-08,1197831,3,38,2,45.0,156,702.0,322.91999999999996,0.45999999999999996
2021-06-08,1197831,2,38,2,44.0,105,462.0,212.51999999999998,0.45999999999999996
2021-06-08,1197831,6,38,2,38.0,69,262.2,138.966,0.53
2021-06-08,1197831,5,38,2,39.0,65,253.5,136.89000000000001,0.54
2021-06-08,1197831,1,38,2,46.0,65,299.0,134.54999999999998,0.44999999999999996
2021-06-08,1197831,4,38,2,50.0,120,600.0,300.0,0.5
2021-07-06,1197831,3,38,2,47.0,188,883.6,415.29200000000003,0.47
2021-07-06,1197831,2,38,2,42.0,98,411.6,205.8,0.5
2021-07-06,1197831,6,38,2,37.0,81,299.7,155.844,0.52
2021-07-06,1197831,5,38,2,36.0,63,226.8,122.47200000000001,0.54
2021-07-06,1197831,1,38,2,48.0,74,355.2,152.736,0.43
2021-07-06,1197831,4,38,2,54.0,131,707.4,374.922,0.53
2021-08-07,1197831,3,38,2,47.0,180,846.0,406.08,0.48
2021-08-07,1197831,2,38,2,42.0,101,424.2,199.37399999999997,0.47
2021-08-07,1197831,6,38,2,37.0,75,277.5,149.85,0.54
2021-08-07,1197831,5,38,2,36.0,52,187.2,95.47200000000001,0.51
2021-08-07,1197831,1,38,2,46.0,46,211.6,90.988,0.43
2021-08-07,1197831,4,38,2,52.0,105,546.0,289.38,0.53
2021-09-06,1197831,3,38,2,46.0,124,570.4,279.496,0.49
2021-09-06,1197831,2,38,2,41.0,72,295.2,147.6,0.5
2021-09-06,1197831,6,38,2,39.0,51,198.9,105.417,0.53
2021-09-06,1197831,5,38,2,37.0,38,140.6,74.518,0.53
2021-09-06,1197831,1,38,2,47.0,41,192.7,79.00699999999999,0.41
2021-09-06,1197831,4,38,2,50.0,73,365.0,193.45,0.53
2021-10-08,1197831,3,38,2,53.0,119,630.7,290.12199999999996,0.45999999999999996
2021-10-08,1197831,2,38,2,48.0,63,302.4,151.2,0.5
2021-10-08,1197831,6,38,2,46.0,42,193.2,96.6,0.5
2021-10-08,1197831,5,38,2,48.0,31,148.8,77.376,0.52
2021-10-08,1197831,1,38,2,58.0,38,220.4,90.364,0.41
2021-02-17,1197831,3,49,3,26.0,224,582.4,250.43200000000002,0.43000000000000005
2021-02-18,1197831,2,49,3,35.0,224,784.0,235.2,0.3
2021-03-09,1197831,6,49,3,36.0,217,781.2,328.10400000000004,0.42000000000000004
2021-03-10,1197831,5,49,3,33.0,182,600.6,228.228,0.38
2021-03-11,1197831,1,30,3,36.0,155,558.0,329.22,0.5900000000000001
2021-03-12,1197831,4,30,3,29.0,210,609.0,140.07,0.23
2021-03-13,1197831,3,30,3,28.0,240,672.0,309.12,0.46
2021-03-14,1197831,2,30,3,30.0,215,645.0,199.95,0.31
2021-03-15,1197831,6,30,3,33.0,223,735.9,309.07800000000003,0.42000000000000004
2021-03-16,1197831,5,30,3,34.0,179,608.6,249.52599999999998,0.41
2021-03-17,1197831,1,30,3,40.0,140,560.0,319.20000000000005,0.5700000000000001
2021-03-18,1197831,4,30,3,32.0,208,665.6,173.05599999999998,0.26
2021-03-19,1197831,3,30,3,24.0,264,633.6,278.784,0.44
2021-03-20,1197831,2,30,3,36.0,228,820.8,229.824,0.28
2021-03-21,1197831,6,30,3,33.0,221,729.3,335.478,0.46
2021-03-22,1197831,5,30,3,36.0,176,633.6,247.10399999999996,0.38999999999999996
2021-03-23,1197831,1,30,3,36.0,128,460.8,271.872,0.5900000000000001
2021-04-06,1197831,4,30,3,33.0,194,640.2,147.246,0.23
2021-04-07,1197831,3,30,3,31.0,248,768.8,353.648,0.46
2021-04-08,1197831,2,30,3,34.0,210,714.0,207.06,0.29
2021-04-09,1197831,6,30,3,38.0,206,782.8,367.91600000000005,0.47000000000000003
2021-04-10,1197831,5,30,3,31.0,173,536.3,203.794,0.38
2021-04-11,1197831,1,30,3,38.0,149,566.2,345.38200000000006,0.6100000000000001
2021-04-12,1197831,4,30,3,49.0,198,970.2,261.954,0.27
2021-04-13,1197831,3,30,3,32.0,240,768.0,360.96000000000004,0.47000000000000003
2021-04-14,1197831,2,30,3,34.0,221,751.4,225.42,0.3
2021-04-15,1197831,6,30,3,36.0,215,774.0,348.3,0.45
2021-04-16,1197831,5,30,3,33.0,193,636.9,242.02200000000002,0.38
2021-04-17,1197831,1,30,3,38.0,140,532.0,313.88000000000005,0.5900000000000001
2021-04-18,1197831,4,30,3,43.0,206,885.8,194.876,0.22
2021-04-19,1197831,3,30,3,36.0,297,1069.2,470.44800000000004,0.44
2021-04-20,1197831,2,30,3,35.0,225,787.5,236.25,0.3
2021-04-21,1197831,6,30,3,35.0,233,815.5,342.51000000000005,0.42000000000000004
2021-04-22,1197831,5,30,3,32.0,194,620.8,229.696,0.37
2021-04-23,1197831,1,30,3,39.0,165,643.5,386.1,0.6000000000000001
2021-04-24,1197831,4,30,3,48.0,264,1267.2,278.784,0.22
2021-04-25,1197831,3,30,3,30.0,285,855.0,401.85,0.47000000000000003
2021-04-26,1197831,2,30,3,37.0,272,1006.4,291.856,0.29
2021-04-27,1197831,6,30,3,33.0,240,792.0,364.32000000000005,0.46
2021-04-28,1197831,5,30,3,29.0,228,661.2,264.47999999999996,0.39999999999999997
2021-04-29,1197831,1,30,3,38.0,224,851.2,510.7200000000001,0.6000000000000001
2021-04-30,1197831,4,30,3,51.0,224,1142.4,262.752,0.23
2021-05-01,1197831,3,30,3,36.0,306,1101.6,495.71999999999997,0.45
2021-05-02,1197831,2,30,3,41.0,264,1082.4,335.544,0.31
2021-05-03,1197831,6,30,3,34.0,232,788.8,347.072,0.44
2021-05-04,1197831,5,30,3,36.0,223,802.8,305.06399999999996,0.38
2021-05-05,1197831,1,30,3,43.0,230,989.0,613.1800000000001,0.6200000000000001
2021-05-06,1197831,4,30,3,46.0,208,956.8,220.064,0.23
2021-05-07,1197831,3,30,3,38.0,289,1098.2,505.172,0.46
2021-05-08,1197831,2,30,3,39.0,264,1029.6,277.992,0.27
2021-05-09,1197831,6,30,3,38.0,210,798.0,359.1,0.45
2021-05-10,1197831,5,30,3,39.0,195,760.5,304.19999999999993,0.39999999999999997
2021-05-11,1197831,1,30,3,44.0,195,858.0,531.9600000000002,0.6200000000000001
2021-05-12,1197831,4,30,3,49.0,210,1029.0,226.38000000000002,0.22
2021-05-13,1197831,3,30,3,36.0,256,921.6,433.15200000000004,0.47000000000000003
2021-05-14,1197831,2,30,3,43.0,264,1135.2,340.56,0.3
2021-05-15,1197831,6,30,3,33.0,208,686.4,288.288,0.42000000000000004
2021-05-16,1197831,5,30,3,33.0,213,702.9,295.21799999999996,0.42
2021-05-17,1197831,1,30,3,46.0,210,966.0,598.9200000000001,0.6200000000000001
2021-05-18,1197831,4,30,3,46.0,208,956.8,229.632,0.24000000000000002
2021-05-19,1197831,3,30,3,40.0,272,1088.0,500.48,0.46
2021-05-20,1197831,2,30,3,42.0,264,1108.8,332.64,0.3
2021-05-21,1197831,6,30,3,35.0,223,780.5,359.03000000000003,0.46
2021-05-22,1197831,5,30,3,33.0,221,729.3,306.306,0.42
2021-05-23,1197831,1,30,3,46.0,204,938.4,534.8880000000001,0.5700000000000001
2021-05-24,1197831,4,30,3,49.0,238,1166.2,279.88800000000003,0.24000000000000002
2021-05-25,1197831,3,30,3,39.0,315,1228.5,565.11,0.46
2021-05-26,1197831,2,30,3,42.0,288,1209.6,338.688,0.28
2021-05-27,1197831,6,30,3,39.0,231,900.9,414.41400000000004,0.46
2021-05-28,1197831,5,30,3,35.0,224,784.0,313.59999999999997,0.39999999999999997
2021-05-29,1197831,1,30,3,43.0,219,941.7,583.854,0.6200000000000001
2021-05-30,1197831,4,30,3,44.0,232,1020.8,255.2,0.25
2021-12-22,1197831,6,43,3,35.0,136,476.0,195.16,0.41
2021-12-22,1197831,5,43,3,32.0,128,409.6,167.93599999999998,0.41
2021-12-22,1197831,1,43,3,42.0,109,457.8,155.652,0.33999999999999997
2021-12-22,1197831,4,43,3,43.0,135,580.5,162.54000000000002,0.28
2021-01-26,1197831,3,43,3,27.0,152,410.4,168.26399999999998,0.41
2021-01-26,1197831,2,43,3,30.0,147,441.0,207.27000000000004,0.47000000000000003
2021-01-26,1197831,6,43,3,32.0,157,502.4,195.93599999999998,0.38999999999999996
2021-01-26,1197831,5,43,3,30.0,101,303.0,115.14000000000001,0.38
2021-01-26,1197831,1,43,3,33.0,94,310.2,114.774,0.37
2021-01-26,1197831,4,43,3,36.0,166,597.6,161.35200000000003,0.27
2021-02-26,1197831,3,43,3,27.0,173,467.1,186.83999999999997,0.39999999999999997
2021-02-26,1197831,2,43,3,36.0,136,489.6,230.11200000000002,0.47000000000000003
2021-02-26,1197831,6,43,3,35.0,132,462.0,184.79999999999998,0.39999999999999997
2021-02-26,1197831,5,2,3,29.0,91,263.9,97.643,0.37
2021-02-26,1197831,1,2,3,34.0,62,210.8,67.456,0.32
2021-02-26,1197831,4,2,3,35.0,140,490.0,137.20000000000002,0.28
2021-03-25,1197831,3,2,3,30.0,187,561.0,230.01,0.41
2021-03-25,1197831,2,2,3,36.0,136,489.6,220.32000000000002,0.45
2021-03-25,1197831,6,2,3,44.0,124,545.6,207.32800000000003,0.38
2021-03-25,1197831,5,2,3,37.0,88,325.6,126.984,0.38999999999999996
2021-03-25,1197831,1,2,3,41.0,53,217.3,69.536,0.32
2021-03-25,1197831,4,2,3,44.0,131,576.4,178.684,0.31
2021-04-26,1197831,3,2,3,41.0,165,676.5,284.13,0.42
2021-04-26,1197831,2,2,3,43.0,109,468.7,215.602,0.46
2021-04-26,1197831,6,2,3,44.0,140,616.0,258.71999999999997,0.42
2021-04-26,1197831,5,2,3,37.0,96,355.2,138.52799999999996,0.38999999999999996
2021-04-26,1197831,1,2,3,46.0,60,276.0,96.6,0.35
2021-04-26,1197831,4,2,3,56.0,116,649.6,181.888,0.28
2021-05-27,1197831,3,2,3,43.0,184,791.2,324.39199999999994,0.41
2021-05-27,1197831,2,2,3,46.0,136,625.6,262.75200000000007,0.42000000000000004
2021-05-27,1197831,6,2,3,46.0,135,621.0,254.60999999999999,0.41
2021-05-27,1197831,5,2,3,43.0,109,468.7,192.16699999999997,0.41
2021-05-27,1197831,1,2,3,45.0,78,351.0,122.85,0.35
2021-05-27,1197831,4,2,3,56.0,132,739.2,214.368,0.29
2021-06-26,1197831,3,2,3,37.0,224,828.8,323.23199999999997,0.38999999999999996
2021-06-26,1197831,2,2,3,47.0,187,878.9,377.927,0.43000000000000005
2021-06-26,1197831,6,2,3,41.0,193,791.3,316.52,0.39999999999999997
2021-06-26,1197831,5,2,3,37.0,128,473.6,189.44,0.39999999999999997
2021-06-26,1197831,1,2,3,44.0,93,409.2,143.21999999999997,0.35
2021-06-26,1197831,4,2,3,50.0,192,960.0,268.80000000000007,0.28
2021-07-25,1197831,3,2,3,41.0,248,1016.8,396.55199999999996,0.38999999999999996
2021-07-25,1197831,2,2,3,45.0,210,945.0,406.35,0.43000000000000005
2021-07-25,1197831,6,2,3,39.0,171,666.9,246.753,0.37
2021-07-25,1197831,5,2,3,39.0,149,581.1,244.06199999999998,0.42
2021-07-25,1197831,1,2,3,40.0,160,640.0,204.8,0.32
2021-07-25,1197831,4,2,3,49.0,160,784.0,250.88000000000002,0.32
2021-08-26,1197831,3,2,3,40.0,224,896.0,331.52,0.37
2021-08-26,1197831,2,2,3,44.0,208,915.2,402.688,0.44
2021-08-26,1197831,6,2,3,46.0,163,749.8,299.91999999999996,0.39999999999999997
2021-08-26,1197831,5,2,3,46.0,152,699.2,258.704,0.37
2021-08-26,1197831,1,2,3,48.0,162,777.6,264.38399999999996,0.33999999999999997
2021-08-26,1197831,4,2,3,50.0,153,765.0,244.8,0.32
2021-09-27,1197831,3,2,3,37.0,206,762.2,320.12399999999997,0.42
2021-09-27,1197831,2,2,3,39.0,188,733.2,337.27200000000005,0.46
2021-09-27,1197831,6,2,3,39.0,147,573.3,240.786,0.42
2021-09-27,1197831,5,2,3,37.0,145,536.5,219.965,0.41
2021-09-27,1197831,1,2,3,40.0,145,580.0,202.99999999999997,0.35
2021-09-27,1197831,4,2,3,48.0,157,753.6,226.07999999999998,0.3
2021-10-26,1197831,3,2,3,35.0,171,598.5,221.445,0.37
2021-10-26,1197831,2,2,3,38.0,182,691.6,297.38800000000003,0.43000000000000005
2021-10-26,1197831,6,2,3,34.0,120,408.0,163.2,0.39999999999999997
2021-10-26,1197831,5,2,3,35.0,112,392.0,164.64,0.42
2021-10-26,1197831,1,2,3,41.0,114,467.4,154.242,0.32999999999999996
2021-10-26,1197831,4,2,3,57.0,131,746.7,231.477,0.31
2021-11-26,1197831,3,2,3,47.0,176,827.2,339.152,0.41
2021-11-26,1197831,2,2,3,44.0,180,792.0,340.56000000000006,0.43000000000000005
2021-11-26,1197831,6,2,3,46.0,149,685.4,253.598,0.37
2021-11-26,1197831,5,2,3,40.0,136,544.0,223.04000000000002,0.41
2021-11-26,1197831,1,2,3,54.0,131,707.4,261.738,0.37
2021-11-26,1197831,4,2,3,56.0,170,952.0,285.6,0.3
2021-12-25,1197831,3,2,3,44.0,238,1047.2,439.82399999999996,0.42
2021-12-25,1197831,2,2,3,47.0,217,1019.9,479.35300000000007,0.47000000000000003
2021-10-21,1197831,4,39,3,22.0,101,222.2,104.43400000000001,0.47000000000000003
2021-11-20,1197831,3,39,3,16.0,166,265.6,116.864,0.44
2021-11-20,1197831,2,39,3,11.0,96,105.6,40.128,0.38
2021-11-20,1197831,6,39,3,19.0,81,153.9,66.177,0.43000000000000005
2021-11-20,1197831,5,39,3,37.0,90,333.0,156.51000000000002,0.47000000000000003
2021-11-20,1197831,1,39,3,60.0,85,510.0,203.99999999999997,0.39999999999999997
2021-11-20,1197831,4,39,3,60.0,128,768.0,330.24000000000007,0.43000000000000005
2021-12-19,1197831,3,39,3,55.0,200,1100.0,462.0,0.42000000000000004
2021-12-19,1197831,2,39,3,47.0,149,700.3,266.114,0.38
2021-12-19,1197831,6,39,3,44.0,131,576.4,259.38,0.45
2021-12-19,1197831,5,39,3,45.0,114,513.0,230.85,0.45
2021-12-19,1197831,1,39,3,55.0,98,539.0,215.6,0.39999999999999997
2021-12-19,1197831,4,39,3,51.0,128,652.8,280.70400000000006,0.43000000000000005
2021-01-16,1197831,3,39,3,17.0,176,299.2,113.696,0.38
2021-01-16,1197831,2,39,3,16.0,105,168.0,63.839999999999996,0.38
2021-01-16,1197831,6,39,3,12.0,116,139.2,55.67999999999999,0.39999999999999997
2021-01-16,1197831,5,39,3,16.0,70,112.0,44.8,0.39999999999999997
2021-01-16,1197831,1,39,3,28.0,88,246.4,101.02399999999999,0.41
2021-01-16,1197831,4,39,3,17.0,119,202.3,74.851,0.37
2021-02-14,1197831,3,39,3,18.0,204,367.2,146.88,0.39999999999999997
2021-02-14,1197831,2,39,3,17.0,75,127.5,52.275,0.41
2021-02-14,1197831,6,39,3,11.0,90,99.0,38.61,0.38999999999999996
2020-07-19,1189833,3,37,3,25.0,900,22500.0,7875.0,0.35
2020-07-20,1189833,2,37,3,35.0,900,31500.0,11025.0,0.35
2020-07-21,1189833,6,37,3,35.0,700,24500.0,8575.0,0.35
2020-07-22,1189833,5,37,3,35.0,700,24500.0,11025.0,0.45
2020-07-23,1189833,1,24,3,40.0,550,22000.0,6600.0,0.3
2020-07-24,1189833,4,24,3,35.0,700,24500.0,12250.0,0.5
2020-07-25,1189833,3,24,3,25.0,850,21250.0,7437.5,0.35
2020-07-26,1189833,2,24,3,35.0,850,29750.0,10412.5,0.35
2020-07-27,1189833,6,24,3,35.0,675,23625.0,8268.75,0.35
2020-07-28,1189833,5,24,3,35.0,625,21875.0,9843.75,0.45
2020-07-29,1189833,1,24,3,40.0,500,20000.0,6000.0,0.3
2020-07-30,1189833,4,24,3,35.0,700,24500.0,12250.0,0.5
2020-07-31,1189833,3,24,3,30.0,875,26250.0,9187.5,0.35
2020-08-01,1189833,2,24,3,40.0,875,35000.0,12249.999999999998,0.35
2020-08-02,1189833,6,24,3,35.0,700,24500.0,8575.0,0.35
2020-08-03,1189833,5,24,3,40.0,600,24000.0,10800.0,0.45
2020-08-04,1189833,1,24,3,45.0,500,22500.0,6750.0,0.3
2020-08-05,1189833,4,24,3,40.0,650,26000.0,13000.0,0.5
2020-08-06,1189833,3,24,3,30.0,900,27000.0,9450.0,0.35
2020-08-07,1189833,2,24,3,40.0,900,36000.0,12599.999999999998,0.35
2020-08-08,1189833,6,24,3,35.0,725,25375.0,8881.25,0.35
2020-08-09,1189833,5,24,3,40.0,625,25000.0,11250.0,0.45
2021-08-11,1189833,3,15,3,20.0,725,14500.0,4350.0,0.3
2021-08-12,1189833,2,15,3,30.0,725,21750.0,6525.0,0.3
2021-08-13,1189833,6,15,3,30.0,525,15750.0,4725.0,0.3
2021-08-14,1189833,5,15,3,35.0,525,18375.0,7350.0,0.4
2021-08-15,1189833,1,17,3,40.0,375,15000.0,3750.0,0.25
2021-08-16,1189833,4,17,3,35.0,525,18375.0,8268.75,0.45
2021-08-17,1189833,3,17,3,25.0,675,16875.0,5062.5,0.3
2021-08-18,1189833,2,17,3,35.0,650,22750.0,6825.0,0.3
2021-08-19,1189833,6,17,3,35.0,475,16625.0,4987.5,0.3
2021-08-20,1189833,5,17,3,35.0,425,14875.0,5950.0,0.4
2021-08-21,1189833,1,17,3,40.0,300,12000.0,3000.0,0.25
2021-08-22,1189833,4,17,3,35.0,500,17500.0,7875.0,0.45
2021-08-23,1189833,3,17,3,30.0,675,20250.0,7087.5,0.35
2021-08-24,1189833,2,17,3,40.0,675,27000.0,9450.0,0.35
2021-08-25,1189833,6,17,3,30.0,500,15000.0,5250.0,0.35
2021-08-26,1189833,5,17,3,35.0,400,14000.0,6300.0,0.45
2021-08-27,1189833,1,17,3,40.0,300,12000.0,3600.0,0.3
2021-08-28,1189833,4,17,3,35.0,450,15750.0,7875.0,0.5
2021-08-29,1189833,3,17,3,20.0,700,14000.0,4900.0,0.35
2021-08-30,1189833,2,17,3,30.000000000000004,700,21000.000000000004,7350.0,0.35
2021-08-31,1189833,6,17,3,24.999999999999996,525,13124.999999999996,4593.749999999998,0.35
2021-09-01,1189833,5,17,3,30.000000000000004,425,12750.000000000002,5737.500000000001,0.45
2021-09-02,1189833,1,17,3,35.0,325,11375.0,3412.5,0.3
2021-09-03,1189833,4,17,3,30.000000000000004,600,18000.000000000004,9000.000000000002,0.5
2021-09-04,1189833,3,17,3,20.0,750,15000.0,5250.0,0.35
2021-09-05,1189833,2,17,3,30.000000000000004,775,23250.000000000004,8137.5,0.35
2021-09-06,1189833,6,17,3,24.999999999999996,625,15624.999999999996,5468.749999999998,0.35
2021-09-07,1189833,5,17,3,35.0,550,19250.0,8662.5,0.45
2021-09-08,1189833,1,17,3,50.0,450,22500.0,6750.0,0.3
2021-09-09,1189833,4,17,3,45.0,800,36000.0,18000.0,0.5
2021-09-10,1189833,3,17,3,45.0,800,36000.0,12599.999999999998,0.35
2021-09-11,1189833,2,17,3,50.0,800,40000.0,14000.0,0.35
2021-09-12,1189833,6,17,3,45.0,650,29250.0,10237.5,0.35
2021-09-13,1189833,5,17,3,45.0,600,27000.0,12150.0,0.45
2021-09-14,1189833,1,17,3,50.0,500,25000.0,7500.0,0.3
2021-09-15,1189833,4,17,3,55.00000000000001,875,48125.00000000001,24062.500000000004,0.5
2021-09-16,1189833,3,17,3,45.0,825,37125.0,14850.0,0.39999999999999997
2021-09-17,1189833,2,17,3,50.0,825,41250.0,16500.0,0.39999999999999997
2021-09-18,1189833,6,17,3,45.0,975,43875.0,17549.999999999996,0.39999999999999997
2021-09-19,1189833,5,17,3,45.0,575,25875.0,12937.5,0.5
2021-09-20,1189833,1,17,3,50.0,575,28750.0,10062.5,0.35
2021-09-21,1189833,4,17,3,60.0,850,51000.0,28050.0,0.55
2021-09-22,1189833,3,17,3,50.0,800,40000.0,16000.0,0.39999999999999997
2021-09-23,1189833,2,17,3,55.00000000000001,800,44000.00000000001,17600.0,0.39999999999999997
2021-09-24,1189833,6,17,3,50.0,975,48750.0,19499.999999999996,0.39999999999999997
2021-09-25,1189833,5,17,3,50.0,525,26250.0,13125.0,0.5
2021-09-26,1189833,1,17,3,55.00000000000001,525,28875.000000000007,10106.250000000002,0.35
2021-09-27,1189833,4,17,3,60.0,775,46500.0,25575.000000000004,0.55
2021-09-28,1189833,3,17,3,55.00000000000001,725,39875.00000000001,15950.0,0.39999999999999997
2021-09-29,1189833,2,17,3,55.00000000000001,675,37125.00000000001,14850.0,0.39999999999999997
2021-09-30,1189833,6,17,3,60.0,725,43500.0,17400.0,0.39999999999999997
2021-10-01,1189833,5,17,3,60.0,450,27000.0,13500.0,0.5
2021-10-02,1189833,1,17,3,55.00000000000001,450,24750.000000000004,8662.5,0.35
2021-10-03,1189833,4,17,3,50.0,675,33750.0,18562.500000000004,0.55
2021-10-04,1189833,3,17,3,40.0,625,25000.0,9999.999999999998,0.39999999999999997
2021-10-05,1189833,2,17,3,40.0,625,25000.0,9999.999999999998,0.39999999999999997
2021-10-06,1189833,6,17,3,45.0,575,25875.0,10349.999999999998,0.39999999999999997
2021-10-07,1189833,5,17,3,45.0,425,19125.0,9562.5,0.5
2021-10-08,1189833,1,17,3,40.0,400,16000.0,5600.0,0.35
2021-10-09,1189833,4,17,3,50.0,575,28750.0,15812.5,0.55
2021-10-10,1189833,3,17,3,40.0,725,29000.0,11599.999999999998,0.39999999999999997
2021-10-11,1189833,2,17,3,40.0,725,29000.0,11599.999999999998,0.39999999999999997
2021-10-12,1189833,6,17,3,65.0,650,42250.0,16900.0,0.39999999999999997
2021-10-13,1189833,5,17,3,65.0,500,32500.0,16250.0,0.5
2021-10-14,1189833,1,17,3,60.0,475,28500.0,9975.0,0.35
2021-10-15,1189833,4,17,3,70.0,675,47250.0,25987.500000000004,0.55
2021-10-16,1189833,3,17,3,60.0,825,49500.0,19799.999999999996,0.39999999999999997
2021-10-17,1189833,2,17,3,60.0,825,49500.0,19799.999999999996,0.39999999999999997
2021-10-18,1189833,6,17,3,65.0,725,47125.0,18849.999999999996,0.39999999999999997
2021-10-19,1189833,5,17,3,65.0,575,37375.0,18687.5,0.5
2021-10-20,1189833,1,17,3,60.0,525,31500.0,11025.0,0.35
2021-10-21,1189833,4,17,3,70.0,775,54250.0,29837.5,0.55
2020-09-25,1189833,6,33,1,45.0,750,33750.0,8437.5,0.25
2020-09-26,1189833,5,33,1,45.0,725,32625.0,9787.5,0.3
2020-09-27,1189833,1,33,1,55.00000000000001,725,39875.00000000001,13956.25,0.35
2020-09-28,1189833,4,33,1,60.00000000000001,825,49500.00000000001,24750.000000000004,0.5
2020-09-29,1189833,3,33,1,60.00000000000001,1000,60000.000000000015,27000.000000000007,0.45
2020-09-30,1189833,2,33,1,50.000000000000014,825,41250.000000000015,14437.500000000004,0.35
2020-10-01,1189833,6,33,1,50.000000000000014,725,36250.000000000015,9062.500000000004,0.25
2020-10-02,1189833,5,33,1,50.000000000000014,700,35000.000000000015,10500.000000000004,0.3
2020-10-03,1189833,1,33,1,60.00000000000001,700,42000.00000000001,14700.0,0.35
2020-10-04,1189833,4,33,1,65.0,825,53625.0,26812.5,0.5
2020-10-05,1189833,3,33,1,60.00000000000001,975,58500.000000000015,26325.000000000007,0.45
2020-10-06,1189833,2,33,1,50.000000000000014,800,40000.000000000015,14000.000000000004,0.35
2020-10-07,1189833,6,33,1,50.000000000000014,745,37250.000000000015,9312.500000000004,0.25
2020-10-08,1189833,5,33,1,50.000000000000014,775,38750.000000000015,11625.000000000004,0.3
2020-10-09,1189833,1,33,1,65.0,750,48750.0,17062.5,0.35
2020-10-10,1189833,4,33,1,70.0,850,59500.0,29750.0,0.5
2020-05-24,1189833,3,33,1,65.0,1075,69875.0,31443.75,0.45
2020-05-24,1189833,2,33,1,55.00000000000001,875,48125.00000000001,16843.75,0.35
2020-05-24,1189833,6,33,1,55.00000000000001,825,45375.00000000001,11343.750000000002,0.25
2020-05-24,1189833,5,33,1,55.00000000000001,775,42625.00000000001,12787.500000000002,0.3
2021-03-10,1189833,3,6,3,20.0,700,14000.0,4900.0,0.35
2021-03-11,1189833,2,6,3,30.0,700,21000.0,7350.0,0.35
2021-03-12,1189833,6,6,3,30.0,500,15000.0,5250.0,0.35
2021-03-13,1189833,5,6,3,35.0,500,17500.0,7875.0,0.45
2021-03-14,1189833,1,27,3,40.0,350,14000.0,4200.0,0.3
2021-03-15,1189833,4,27,3,35.0,500,17500.0,8750.0,0.5
2021-03-16,1189833,3,27,3,25.0,650,16250.0,5687.5,0.35
2021-03-17,1189833,2,27,3,35.0,625,21875.0,7656.25,0.35
2021-03-18,1189833,6,27,3,35.0,450,15750.0,5512.5,0.35
2021-03-19,1189833,5,27,3,35.0,400,14000.0,6300.0,0.45
2021-03-20,1189833,1,27,3,40.0,275,11000.0,3300.0,0.3
2021-03-21,1189833,4,27,3,35.0,475,16625.0,8312.5,0.5
2021-03-22,1189833,3,27,3,30.0,650,19500.0,7800.0,0.39999999999999997
2021-03-23,1189833,2,27,3,40.0,650,26000.0,10399.999999999998,0.39999999999999997
2021-03-24,1189833,6,27,3,30.0,475,14250.0,5699.999999999999,0.39999999999999997
2021-03-25,1189833,5,27,3,35.0,375,13125.0,6562.5,0.5
2021-03-26,1189833,1,27,3,40.0,275,11000.0,3850.0,0.35
2021-03-27,1189833,4,27,3,35.0,425,14875.0,8181.25,0.55
2021-03-28,1189833,3,27,3,20.0,675,13500.0,5399.999999999999,0.39999999999999997
2021-03-29,1189833,2,27,3,25.000000000000007,675,16875.000000000007,6750.000000000002,0.39999999999999997
2021-03-30,1189833,6,27,3,19.999999999999996,500,9999.999999999998,3999.999999999999,0.39999999999999997
2021-03-31,1189833,5,27,3,25.000000000000007,400,10000.000000000004,5000.000000000002,0.5
2021-04-01,1189833,1,27,3,30.0,300,9000.0,3149.9999999999995,0.35
2021-04-02,1189833,4,27,3,25.000000000000007,575,14375.000000000004,7906.250000000003,0.55
2021-04-03,1189833,3,27,3,14.999999999999996,725,10874.999999999996,4349.999999999998,0.39999999999999997
2021-04-04,1189833,2,27,3,25.000000000000007,750,18750.000000000007,7500.000000000002,0.39999999999999997
2021-04-05,1189833,6,27,3,19.999999999999996,600,11999.999999999998,4799.999999999999,0.39999999999999997
2021-04-06,1189833,5,27,3,30.000000000000004,525,15750.000000000004,7875.000000000002,0.5
2021-04-07,1189833,1,27,3,45.0,425,19125.0,6693.75,0.35
2021-04-08,1189833,4,27,3,40.0,775,31000.0,17050.0,0.55
2021-04-09,1189833,3,27,3,40.0,775,31000.0,12399.999999999998,0.39999999999999997
2021-04-10,1189833,2,27,3,45.0,775,34875.0,13950.0,0.39999999999999997
2021-04-11,1189833,6,27,3,40.0,650,26000.0,10399.999999999998,0.39999999999999997
2021-04-12,1189833,5,27,3,40.0,600,24000.0,12000.0,0.5
2021-04-13,1189833,1,27,3,45.0,500,22500.0,7875.0,0.35
2021-04-14,1189833,4,27,3,50.0,875,43750.0,24062.500000000004,0.55
2021-04-15,1189833,3,27,3,40.0,825,33000.0,14849.999999999996,0.44999999999999996
2021-04-16,1189833,2,27,3,45.0,825,37125.0,16706.249999999996,0.44999999999999996
2021-04-17,1189833,6,27,3,40.0,975,39000.0,17549.999999999996,0.44999999999999996
2021-04-18,1189833,5,27,3,40.0,575,23000.0,12650.000000000002,0.55
2021-04-19,1189833,1,27,3,45.0,550,24750.0,9899.999999999998,0.39999999999999997
2021-04-20,1189833,4,27,3,54.99999999999999,825,45374.99999999999,27225.0,0.6000000000000001
2021-04-21,1189833,3,27,3,45.0,775,34875.0,15693.749999999996,0.44999999999999996
2021-04-22,1189833,2,27,3,55.00000000000001,775,42625.00000000001,19181.25,0.44999999999999996
2021-04-23,1189833,6,27,3,50.0,950,47500.0,21374.999999999996,0.44999999999999996
2021-04-24,1189833,5,27,3,45.0,475,21375.0,11756.250000000002,0.55
2021-04-25,1189833,1,27,3,50.0,475,23750.0,9499.999999999998,0.39999999999999997
2021-04-26,1189833,4,27,3,54.99999999999999,725,39874.99999999999,23925.0,0.6000000000000001
2021-04-27,1189833,3,27,3,50.0,675,33750.0,15187.499999999996,0.44999999999999996
2021-04-28,1189833,2,27,3,50.0,625,31250.0,14062.5,0.44999999999999996
2021-04-29,1189833,6,27,3,54.99999999999999,675,37124.99999999999,16706.249999999996,0.44999999999999996
2021-04-30,1189833,5,27,3,54.99999999999999,400,21999.999999999996,12100.0,0.55
2021-05-01,1189833,1,27,3,50.0,400,20000.0,8000.0,0.39999999999999997
2021-05-02,1189833,4,27,3,45.0,625,28125.0,16875.000000000004,0.6000000000000001
2021-05-03,1189833,3,27,3,35.0,575,20125.0,9056.249999999998,0.44999999999999996
2021-05-04,1189833,2,27,3,35.0,575,20125.0,9056.249999999998,0.44999999999999996
2021-05-05,1189833,6,27,3,40.0,525,21000.0,9449.999999999998,0.44999999999999996
2021-05-06,1189833,5,27,3,40.0,375,15000.0,8250.0,0.55
2021-05-07,1189833,1,27,3,35.0,350,12250.0,4899.999999999999,0.39999999999999997
2021-05-08,1189833,4,27,3,45.0,525,23625.0,14175.000000000004,0.6000000000000001
2021-05-09,1189833,3,27,3,30.000000000000004,675,20250.000000000004,9112.5,0.44999999999999996
2021-05-10,1189833,2,27,3,30.000000000000004,675,20250.000000000004,9112.5,0.44999999999999996
2021-05-11,1189833,6,27,3,55.00000000000001,600,33000.00000000001,14850.0,0.44999999999999996
2021-05-12,1189833,5,27,3,55.00000000000001,475,26125.000000000004,14368.750000000004,0.55
2021-05-13,1189833,1,27,3,54.99999999999999,450,24749.999999999996,9899.999999999998,0.39999999999999997
2021-05-14,1189833,4,27,3,65.0,650,42250.0,25350.000000000004,0.6000000000000001
2021-05-15,1189833,3,27,3,54.99999999999999,800,43999.99999999999,19799.999999999993,0.44999999999999996
2021-05-16,1189833,2,27,3,54.99999999999999,800,43999.99999999999,19799.999999999993,0.44999999999999996
2021-05-17,1189833,6,27,3,60.0,700,42000.0,18899.999999999996,0.44999999999999996
2021-05-18,1189833,5,27,3,60.0,550,33000.0,18150.000000000004,0.55
2021-05-19,1189833,1,27,3,54.99999999999999,500,27499.999999999993,10999.999999999996,0.39999999999999997
2021-05-20,1189833,4,27,3,65.0,750,48750.0,29250.000000000007,0.6000000000000001
2021-08-01,1189833,3,40,3,20.0,675,13500.0,5399.999999999999,0.39999999999999997
2021-08-02,1189833,2,40,3,30.0,675,20250.0,8100.0,0.39999999999999997
2021-08-03,1189833,6,40,3,30.0,475,14250.0,5699.999999999999,0.39999999999999997
2021-08-04,1189833,5,40,3,35.0,475,16625.0,8312.5,0.5
2021-08-05,1189833,1,7,3,40.0,325,13000.0,4550.0,0.35
2021-08-06,1189833,4,7,3,35.0,475,16625.0,9143.750000000002,0.55
2021-08-07,1189833,3,7,3,25.0,625,15625.0,6249.999999999999,0.39999999999999997
2021-08-08,1189833,2,7,3,35.0,600,21000.0,8400.0,0.39999999999999997
2021-08-09,1189833,6,7,3,35.0,425,14875.0,5949.999999999999,0.39999999999999997
2021-08-10,1189833,5,7,3,35.0,375,13125.0,6562.5,0.5
2021-08-11,1189833,1,7,3,40.0,250,10000.0,3500.0,0.35
2021-08-12,1189833,4,7,3,35.0,450,15750.0,8662.5,0.55
2021-08-13,1189833,3,7,3,30.0,625,18750.0,8437.499999999998,0.44999999999999996
2021-08-14,1189833,2,7,3,40.0,625,25000.0,11249.999999999998,0.44999999999999996
2021-08-15,1189833,6,7,3,30.0,450,13500.0,6074.999999999999,0.44999999999999996
2021-08-16,1189833,5,7,3,35.0,350,12250.0,6737.5,0.55
2021-08-17,1189833,1,7,3,40.0,250,10000.0,4000.0,0.39999999999999997
2021-08-18,1189833,4,7,3,35.0,400,14000.0,8400.000000000002,0.6000000000000001
2021-08-19,1189833,3,7,3,20.0,650,13000.0,5849.999999999999,0.44999999999999996
2021-08-20,1189833,2,7,3,20.000000000000007,650,13000.000000000004,5850.000000000002,0.44999999999999996
2021-08-21,1189833,6,7,3,14.999999999999996,475,7124.999999999998,3206.249999999999,0.44999999999999996
2021-08-22,1189833,5,7,3,20.000000000000007,375,7500.000000000003,4125.000000000002,0.55
2021-08-23,1189833,1,7,3,25.0,275,6875.0,2749.9999999999995,0.39999999999999997
2021-08-24,1189833,4,7,3,20.000000000000007,550,11000.000000000004,6600.000000000003,0.6000000000000001
2021-08-25,1189833,3,7,3,9.999999999999996,700,6999.999999999997,3149.9999999999986,0.44999999999999996
2021-08-26,1189833,2,7,3,20.000000000000007,725,14500.000000000005,6525.000000000002,0.44999999999999996
2021-08-27,1189833,6,7,3,14.999999999999996,575,8624.999999999998,3881.249999999999,0.44999999999999996
2021-08-28,1189833,5,7,3,35.0,500,17500.0,9625.000000000002,0.55
2021-08-29,1189833,1,7,3,50.0,400,20000.0,8000.0,0.39999999999999997
2021-08-30,1189833,4,7,3,45.0,750,33750.0,20250.000000000004,0.6000000000000001
2021-08-31,1189833,3,7,3,45.0,750,33750.0,15187.499999999996,0.44999999999999996
2021-09-01,1189833,2,7,3,50.0,750,37500.0,16874.999999999996,0.44999999999999996
2021-09-02,1189833,6,7,3,45.0,650,29250.0,13162.5,0.44999999999999996
2021-09-03,1189833,5,7,3,45.0,600,27000.0,14850.0,0.55
2021-09-04,1189833,1,7,3,50.0,500,25000.0,9999.999999999998,0.39999999999999997
2021-09-05,1189833,4,7,3,55.00000000000001,875,48125.00000000001,28875.000000000007,0.6000000000000001
2021-09-06,1189833,3,7,3,45.0,825,37125.0,18562.499999999996,0.49999999999999994
2021-09-07,1189833,2,7,3,50.0,825,41250.0,20624.999999999996,0.49999999999999994
2021-09-08,1189833,6,7,3,45.0,975,43875.0,21937.499999999996,0.49999999999999994
2021-09-09,1189833,5,7,3,45.0,575,25875.0,15525.000000000004,0.6000000000000001
2021-09-10,1189833,1,7,3,50.0,525,26250.0,11812.499999999998,0.44999999999999996
2021-09-11,1189833,4,7,3,60.0,800,48000.0,31200.000000000007,0.6500000000000001
2021-09-12,1189833,3,7,3,40.0,750,30000.0,14999.999999999996,0.49999999999999994
2021-09-13,1189833,2,7,3,55.00000000000001,750,41250.00000000001,20625.0,0.49999999999999994
2021-09-14,1189833,6,7,3,55.00000000000001,925,50875.00000000001,25437.5,0.49999999999999994
2021-09-15,1189833,5,7,3,50.0,425,21250.0,12750.000000000002,0.6000000000000001
2021-09-16,1189833,1,7,3,55.00000000000001,425,23375.000000000004,10518.75,0.44999999999999996
2021-09-17,1189833,4,7,3,60.0,675,40500.0,26325.000000000007,0.6500000000000001
2021-09-18,1189833,3,7,3,55.00000000000001,625,34375.00000000001,17187.5,0.49999999999999994
2021-09-19,1189833,2,7,3,55.00000000000001,575,31625.000000000007,15812.5,0.49999999999999994
2021-09-20,1189833,6,7,3,60.0,625,37500.0,18749.999999999996,0.49999999999999994
2021-09-21,1189833,5,7,3,60.0,350,21000.0,12600.000000000002,0.6000000000000001
2021-09-22,1189833,1,7,3,45.0,350,15750.0,7087.5,0.44999999999999996
2021-09-23,1189833,4,7,3,40.0,575,23000.0,14950.000000000004,0.6500000000000001
2021-09-24,1189833,3,7,3,30.000000000000004,525,15750.000000000004,7875.0,0.49999999999999994
2021-09-25,1189833,2,7,3,30.000000000000004,525,15750.000000000004,7875.0,0.49999999999999994
2021-09-26,1189833,6,7,3,35.0,475,16625.0,8312.499999999998,0.49999999999999994
2021-09-27,1189833,5,7,3,35.0,325,11375.0,6825.000000000002,0.6000000000000001
2021-09-28,1189833,1,7,3,30.000000000000004,300,9000.000000000002,4050.0,0.44999999999999996
2021-09-29,1189833,4,7,3,40.0,475,19000.0,12350.000000000004,0.6500000000000001
2021-09-30,1189833,3,7,3,20.000000000000004,625,12500.000000000004,6250.000000000001,0.49999999999999994
2021-10-01,1189833,2,7,3,20.000000000000004,625,12500.000000000004,6250.000000000001,0.49999999999999994
2021-10-02,1189833,6,7,3,45.00000000000001,575,25875.000000000004,12937.5,0.49999999999999994
2021-10-03,1189833,5,7,3,45.00000000000001,450,20250.000000000004,12150.000000000004,0.6000000000000001
2021-10-04,1189833,1,7,3,49.99999999999999,425,21249.999999999996,9562.499999999996,0.44999999999999996
2021-10-05,1189833,4,7,3,60.0,625,37500.0,24375.000000000007,0.6500000000000001
2021-10-06,1189833,3,7,3,60.0,775,46500.0,23249.999999999996,0.49999999999999994
2021-10-07,1189833,2,7,3,60.0,775,46500.0,23249.999999999996,0.49999999999999994
2021-10-08,1189833,6,7,3,65.0,700,45500.0,22749.999999999996,0.49999999999999994
2021-10-09,1189833,5,7,3,65.0,550,35750.0,21450.000000000004,0.6000000000000001
2021-10-10,1189833,1,7,3,60.0,500,30000.0,13500.0,0.44999999999999996
2021-10-11,1189833,4,7,3,70.0,750,52500.0,34125.00000000001,0.6500000000000001
2021-12-09,1189833,6,23,3,80.00000000000001,500,40000.00000000001,10000.000000000002,0.25
2021-12-09,1189833,5,23,3,80.00000000000001,500,40000.00000000001,10000.000000000002,0.25
2021-12-09,1189833,1,23,3,90.00000000000001,425,38250.00000000001,5737.500000000001,0.15
2021-12-09,1189833,4,23,3,95.00000000000001,525,49875.00000000001,19950.000000000004,0.4
2021-01-17,1189833,3,23,3,40.0,425,17000.0,5100.0,0.3
2021-01-17,1189833,2,23,3,50.0,425,21250.0,5312.5,0.25
2021-01-17,1189833,6,23,3,50.0,425,21250.0,6375.0,0.3
2021-01-17,1189833,5,23,3,50.0,275,13750.0,4125.0,0.3
2021-01-17,1189833,1,23,3,55.00000000000001,225,12375.000000000002,2475.0000000000005,0.2
2021-01-17,1189833,4,23,3,50.0,475,23750.0,10687.5,0.45
2021-02-17,1189833,3,23,3,40.0,525,21000.0,6300.0,0.3
2021-02-17,1189833,2,23,3,50.0,425,21250.0,5312.5,0.25
2021-02-17,1189833,6,23,3,50.0,425,21250.0,6375.0,0.3
2021-02-17,1189833,5,41,3,50.0,275,13750.0,4125.0,0.3
2021-02-17,1189833,1,41,3,55.00000000000001,200,11000.000000000002,2200.0000000000005,0.2
2021-02-17,1189833,4,41,3,50.0,400,20000.0,9000.0,0.45
2021-03-16,1189833,3,41,3,50.0,550,27500.0,8250.0,0.3
2021-03-16,1189833,2,41,3,60.0,400,24000.0,6000.0,0.25
2021-03-16,1189833,6,41,3,64.99999999999999,425,27624.999999999993,8287.499999999998,0.3
2021-03-16,1189833,5,41,3,60.0,325,19500.0,5850.0,0.3
2021-03-16,1189833,1,41,3,65.0,175,11375.0,2275.0,0.2
2021-03-16,1189833,4,41,3,60.0,375,22500.0,10125.0,0.45
2021-12-23,1189833,6,47,1,70.00000000000001,550,38500.00000000001,13475.0,0.35
2021-12-23,1189833,5,47,1,70.00000000000001,550,38500.00000000001,13475.0,0.35
2021-12-23,1189833,1,47,1,80.00000000000001,475,38000.00000000001,15200.000000000004,0.4
2021-12-23,1189833,4,47,1,85.00000000000001,575,48875.00000000001,14662.5,0.3
2021-01-19,1189833,3,47,1,35.0,750,26250.0,13125.0,0.5
2021-01-19,1189833,2,47,1,35.0,550,19250.0,7700.0,0.39999999999999997
2021-01-19,1189833,6,47,1,25.0,550,13750.0,4125.0,0.3
2021-01-19,1189833,5,47,1,29.999999999999993,400,11999.999999999996,4199.999999999998,0.35
2021-01-19,1189833,1,47,1,45.00000000000001,450,20250.000000000004,8100.0,0.39999999999999997
2021-01-19,1189833,4,47,1,35.0,550,19250.0,10587.500000000002,0.55
2021-02-17,1189833,3,47,1,35.0,800,28000.0,14000.0,0.5
2021-02-17,1189833,2,47,1,35.0,450,15750.0,6299.999999999999,0.39999999999999997
2021-02-17,1189833,6,47,1,25.0,500,12500.0,3750.0,0.3
2021-02-17,1189833,5,20,1,29.999999999999993,375,11249.999999999996,3937.4999999999986,0.35
2021-02-17,1189833,1,20,1,45.00000000000001,450,20250.000000000004,8100.0,0.39999999999999997
2021-02-17,1189833,4,20,1,35.0,550,19250.0,10587.500000000002,0.55
2021-03-15,1189833,3,20,1,35.0,770,26950.0,13475.0,0.5
2021-03-15,1189833,2,20,1,35.0,450,15750.0,6299.999999999999,0.39999999999999997
2021-03-15,1189833,6,20,1,25.0,475,11875.0,3562.5,0.3
2021-03-15,1189833,5,20,1,29.999999999999993,325,9749.999999999996,3412.4999999999986,0.35
2021-03-15,1189833,1,20,1,45.00000000000001,375,16875.000000000004,6750.0,0.39999999999999997
2021-03-15,1189833,4,20,1,35.0,475,16625.0,9143.750000000002,0.55
2021-04-16,1189833,3,20,1,35.0,725,25375.0,12687.5,0.5
2021-04-16,1189833,2,20,1,40.0,425,17000.0,6800.0,0.39999999999999997
2021-04-16,1189833,6,20,1,30.000000000000004,450,13500.000000000004,4050.000000000001,0.3
2021-04-16,1189833,5,20,1,35.0,375,13125.0,4593.75,0.35
2021-04-16,1189833,1,20,1,50.0,400,20000.0,8000.0,0.39999999999999997
2021-04-16,1189833,4,20,1,40.0,525,21000.0,11550.000000000002,0.55
2021-05-15,1189833,3,20,1,50.0,795,39750.0,19875.0,0.5
2021-05-15,1189833,2,20,1,50.0,500,25000.0,9999.999999999998,0.39999999999999997
2021-05-15,1189833,6,20,1,45.0,475,21375.0,6412.5,0.3
2021-05-15,1189833,5,20,1,45.0,450,20250.0,7087.5,0.35
2021-05-15,1189833,1,20,1,54.99999999999999,475,26124.999999999996,10449.999999999998,0.39999999999999997
2021-05-15,1189833,4,20,1,60.0,575,34500.0,18975.000000000004,0.55
2021-06-17,1189833,3,20,1,54.99999999999999,825,45374.99999999999,22687.499999999996,0.5
2021-06-17,1189833,2,20,1,50.0,575,28750.0,11499.999999999998,0.39999999999999997
2021-06-17,1189833,6,20,1,45.0,550,24750.0,7425.0,0.3
2021-06-17,1189833,5,20,1,45.0,525,23625.0,8268.75,0.35
2021-06-17,1189833,1,20,1,60.0,525,31500.0,12599.999999999998,0.39999999999999997
2021-06-17,1189833,4,20,1,65.0,675,43875.0,24131.250000000004,0.55
2021-07-15,1189833,3,20,1,60.0,900,54000.0,27000.0,0.5
2021-07-15,1189833,2,20,1,55.00000000000001,650,35750.00000000001,14300.0,0.39999999999999997
2021-07-15,1189833,6,20,1,50.0,575,28750.0,8625.0,0.3
2021-07-15,1189833,5,20,1,50.0,525,26250.0,9187.5,0.35
2021-07-15,1189833,1,20,1,60.0,550,33000.0,13200.0,0.39999999999999997
2021-07-15,1189833,4,20,1,65.0,725,47125.0,25918.750000000004,0.55
2021-08-16,1189833,3,20,1,60.0,875,52500.0,26250.0,0.5
2021-08-16,1189833,2,20,1,55.00000000000001,650,35750.00000000001,14300.0,0.39999999999999997
2021-08-16,1189833,6,20,1,45.00000000000001,575,25875.000000000004,7762.5,0.3
2021-08-16,1189833,5,20,1,35.0,525,18375.0,6431.249999999999,0.35
2021-08-16,1189833,1,20,1,45.00000000000001,500,22500.000000000004,9000.0,0.39999999999999997
2021-08-16,1189833,4,20,1,50.000000000000014,675,33750.000000000015,18562.500000000007,0.55
2021-09-15,1189833,3,20,1,45.00000000000001,800,36000.00000000001,18000.000000000004,0.5
2021-09-15,1189833,2,20,1,40.000000000000014,600,24000.000000000007,9600.000000000004,0.39999999999999997
2021-09-15,1189833,6,20,1,35.0,500,17500.0,5250.0,0.3
2021-09-15,1189833,5,20,1,35.0,475,16625.0,5818.749999999999,0.35
2021-09-15,1189833,1,20,1,45.00000000000001,475,21375.000000000004,8550.0,0.39999999999999997
2021-09-15,1189833,4,20,1,50.000000000000014,575,28750.000000000007,15812.500000000005,0.55
2021-10-17,1189833,3,20,1,50.000000000000014,750,37500.000000000015,18750.000000000007,0.5
2021-10-17,1189833,2,20,1,40.000000000000014,575,23000.000000000007,9200.000000000004,0.39999999999999997
2021-10-17,1189833,6,20,1,40.000000000000014,425,17000.000000000007,5100.000000000002,0.3
2021-10-17,1189833,5,20,1,40.000000000000014,400,16000.000000000005,5600.000000000002,0.35
2021-10-17,1189833,1,20,1,50.000000000000014,400,20000.000000000007,8000.000000000002,0.39999999999999997
2021-10-17,1189833,4,20,1,55.00000000000001,525,28875.000000000007,15881.250000000005,0.55
2021-11-16,1189833,3,20,1,50.000000000000014,675,33750.000000000015,16875.000000000007,0.5
2021-11-16,1189833,2,20,1,45.000000000000014,500,22500.000000000007,9000.000000000002,0.39999999999999997
2021-11-16,1189833,6,20,1,45.000000000000014,445,20025.000000000007,6007.500000000002,0.3
2021-11-16,1189833,5,20,1,45.000000000000014,475,21375.000000000007,7481.250000000002,0.35
2021-11-16,1189833,1,20,1,60.0,450,27000.0,10799.999999999998,0.39999999999999997
2021-11-16,1189833,4,20,1,64.99999999999999,625,40624.999999999985,22343.749999999993,0.55
2021-12-15,1189833,3,20,1,60.0,850,51000.0,25500.0,0.5
2021-12-15,1189833,2,20,1,50.0,650,32500.0,12999.999999999998,0.39999999999999997
2021-08-08,1189833,1,8,2,55.00000000000001,475,26125.000000000004,9143.75,0.35
2021-08-08,1189833,4,8,2,60.0,725,43500.0,23925.000000000004,0.55
2021-09-05,1189833,3,8,2,55.00000000000001,675,37125.00000000001,14850.0,0.39999999999999997
2021-09-05,1189833,2,8,2,55.00000000000001,625,34375.00000000001,13750.0,0.39999999999999997
2021-09-05,1189833,6,8,2,60.0,675,40500.0,16200.0,0.39999999999999997
2021-09-05,1189833,5,8,2,60.0,400,24000.0,12000.0,0.5
2021-09-05,1189833,1,8,2,55.00000000000001,400,22000.000000000004,7700.0,0.35
2021-09-05,1189833,4,8,2,50.0,625,31250.0,17187.5,0.55
2021-10-04,1189833,3,8,2,40.0,575,23000.0,9199.999999999998,0.39999999999999997
2021-10-04,1189833,2,8,2,40.0,575,23000.0,9199.999999999998,0.39999999999999997
2021-10-04,1189833,6,8,2,45.0,525,23625.0,9449.999999999998,0.39999999999999997
2021-10-04,1189833,5,8,2,45.0,375,16875.0,8437.5,0.5
2021-10-04,1189833,1,8,2,35.0,350,12250.0,4287.5,0.35
2021-10-04,1189833,4,8,2,45.0,525,23625.0,12993.750000000002,0.55
2021-11-05,1189833,3,8,2,35.0,675,23625.0,9449.999999999998,0.39999999999999997
2021-11-05,1189833,2,8,2,35.0,675,23625.0,9449.999999999998,0.39999999999999997
2021-11-05,1189833,6,8,2,60.0,600,36000.0,14400.0,0.39999999999999997
2021-11-05,1189833,5,8,2,60.0,450,27000.0,13500.0,0.5
2021-11-05,1189833,1,8,2,54.99999999999999,425,23374.999999999996,8181.249999999998,0.35
2021-11-05,1189833,4,8,2,65.0,625,40625.0,22343.750000000004,0.55
2021-12-25,1189833,6,2,2,60.00000000000001,500,30000.000000000007,10500.000000000002,0.35
2021-12-25,1189833,5,2,2,60.00000000000001,500,30000.000000000007,10500.000000000002,0.35
2021-12-25,1189833,1,2,2,70.0,425,29750.0,8925.0,0.3
2021-12-25,1189833,4,2,2,75.00000000000001,525,39375.00000000001,9843.750000000002,0.25
2021-01-13,1189833,3,2,2,29.999999999999993,450,13499.999999999996,5399.999999999999,0.4
2021-01-13,1189833,2,2,2,40.0,450,18000.0,7200.0,0.4
2021-01-13,1189833,6,2,2,40.0,450,18000.0,6299.999999999999,0.35
2021-01-13,1189833,5,2,2,40.0,300,12000.0,4800.0,0.4
2021-01-13,1189833,1,2,2,45.000000000000014,250,11250.000000000004,3937.500000000001,0.35
2021-01-13,1189833,4,2,2,40.0,450,18000.0,4500.0,0.25
2021-02-13,1189833,3,2,2,29.999999999999993,500,14999.999999999996,5999.999999999999,0.4
2021-02-13,1189833,2,2,2,40.0,400,16000.0,6400.0,0.4
2021-02-13,1189833,6,2,2,40.0,400,16000.0,5600.0,0.35
2021-02-13,1189833,5,4,2,40.0,250,10000.0,4000.0,0.4
2021-02-13,1189833,1,4,2,45.000000000000014,175,7875.000000000003,2756.250000000001,0.35
2021-02-13,1189833,4,4,2,40.0,375,15000.0,3750.0,0.25
2021-03-12,1189833,3,4,2,40.0,525,21000.0,8400.0,0.4
2021-03-12,1189833,2,4,2,50.0,375,18750.0,7500.0,0.4
2021-03-12,1189833,6,4,2,50.0,375,18750.0,6562.5,0.35
2021-03-12,1189833,5,4,2,50.0,250,12500.0,5000.0,0.4
2021-03-12,1189833,1,4,2,55.00000000000001,150,8250.000000000002,2887.5000000000005,0.35
2021-03-12,1189833,4,4,2,50.0,350,17500.0,4375.0,0.25
2021-04-13,1189833,3,4,2,50.0,525,26250.0,10500.0,0.4
2021-04-13,1189833,2,4,2,55.00000000000001,325,17875.000000000004,7150.000000000002,0.4
2021-04-13,1189833,6,4,2,55.00000000000001,375,20625.000000000004,7218.75,0.35
2021-04-13,1189833,5,4,2,50.0,275,13750.0,5500.0,0.4
2021-04-13,1189833,1,4,2,55.00000000000001,175,9625.000000000002,3368.75,0.35
2021-04-13,1189833,4,4,2,70.0,350,24500.0,6125.0,0.25
2021-05-14,1189833,3,4,2,50.0,550,27500.0,11000.0,0.4
2021-05-14,1189833,2,4,2,55.00000000000001,400,22000.000000000004,8800.000000000002,0.4
2021-05-14,1189833,6,4,2,55.00000000000001,425,23375.000000000004,8181.25,0.35
2021-05-14,1189833,5,4,2,50.0,325,16250.0,6500.0,0.4
2021-05-14,1189833,1,4,2,55.00000000000001,225,12375.000000000002,4331.25,0.35
2021-05-14,1189833,4,4,2,70.0,400,28000.0,7000.0,0.25
2021-06-13,1189833,3,4,2,50.0,675,33750.0,13500.0,0.4
2021-06-13,1189833,2,4,2,55.00000000000001,525,28875.000000000007,11550.000000000004,0.4
2021-06-13,1189833,6,4,2,55.00000000000001,525,28875.000000000007,10106.250000000002,0.35
2021-06-13,1189833,5,4,2,50.0,400,20000.0,8000.0,0.4
2021-06-13,1189833,1,4,2,55.00000000000001,275,15125.000000000004,5293.750000000001,0.35
2021-06-13,1189833,4,4,2,70.0,575,40250.0,10062.5,0.25
2021-07-12,1189833,3,4,2,50.0,725,36250.0,14500.0,0.4
2021-07-12,1189833,2,4,2,55.00000000000001,575,31625.000000000007,12650.000000000004,0.4
2021-07-12,1189833,6,4,2,55.00000000000001,525,28875.000000000007,10106.250000000002,0.35
2021-07-12,1189833,5,4,2,50.0,425,21250.0,8500.0,0.4
2021-07-12,1189833,1,4,2,55.00000000000001,475,26125.000000000004,9143.75,0.35
2021-07-12,1189833,4,4,2,70.0,475,33250.0,8312.5,0.25
2021-08-13,1189833,3,4,2,55.00000000000001,675,37125.00000000001,14850.000000000004,0.4
2021-08-13,1189833,2,4,2,60.00000000000001,625,37500.00000000001,15000.000000000004,0.4
2021-08-13,1189833,6,4,2,55.00000000000001,500,27500.000000000007,9625.000000000002,0.35
2021-08-13,1189833,5,4,2,55.00000000000001,450,24750.000000000004,9900.000000000002,0.4
2021-08-13,1189833,1,4,2,65.0,450,29250.0,10237.5,0.35
2021-08-13,1189833,4,4,2,70.0,425,29750.0,7437.5,0.25
2021-09-14,1189833,3,4,2,45.000000000000014,600,27000.000000000007,10800.000000000004,0.4
2021-09-14,1189833,2,4,2,50.000000000000014,600,30000.000000000007,12000.000000000004,0.4
2021-09-14,1189833,6,4,2,45.000000000000014,450,20250.000000000007,7087.500000000002,0.35
2021-09-14,1189833,5,4,2,45.000000000000014,400,18000.000000000007,7200.000000000003,0.4
2021-09-14,1189833,1,4,2,55.00000000000001,400,22000.000000000004,7700.0,0.35
2021-09-14,1189833,4,4,2,60.00000000000001,450,27000.000000000007,6750.000000000002,0.25
2021-10-13,1189833,3,4,2,45.000000000000014,525,23625.000000000007,9450.000000000004,0.4
2021-10-13,1189833,2,4,2,50.000000000000014,525,26250.000000000007,10500.000000000004,0.4
2021-10-13,1189833,6,4,2,45.000000000000014,350,15750.000000000005,5512.500000000002,0.35
2021-10-13,1189833,5,4,2,45.000000000000014,325,14625.000000000005,5850.000000000003,0.4
2021-10-13,1189833,1,4,2,55.00000000000001,300,16500.000000000004,5775.000000000001,0.35
2021-10-13,1189833,4,4,2,70.0,350,24500.0,6125.0,0.25
2021-11-13,1189833,3,4,2,55.00000000000001,525,28875.000000000007,11550.000000000004,0.4
2021-11-13,1189833,2,4,2,60.00000000000001,575,34500.00000000001,13800.000000000004,0.4
2021-11-13,1189833,6,4,2,55.00000000000001,425,23375.000000000004,8181.25,0.35
2021-11-13,1189833,5,4,2,55.00000000000001,400,22000.000000000004,8800.000000000002,0.4
2021-11-13,1189833,1,4,2,65.0,350,22750.0,7962.5,0.35
2021-11-13,1189833,4,4,2,70.0,475,33250.0,8312.5,0.25
2021-12-12,1189833,3,4,2,55.00000000000001,675,37125.00000000001,14850.000000000004,0.4
2021-12-12,1189833,2,4,2,60.00000000000001,675,40500.00000000001,16200.000000000004,0.4
2021-12-05,1189833,6,11,2,60.00000000000001,825,49500.00000000001,12375.000000000002,0.25
2021-12-05,1189833,5,11,2,60.00000000000001,775,46500.00000000001,13950.0,0.3
2021-12-05,1189833,1,11,2,70.0,775,54250.0,18987.5,0.35
2021-12-05,1189833,4,11,2,75.0,875,65625.0,32812.5,0.5
2021-01-06,1189833,3,11,2,35.0,925,32375.0,12950.0,0.4
2021-01-06,1189833,2,11,2,35.0,725,25375.0,8881.25,0.35
2021-01-06,1189833,6,11,2,25.000000000000007,725,18125.000000000007,7250.000000000003,0.4
2021-01-06,1189833,5,11,2,30.0,575,17250.0,6900.0,0.4
2021-01-06,1189833,1,11,2,45.0,625,28125.0,9843.75,0.35
2021-01-06,1189833,4,11,2,35.0,725,25375.0,12687.5,0.5
2021-02-04,1189833,3,11,2,35.0,975,34125.0,13650.0,0.4
2021-02-04,1189833,2,11,2,35.0,625,21875.0,7656.25,0.35
2021-02-04,1189833,6,11,2,25.000000000000007,675,16875.000000000007,6750.000000000003,0.4
2021-02-04,1189833,5,13,2,30.0,525,15750.0,6300.0,0.4
2021-02-04,1189833,1,13,2,45.0,600,27000.0,9450.0,0.35
2021-02-04,1189833,4,13,2,30.0,700,21000.0,10500.0,0.5
2021-03-02,1189833,3,13,2,30.0,920,27600.0,11040.0,0.4
2021-03-02,1189833,2,13,2,30.0,600,18000.0,6299.999999999999,0.35
2021-03-02,1189833,6,13,2,20.0,625,12500.0,5000.0,0.4
2021-03-02,1189833,5,13,2,24.999999999999993,475,11874.999999999996,4749.999999999999,0.4
2021-03-02,1189833,1,13,2,40.00000000000001,525,21000.000000000004,7350.0,0.35
2021-03-02,1189833,4,13,2,30.0,625,18750.0,9375.0,0.5
2021-04-03,1189833,3,13,2,30.0,875,26250.0,10500.0,0.4
2021-04-03,1189833,2,13,2,30.0,575,17250.0,6037.499999999999,0.35
2021-04-03,1189833,6,13,2,20.0,575,11500.0,4600.0,0.4
2021-04-03,1189833,5,13,2,24.999999999999993,500,12499.999999999996,4999.999999999999,0.4
2021-04-03,1189833,1,13,2,45.0,525,23625.0,8268.75,0.35
2021-04-03,1189833,4,13,2,35.0,675,23625.0,11812.5,0.5
2021-05-02,1189833,3,13,2,45.0,945,42525.0,17010.0,0.4
2021-05-02,1189833,2,13,2,45.0,650,29250.0,10237.5,0.35
2021-05-02,1189833,6,13,2,40.0,625,25000.0,10000.0,0.4
2021-05-02,1189833,5,13,2,40.0,575,23000.0,9200.0,0.4
2021-05-02,1189833,1,13,2,49.99999999999999,600,29999.999999999993,10499.999999999996,0.35
2021-05-02,1189833,4,13,2,54.99999999999999,700,38499.99999999999,19249.999999999996,0.5
2021-06-04,1189833,3,13,2,49.99999999999999,950,47499.99999999999,19000.0,0.4
2021-06-04,1189833,2,13,2,45.0,700,31500.0,11025.0,0.35
2021-06-04,1189833,6,13,2,50.0,675,33750.0,13500.0,0.4
2021-06-04,1189833,5,13,2,50.0,650,32500.0,13000.0,0.4
2021-06-04,1189833,1,13,2,65.0,650,42250.0,14787.5,0.35
2021-06-04,1189833,4,13,2,70.0,825,57750.0,28875.0,0.5
2021-07-02,1189833,3,13,2,65.0,1050,68250.0,27300.0,0.4
2021-07-02,1189833,2,13,2,60.00000000000001,800,48000.00000000001,16800.0,0.35
2021-07-02,1189833,6,13,2,55.00000000000001,725,39875.00000000001,15950.000000000004,0.4
2021-07-02,1189833,5,13,2,55.00000000000001,675,37125.00000000001,14850.000000000004,0.4
2021-07-02,1189833,1,13,2,65.0,700,45500.0,15925.0,0.35
2021-07-02,1189833,4,13,2,70.0,875,61250.0,30625.0,0.5
2021-08-03,1189833,3,13,2,65.0,1025,66625.0,26650.0,0.4
2021-08-03,1189833,2,13,2,60.00000000000001,800,48000.00000000001,16800.0,0.35
2021-08-03,1189833,6,13,2,55.00000000000001,725,39875.00000000001,15950.000000000004,0.4
2021-08-03,1189833,5,13,2,45.0,675,30375.0,12150.0,0.4
2021-08-03,1189833,1,13,2,55.00000000000001,650,35750.00000000001,12512.500000000002,0.35
2021-08-03,1189833,4,13,2,60.00000000000001,825,49500.00000000001,24750.000000000004,0.5
2021-09-02,1189833,3,13,2,55.00000000000001,925,50875.00000000001,20350.000000000004,0.4
2021-09-02,1189833,2,13,2,50.000000000000014,725,36250.000000000015,12687.500000000004,0.35
2021-09-02,1189833,6,13,2,30.000000000000004,625,18750.000000000004,7500.000000000002,0.4
2021-09-02,1189833,5,13,2,30.000000000000004,600,18000.000000000004,7200.000000000002,0.4
2021-09-02,1189833,1,13,2,40.0,600,24000.0,8400.0,0.35
2021-09-02,1189833,4,13,2,45.00000000000001,700,31500.000000000007,15750.000000000004,0.5
2021-10-04,1189833,3,13,2,45.00000000000001,875,39375.00000000001,15750.000000000004,0.4
2021-10-04,1189833,2,13,2,35.00000000000001,700,24500.000000000007,8575.000000000002,0.35
2021-10-04,1189833,6,13,2,35.00000000000001,575,20125.000000000004,8050.000000000002,0.4
2021-10-04,1189833,5,13,2,35.00000000000001,550,19250.000000000004,7700.000000000002,0.4
2021-10-04,1189833,1,13,2,45.00000000000001,550,24750.000000000004,8662.5,0.35
2021-10-04,1189833,4,13,2,50.0,675,33750.0,16875.0,0.5
2021-11-03,1189833,3,13,2,45.00000000000001,825,37125.00000000001,14850.000000000004,0.4
2021-11-03,1189833,2,13,2,35.00000000000001,650,22750.000000000007,7962.500000000002,0.35
2021-11-03,1189833,6,13,2,40.000000000000014,595,23800.000000000007,9520.000000000004,0.4
2021-11-03,1189833,5,13,2,60.00000000000002,650,39000.000000000015,15600.000000000005,0.4
2021-11-03,1189833,1,13,2,75.00000000000001,625,46875.000000000015,16406.250000000004,0.35
2021-11-03,1189833,4,13,2,75.0,725,54375.0,27187.5,0.5
2021-12-02,1189833,3,13,2,70.0,975,68250.0,27300.0,0.4
2021-12-02,1189833,2,13,2,60.00000000000001,775,46500.00000000001,16275.0,0.35
2021-10-18,1189833,4,26,2,35.0,475,16625.0,8312.5,0.5
2021-11-17,1189833,3,26,2,30.00000000000001,625,18750.000000000007,7500.000000000003,0.4
2021-11-17,1189833,2,26,2,20.00000000000001,450,9000.000000000004,3150.0000000000014,0.35
2021-11-17,1189833,6,26,2,30.000000000000014,395,11850.000000000005,4740.000000000003,0.4
2021-11-17,1189833,5,26,2,60.00000000000002,450,27000.00000000001,10800.000000000005,0.4
2021-11-17,1189833,1,26,2,75.00000000000001,425,31875.000000000007,11156.250000000002,0.35
2021-11-17,1189833,4,26,2,75.0,525,39375.0,19687.5,0.5
2021-12-16,1189833,3,26,2,70.0,775,54250.0,21700.0,0.4
2021-12-16,1189833,2,26,2,60.00000000000001,575,34500.00000000001,12075.000000000002,0.35
2021-12-16,1189833,6,26,2,60.00000000000001,525,31500.000000000007,12600.000000000004,0.4
2021-12-16,1189833,5,26,2,60.00000000000001,475,28500.000000000007,11400.000000000004,0.4
2021-12-16,1189833,1,26,2,70.0,475,33250.0,11637.499999999998,0.35
2021-12-16,1189833,4,26,2,75.0,575,43125.0,21562.5,0.5
2021-01-23,1189833,3,26,2,25.000000000000007,650,16250.000000000005,6500.000000000003,0.4
2021-01-23,1189833,2,26,2,25.000000000000007,450,11250.000000000004,3937.500000000001,0.35
2021-01-23,1189833,6,26,2,15.000000000000007,450,6750.000000000003,2700.0000000000014,0.4
2021-01-23,1189833,5,26,2,20.0,300,6000.0,2400.0,0.4
2021-01-23,1189833,1,26,2,35.0,350,12250.0,4287.5,0.35
2021-01-23,1189833,4,26,2,25.000000000000007,450,11250.000000000004,4500.000000000002,0.4
2021-02-21,1189833,3,26,2,25.000000000000007,700,17500.000000000007,7000.000000000003,0.4
2021-02-21,1189833,2,26,2,25.000000000000007,350,8750.000000000004,3062.500000000001,0.35
2021-02-21,1189833,6,26,2,15.000000000000007,400,6000.000000000003,2400.0000000000014,0.4
2021-10-12,1189833,4,51,2,59.999999999999986,250,14999.999999999996,5999.999999999999,0.4
2021-11-12,1189833,3,51,2,54.99999999999999,400,21999.999999999996,7699.999999999998,0.35
2021-11-12,1189833,2,51,2,45.0,250,11250.0,3375.0,0.3
2021-11-12,1189833,6,51,2,45.0,195,8775.0,2632.5,0.3
2021-11-12,1189833,5,51,2,45.0,175,7875.0,2362.5,0.3
2021-11-12,1189833,1,51,2,60.0,150,9000.0,3149.9999999999995,0.35
2021-11-12,1189833,4,51,2,64.99999999999999,250,16249.999999999996,6499.999999999999,0.4
2021-12-11,1189833,3,51,2,60.0,500,30000.0,10500.0,0.35
2021-12-11,1189833,2,51,2,50.0,300,15000.0,4500.0,0.3
2021-12-11,1189833,6,51,2,50.0,250,12500.0,3750.0,0.3
2021-12-11,1189833,5,51,2,50.0,200,10000.0,3000.0,0.3
2021-12-11,1189833,1,51,2,60.0,200,12000.0,4200.0,0.35
2021-12-11,1189833,4,51,2,64.99999999999999,300,19499.999999999996,7799.999999999998,0.4
2021-01-09,1189833,3,51,2,35.0,475,16625.0,5818.749999999999,0.35
2021-01-09,1189833,2,51,2,35.0,275,9625.0,2887.5,0.3
2021-01-09,1189833,6,51,2,25.000000000000007,275,6875.000000000002,2062.5000000000005,0.3
2021-01-09,1189833,5,51,2,30.000000000000004,125,3750.000000000001,1125.0000000000002,0.3
2021-01-09,1189833,1,51,2,44.99999999999999,175,7874.999999999998,2756.249999999999,0.35
2021-01-09,1189833,4,51,2,35.0,275,9625.0,3850.0,0.4
2021-02-09,1189833,3,51,2,35.0,525,18375.0,6431.249999999999,0.35
2021-02-09,1189833,2,51,2,35.0,175,6125.0,1837.5,0.3
2021-02-09,1189833,6,51,2,25.000000000000007,225,5625.000000000002,1687.5000000000005,0.3
2021-02-09,1189833,5,21,2,30.000000000000004,100,3000.0000000000005,900.0,0.3
2021-02-09,1189833,1,21,2,44.99999999999999,175,7874.999999999998,2756.249999999999,0.35
2021-02-09,1189833,4,21,2,24.999999999999996,275,6874.999999999998,2749.9999999999995,0.4
2021-03-08,1189833,3,21,2,30.000000000000004,495,14850.000000000004,5197.500000000001,0.35
2021-03-08,1189833,2,21,2,30.000000000000004,200,6000.000000000001,1800.0,0.3
2021-03-08,1189833,6,21,2,20.000000000000004,225,4500.000000000001,1350.0000000000002,0.3
2021-03-08,1189833,5,21,2,24.999999999999996,75,1874.9999999999995,562.4999999999999,0.3
2021-03-08,1189833,1,21,2,40.0,125,5000.0,1750.0,0.35
2021-03-08,1189833,4,21,2,30.000000000000004,225,6750.000000000002,2700.000000000001,0.4
2021-04-09,1189833,3,21,2,30.000000000000004,450,13500.000000000004,4725.000000000001,0.35
2021-04-09,1189833,2,21,2,30.000000000000004,150,4500.000000000001,1350.0000000000002,0.3
2021-04-09,1189833,6,21,2,20.000000000000004,150,3000.0000000000005,900.0,0.3
2021-04-09,1189833,5,21,2,24.999999999999996,75,1874.9999999999995,562.4999999999999,0.3
2021-04-09,1189833,1,21,1,60.0,100,6000.0,2100.0,0.35
2021-04-09,1189833,4,21,1,50.0,225,11250.0,4500.0,0.4
2021-05-10,1189833,3,21,1,60.0,495,29700.0,10395.0,0.35
2021-05-10,1189833,2,21,1,45.0,200,9000.0,2700.0,0.3
2021-05-10,1189833,6,21,1,40.0,175,7000.0,2100.0,0.3
2021-05-10,1189833,5,21,1,40.0,100,4000.0,1200.0,0.3
2021-05-10,1189833,1,21,1,49.99999999999999,125,6249.999999999999,2187.4999999999995,0.35
2021-05-10,1189833,4,21,1,54.99999999999999,250,13749.999999999996,5499.999999999999,0.4
2021-06-09,1189833,3,21,1,40.0,500,20000.0,7000.0,0.35
2021-06-09,1189833,2,21,1,35.00000000000001,250,8750.000000000002,2625.0000000000005,0.3
2021-06-09,1189833,6,21,1,30.000000000000004,200,6000.000000000001,1800.0,0.3
2021-06-09,1189833,5,21,1,30.000000000000004,175,5250.000000000001,1575.0000000000002,0.3
2021-06-09,1189833,1,21,1,40.0,175,7000.0,2450.0,0.35
2021-06-09,1189833,4,21,1,55.00000000000001,325,17875.000000000004,7150.000000000002,0.4
2021-07-08,1189833,3,21,1,50.0,550,27500.0,9625.0,0.35
2021-07-08,1189833,2,21,1,45.00000000000001,300,13500.000000000004,4050.000000000001,0.3
2021-07-08,1189833,6,21,1,40.0,225,9000.0,2700.0,0.3
2021-07-08,1189833,5,21,1,40.0,175,7000.0,2100.0,0.3
2021-07-08,1189833,1,21,1,50.0,200,10000.0,3500.0,0.35
2021-07-08,1189833,4,21,1,55.00000000000001,375,20625.000000000004,8250.000000000002,0.4
2021-08-09,1189833,3,21,1,50.0,525,26250.0,9187.5,0.35
2021-08-09,1189833,2,21,1,45.00000000000001,300,13500.000000000004,4050.000000000001,0.3
2021-08-09,1189833,6,21,1,40.0,225,9000.0,2700.0,0.3
2021-08-09,1189833,5,21,1,40.0,200,8000.0,2400.0,0.3
2021-08-09,1189833,1,21,1,50.0,175,8750.0,3062.4999999999995,0.35
2021-08-09,1189833,4,21,1,55.00000000000001,350,19250.000000000004,7700.000000000002,0.4
2021-09-10,1189833,3,21,1,40.0,475,19000.0,6650.0,0.35
2021-09-10,1189833,2,21,1,35.00000000000001,275,9625.000000000002,2887.5000000000005,0.3
2021-09-10,1189833,6,21,1,30.000000000000004,175,5250.000000000001,1575.0000000000002,0.3
2021-09-10,1189833,5,21,1,30.000000000000004,150,4500.000000000001,1350.0000000000002,0.3
2021-09-10,1189833,1,21,1,40.0,150,6000.0,2100.0,0.35
2021-09-10,1189833,4,21,1,45.0,225,10125.0,4050.0,0.4
2021-10-09,1189833,3,21,1,49.99999999999999,400,19999.999999999996,6999.999999999998,0.35
2021-10-09,1189833,2,21,1,40.0,250,10000.0,3000.0,0.3
2021-10-09,1189833,6,21,1,40.0,150,6000.0,1800.0,0.3
2021-10-09,1189833,5,21,1,40.0,125,5000.0,1500.0,0.3
2021-10-09,1189833,1,21,1,49.99999999999999,125,6249.999999999999,2187.4999999999995,0.35
2021-07-20,1189833,2,5,1,45.0,275,12375.0,4331.25,0.35
2021-07-20,1189833,6,5,1,40.0,200,8000.0,2800.0,0.35
2021-07-20,1189833,5,5,1,40.0,150,6000.0,2100.0,0.35
2021-07-20,1189833,1,5,1,49.99999999999999,175,8749.999999999998,2624.9999999999995,0.3
2021-07-20,1189833,4,5,1,54.99999999999999,350,19249.999999999996,5774.999999999999,0.3
2021-08-21,1189833,3,5,1,49.99999999999999,500,24999.999999999996,10000.0,0.4
2021-08-21,1189833,2,5,1,45.0,275,12375.0,4331.25,0.35
2021-08-21,1189833,6,5,1,40.0,200,8000.0,2800.0,0.35
2021-08-21,1189833,5,5,1,40.0,150,6000.0,2100.0,0.35
2021-08-21,1189833,1,5,1,49.99999999999999,125,6249.999999999999,1874.9999999999995,0.3
2021-08-21,1189833,4,5,1,54.99999999999999,300,16499.999999999996,4949.999999999999,0.3
2021-09-20,1189833,3,5,1,49.99999999999999,425,21249.999999999996,8500.0,0.4
2021-09-20,1189833,2,5,1,45.0,225,10125.0,3543.75,0.35
2021-09-20,1189833,6,5,1,40.0,125,5000.0,1750.0,0.35
2021-09-20,1189833,5,5,1,40.0,100,4000.0,1400.0,0.35
2021-09-20,1189833,1,5,1,49.99999999999999,100,4999.999999999999,1499.9999999999995,0.3
2021-09-20,1189833,4,5,1,54.99999999999999,200,10999.999999999998,3299.999999999999,0.3
2021-10-22,1189833,3,5,1,54.99999999999999,375,20624.999999999996,8250.0,0.4
2021-10-22,1189833,2,5,1,50.0,200,10000.0,3500.0,0.35
2021-10-22,1189833,6,5,1,50.0,100,5000.0,1750.0,0.35
2021-10-08,1189833,4,38,1,64.99999999999999,250,16249.999999999996,6499.999999999999,0.4
2021-11-07,1189833,3,38,1,60.0,400,24000.0,8400.0,0.35
2021-11-07,1189833,2,38,1,50.0,275,13750.0,4812.5,0.35
2021-11-07,1189833,6,38,1,50.0,270,13500.0,5400.0,0.4
2021-11-07,1189833,5,38,1,50.0,250,12500.0,5000.0,0.4
2021-11-07,1189833,1,38,1,60.0,225,13500.0,4050.0,0.3
2021-11-07,1189833,4,38,1,64.99999999999999,325,21124.999999999993,8449.999999999998,0.4
2021-12-06,1189833,3,38,1,60.0,550,33000.0,11549.999999999998,0.35
2021-12-06,1189833,2,38,1,50.0,350,17500.0,6124.999999999999,0.35
2021-12-06,1189833,6,38,1,50.0,325,16250.0,6500.0,0.4
2021-12-06,1189833,5,38,1,50.0,275,13750.0,5500.0,0.4
2021-12-06,1189833,1,38,1,60.0,275,16500.0,4950.0,0.3
2021-12-06,1189833,4,38,1,64.99999999999999,375,24374.999999999993,9749.999999999998,0.4
2021-01-07,1189833,3,38,1,40.0,500,20000.0,8000.0,0.4
2021-01-07,1189833,2,38,1,40.0,300,12000.0,4800.0,0.4
2021-01-07,1189833,6,38,1,30.000000000000004,300,9000.000000000002,2700.0000000000005,0.3
2021-01-07,1189833,5,38,1,35.0,150,5250.0,1575.0,0.3
2021-01-07,1189833,1,38,1,50.0,200,10000.0,3000.0,0.3
2021-01-07,1189833,4,38,1,40.0,300,12000.0,4200.0,0.35
2021-02-05,1189833,3,38,1,40.0,550,22000.0,8800.0,0.4
2021-02-05,1189833,2,38,1,40.0,200,8000.0,3200.0,0.4
2021-02-05,1189833,6,38,1,30.000000000000004,250,7500.000000000002,2250.0000000000005,0.3
2021-02-05,1189833,5,22,1,35.0,125,4375.0,1312.5,0.3
2021-02-05,1189833,1,22,1,50.0,200,10000.0,3000.0,0.3
2021-02-05,1189833,4,22,1,40.0,300,12000.0,4200.0,0.35
2021-03-03,1189833,3,22,1,40.0,520,20800.0,8320.0,0.4
2021-03-03,1189833,2,22,1,40.0,225,9000.0,3600.0,0.4
2021-03-03,1189833,6,22,1,30.000000000000004,250,7500.000000000002,2250.0000000000005,0.3
2021-03-03,1189833,5,22,1,35.0,100,3500.0,1050.0,0.3
2021-03-03,1189833,1,22,1,50.0,150,7500.0,2250.0,0.3
2021-03-03,1189833,4,22,1,40.0,250,10000.0,3500.0,0.35
2021-04-04,1189833,3,22,1,40.0,500,20000.0,8000.0,0.4
2021-04-04,1189833,2,22,1,40.0,200,8000.0,3200.0,0.4
2021-04-04,1189833,6,22,1,30.000000000000004,200,6000.000000000001,1800.0,0.3
2021-04-04,1189833,5,22,1,35.0,125,4375.0,1312.5,0.3
2021-04-04,1189833,1,22,1,50.0,125,6250.0,1875.0,0.3
2021-04-04,1189833,4,22,1,40.0,275,11000.0,3850.0,0.35
2021-05-03,1189833,3,22,1,54.99999999999999,545,29974.999999999993,11989.999999999998,0.4
2021-05-03,1189833,2,22,1,50.0,250,12500.0,5000.0,0.4
2021-05-03,1189833,6,22,1,45.0,275,12375.0,3712.5,0.3
2021-05-03,1189833,5,22,1,45.0,225,10125.0,3037.5,0.3
2021-05-03,1189833,1,22,1,54.99999999999999,250,13749.999999999996,4124.999999999999,0.3
2021-05-03,1189833,4,22,1,60.0,375,22500.0,7875.0,0.35
2021-06-05,1189833,3,22,1,54.99999999999999,625,34374.99999999999,13749.999999999996,0.4
2021-06-05,1189833,2,22,1,50.0,375,18750.0,7500.0,0.4
2021-06-05,1189833,6,22,1,45.0,300,13500.0,4050.0,0.3
2021-06-05,1189833,5,22,1,45.0,275,12375.0,3712.5,0.3
2021-06-05,1189833,1,22,1,54.99999999999999,275,15124.999999999996,4537.499999999999,0.3
2021-06-05,1189833,4,22,1,60.0,425,25500.0,8925.0,0.35
2021-07-03,1189833,3,22,1,54.99999999999999,650,35749.99999999999,14299.999999999996,0.4
2021-07-03,1189833,2,22,1,50.0,400,20000.0,8000.0,0.4
2021-07-03,1189833,6,22,1,45.0,325,14625.0,4387.5,0.3
2021-07-03,1189833,5,22,1,45.0,275,12375.0,3712.5,0.3
2021-07-03,1189833,1,22,1,54.99999999999999,300,16499.999999999996,4949.999999999999,0.3
2021-07-03,1189833,4,22,1,60.0,475,28500.0,9975.0,0.35
2021-08-04,1189833,3,22,1,54.99999999999999,625,34374.99999999999,13749.999999999996,0.4
2021-08-04,1189833,2,22,1,50.0,400,20000.0,8000.0,0.4
2021-08-04,1189833,6,22,1,45.0,325,14625.0,4387.5,0.3
2021-08-04,1189833,5,22,1,45.0,225,10125.0,3037.5,0.3
2021-08-04,1189833,1,22,1,54.99999999999999,200,10999.999999999998,3299.999999999999,0.3
2021-08-04,1189833,4,22,1,60.0,375,22500.0,7875.0,0.35
2021-09-03,1189833,3,22,1,54.99999999999999,500,27499.999999999993,10999.999999999998,0.4
2021-09-03,1189833,2,22,1,50.0,300,15000.0,6000.0,0.4
2021-09-03,1189833,6,22,1,45.0,200,9000.0,2700.0,0.3
2021-09-03,1189833,5,22,1,45.0,175,7875.0,2362.5,0.3
2021-09-03,1189833,1,22,1,54.99999999999999,175,9624.999999999998,2887.4999999999995,0.3
2021-09-03,1189833,4,22,1,60.0,275,16500.0,5774.999999999999,0.35
2021-10-05,1189833,3,22,1,60.0,450,27000.0,10800.0,0.4
2021-10-05,1189833,2,22,1,55.00000000000001,275,15125.000000000004,6050.000000000002,0.4
2021-10-05,1189833,6,22,1,55.00000000000001,175,9625.000000000002,2887.5000000000005,0.3
2021-10-05,1189833,5,22,1,55.00000000000001,150,8250.000000000002,2475.0000000000005,0.3
2021-10-05,1189833,1,22,1,65.0,150,9750.0,2925.0,0.3
2021-10-08,1189833,4,46,1,64.99999999999999,200,12999.999999999996,5199.999999999999,0.4
2021-11-07,1189833,3,46,1,60.0,350,21000.0,7350.0,0.35
2021-11-07,1189833,2,46,1,50.0,225,11250.0,3937.5,0.35
2021-11-07,1189833,6,46,1,50.0,220,11000.0,4400.0,0.4
2021-11-07,1189833,5,46,1,50.0,200,10000.0,4000.0,0.4
2021-11-07,1189833,1,46,1,60.0,175,10500.0,3150.0,0.3
2021-11-07,1189833,4,46,1,64.99999999999999,275,17874.999999999996,7149.999999999998,0.4
2021-12-06,1189833,3,46,1,60.0,500,30000.0,10500.0,0.35
2021-12-06,1189833,2,46,1,50.0,300,15000.0,5250.0,0.35
2021-12-06,1189833,6,46,1,50.0,275,13750.0,5500.0,0.4
2021-12-06,1189833,5,46,1,50.0,225,11250.0,4500.0,0.4
2021-12-06,1189833,1,46,1,60.0,225,13500.0,4050.0,0.3
2021-12-06,1189833,4,46,1,64.99999999999999,325,21124.999999999993,8449.999999999998,0.4
2021-01-17,1189833,3,46,1,40.0,450,18000.0,5400.0,0.3
2021-01-17,1189833,2,46,1,40.0,250,10000.0,3000.0,0.3
2021-01-17,1189833,6,46,1,30.000000000000004,250,7500.000000000002,1875.0000000000005,0.25
2021-01-17,1189833,5,46,1,35.0,100,3500.0,875.0,0.25
2021-01-17,1189833,1,46,1,50.0,150,7500.0,1875.0,0.25
2021-01-17,1189833,4,46,1,40.0,250,10000.0,3000.0,0.3
2021-02-15,1189833,3,46,1,40.0,500,20000.0,6000.0,0.3
2021-02-15,1189833,2,46,1,40.0,150,6000.0,1800.0,0.3
2021-02-15,1189833,6,46,1,30.000000000000004,200,6000.000000000001,1500.0000000000002,0.25
2021-02-15,1189833,5,9,1,35.0,250,8750.0,2187.5,0.25
2021-02-15,1189833,1,9,1,50.0,150,7500.0,1875.0,0.25
2021-02-15,1189833,4,9,1,40.0,250,10000.0,3000.0,0.3
2021-03-13,1189833,3,9,1,40.0,470,18800.0,5640.0,0.3
2021-03-13,1189833,2,9,1,40.0,175,7000.0,2100.0,0.3
2021-03-13,1189833,6,9,1,30.000000000000004,200,6000.000000000001,1500.0000000000002,0.25
2021-03-13,1189833,5,9,1,35.0,300,10500.0,2625.0,0.25
2021-03-13,1189833,1,9,1,50.0,100,5000.0,1250.0,0.25
2021-03-13,1189833,4,9,1,40.0,200,8000.0,2400.0,0.3
2021-04-14,1189833,3,9,1,40.0,450,18000.0,5400.0,0.3
2021-04-14,1189833,2,9,1,40.0,150,6000.0,1800.0,0.3
2021-04-14,1189833,6,9,1,30.000000000000004,150,4500.000000000001,1125.0000000000002,0.25
2021-04-14,1189833,5,9,1,35.0,125,4375.0,1093.75,0.25
2021-04-14,1189833,1,9,1,50.0,125,6250.0,1562.5,0.25
2021-04-14,1189833,4,9,1,40.0,275,11000.0,3300.0,0.3
2021-05-13,1189833,3,9,1,54.99999999999999,495,27224.999999999993,8167.499999999998,0.3
2021-05-13,1189833,2,9,1,50.0,200,10000.0,3000.0,0.3
2021-05-13,1189833,6,9,1,45.0,225,10125.0,2531.25,0.25
2021-05-13,1189833,5,9,1,45.0,175,7875.0,1968.75,0.25
2021-05-13,1189833,1,9,1,54.99999999999999,200,10999.999999999998,2749.9999999999995,0.25
2021-05-13,1189833,4,9,1,60.0,325,19500.0,5850.0,0.3
2021-06-15,1189833,3,9,1,54.99999999999999,575,31624.999999999993,9487.499999999998,0.3
2021-06-15,1189833,2,9,1,50.0,325,16250.0,4875.0,0.3
2021-06-15,1189833,6,9,1,45.0,250,11250.0,2812.5,0.25
2021-06-15,1189833,5,9,1,45.0,225,10125.0,2531.25,0.25
2021-06-15,1189833,1,9,1,54.99999999999999,225,12374.999999999998,3093.7499999999995,0.25
2021-06-15,1189833,4,9,1,60.0,375,22500.0,6750.0,0.3
2021-07-13,1189833,3,9,1,54.99999999999999,600,32999.99999999999,9899.999999999998,0.3
2021-07-13,1189833,2,9,1,50.0,350,17500.0,5250.0,0.3
2021-07-13,1189833,6,9,1,45.0,275,12375.0,3093.75,0.25
2021-07-13,1189833,5,9,1,45.0,225,10125.0,2531.25,0.25
2021-07-13,1189833,1,9,1,54.99999999999999,250,13749.999999999996,3437.499999999999,0.25
2021-07-13,1189833,4,9,1,60.0,425,25500.0,7650.0,0.3
2021-08-14,1189833,3,9,1,54.99999999999999,575,31624.999999999993,9487.499999999998,0.3
2021-08-14,1189833,2,9,1,50.0,350,17500.0,5250.0,0.3
2021-08-14,1189833,6,9,1,45.0,275,12375.0,3093.75,0.25
2021-08-14,1189833,5,9,1,45.0,175,7875.0,1968.75,0.25
2021-08-14,1189833,1,9,1,54.99999999999999,150,8249.999999999998,2062.4999999999995,0.25
2021-08-14,1189833,4,9,1,60.0,325,19500.0,5850.0,0.3
2021-09-13,1189833,3,9,1,54.99999999999999,450,24749.999999999996,7424.999999999998,0.3
2021-09-13,1189833,2,9,1,50.0,250,12500.0,3750.0,0.3
2021-09-13,1189833,6,9,1,45.0,150,6750.0,1687.5,0.25
2021-09-13,1189833,5,9,1,45.0,125,5625.0,1406.25,0.25
2021-09-13,1189833,1,9,1,54.99999999999999,125,6874.999999999998,1718.7499999999995,0.25
2021-09-13,1189833,4,9,1,60.0,225,13500.0,4050.0,0.3
2021-10-15,1189833,3,9,1,60.0,400,24000.0,7200.0,0.3
2021-10-15,1189833,2,9,1,55.00000000000001,225,12375.000000000002,3712.5,0.3
2021-10-15,1189833,6,9,1,55.00000000000001,125,6875.000000000002,1718.7500000000005,0.25
2021-10-15,1189833,5,9,1,55.00000000000001,100,5500.000000000001,1375.0000000000002,0.25
2021-10-15,1189833,1,9,1,65.0,100,6500.0,1625.0,0.25
2020-07-19,1189833,3,37,2,24.0,234,561.6,263.952,0.47
2020-07-20,1189833,2,37,2,34.0,225,765.0,374.85,0.49
2020-07-21,1189833,6,37,2,33.0,210,693.0,318.78,0.45999999999999996
2020-07-22,1189833,5,37,2,34.0,175,595.0,327.25000000000006,0.55
2020-07-23,1189833,1,24,2,36.0,154,554.4,238.392,0.43
2020-07-24,1189833,4,24,2,34.0,203,690.2,441.72799999999995,0.64
2020-07-25,1189833,3,24,2,23.0,213,489.9,244.95,0.5
2020-07-26,1189833,2,24,2,33.0,255,841.5,378.67499999999995,0.44999999999999996
2020-07-27,1189833,6,24,2,32.0,176,563.2,253.43999999999997,0.44999999999999996
2020-07-28,1189833,5,24,2,34.0,175,595.0,357.0,0.6
2020-07-29,1189833,1,24,2,38.0,125,475.0,213.75,0.44999999999999996
2020-07-30,1189833,4,24,2,34.0,196,666.4,419.832,0.63
2020-07-31,1189833,3,24,2,29.0,254,736.6,331.46999999999997,0.44999999999999996
2020-08-01,1189833,2,24,2,39.0,236,920.4,414.17999999999995,0.44999999999999996
2020-08-02,1189833,6,24,2,32.0,182,582.4,285.376,0.49
2020-08-03,1189833,5,24,2,37.0,174,643.8,373.40400000000005,0.5800000000000001
2020-08-04,1189833,1,24,2,41.0,125,512.5,205.0,0.4
2020-08-05,1189833,4,24,2,39.0,189,737.1,442.25999999999993,0.6
2020-08-06,1189833,3,24,2,27.0,234,631.8,303.264,0.48
2020-08-07,1189833,2,24,2,38.0,225,855.0,384.74999999999994,0.44999999999999996
2020-08-08,1189833,6,24,2,34.0,203,690.2,317.49199999999996,0.45999999999999996
2020-08-09,1189833,5,24,2,36.0,163,586.8,346.21200000000005,0.5900000000000001
2021-08-11,1189833,3,15,2,20.0,189,378.0,151.2,0.4
2021-08-12,1189833,2,15,2,28.0,196,548.8,219.52000000000004,0.4
2021-08-13,1189833,6,15,2,27.0,158,426.6,174.906,0.41
2021-08-14,1189833,5,15,2,34.0,152,516.8,263.568,0.51
2021-08-15,1189833,1,17,2,37.0,94,347.8,121.72999999999999,0.35
2021-08-16,1189833,4,17,2,33.0,147,485.1,266.805,0.55
2021-08-17,1189833,3,17,2,23.0,176,404.8,174.064,0.43
2021-08-18,1189833,2,17,2,32.0,163,521.6,208.64000000000001,0.4
2021-08-19,1189833,6,17,2,34.0,119,404.6,173.978,0.43
2021-08-20,1189833,5,17,2,32.0,128,409.6,217.08800000000002,0.53
2021-08-21,1189833,1,17,2,38.0,75,285.0,99.74999999999999,0.35
2021-08-22,1189833,4,17,2,32.0,140,448.0,250.88000000000002,0.56
2021-08-23,1189833,3,17,2,29.0,182,527.8,263.9,0.5
2021-08-24,1189833,2,17,2,39.0,169,659.1,329.55,0.5
2021-08-25,1189833,6,17,2,28.0,145,406.0,190.82,0.47
2021-08-26,1189833,5,17,2,32.0,116,371.2,211.584,0.5700000000000001
2021-08-27,1189833,1,17,2,38.0,81,307.8,138.51,0.44999999999999996
2021-08-28,1189833,4,17,2,32.0,135,432.0,272.15999999999997,0.63
2021-08-29,1189833,3,17,2,18.0,182,327.6,147.42,0.44999999999999996
2021-08-30,1189833,2,17,2,28.0,175,490.0,235.2,0.48
2021-08-31,1189833,6,17,2,25.0,152,380.0,186.2,0.49
2021-09-01,1189833,5,17,2,29.0,128,371.2,219.00800000000004,0.5900000000000001
2021-09-02,1189833,1,17,2,34.0,85,289.0,115.6,0.4
2021-09-03,1189833,4,17,2,29.0,156,452.4,280.488,0.62
2021-09-04,1189833,3,17,2,19.0,195,370.5,185.25,0.5
2021-09-05,1189833,2,17,2,29.0,194,562.6,275.674,0.49
2021-09-06,1189833,6,17,2,24.0,175,420.0,197.4,0.47
2021-09-07,1189833,5,17,2,34.0,154,523.6,314.15999999999997,0.6
2021-09-08,1189833,1,17,2,49.0,131,641.9,288.85499999999996,0.44999999999999996
2021-09-09,1189833,4,17,2,43.0,224,963.2,626.08,0.65
2021-09-10,1189833,3,17,2,41.0,224,918.4,413.2799999999999,0.44999999999999996
2021-09-11,1189833,2,17,2,49.0,200,980.0,470.4,0.48
2021-09-12,1189833,6,17,2,44.0,176,774.4,363.96799999999996,0.47
2021-09-13,1189833,5,17,2,43.0,174,748.2,411.51000000000005,0.55
2021-09-14,1189833,1,17,2,45.0,145,652.5,280.575,0.43
2021-09-15,1189833,4,17,2,53.0,263,1393.9,878.1569999999999,0.63
2021-09-16,1189833,3,17,2,41.0,231,947.1,492.492,0.52
2021-09-17,1189833,2,17,2,48.0,215,1032.0,557.28,0.54
2021-09-18,1189833,6,17,2,44.0,254,1117.6,614.68,0.5499999999999999
2021-09-19,1189833,5,17,2,43.0,150,645.0,393.45,0.61
2021-09-20,1189833,1,17,2,47.0,167,784.9,361.054,0.45999999999999996
2021-09-21,1189833,4,17,2,54.0,255,1377.0,922.5900000000001,0.67
2021-09-22,1189833,3,17,2,49.0,208,1019.2,519.792,0.51
2021-09-23,1189833,2,17,2,53.0,208,1102.4,551.2,0.5
2021-09-24,1189833,6,17,2,46.0,273,1255.8,690.6899999999998,0.5499999999999999
2021-09-25,1189833,5,17,2,47.0,147,690.9,449.08500000000004,0.65
2021-09-26,1189833,1,17,2,53.0,142,752.6,361.248,0.48
2021-09-27,1189833,4,17,2,56.0,233,1304.8,913.36,0.7000000000000001
2021-09-28,1189833,3,17,2,53.0,181,959.3,527.615,0.5499999999999999
2021-09-29,1189833,2,17,2,54.0,176,950.4,484.704,0.51
2021-09-30,1189833,6,17,2,59.0,203,1197.7,634.7810000000001,0.53
2021-10-01,1189833,5,17,2,56.0,126,705.6,458.64000000000004,0.65
2021-10-02,1189833,1,17,2,53.0,135,715.5,350.59499999999997,0.49
2021-10-03,1189833,4,17,2,48.0,203,974.4,682.0800000000002,0.7000000000000001
2021-10-04,1189833,3,17,2,39.0,156,608.4,304.2,0.5
2021-10-05,1189833,2,17,2,38.0,169,642.2,327.52200000000005,0.51
2021-10-06,1189833,6,17,2,41.0,144,590.4,307.008,0.52
2021-10-07,1189833,5,17,2,41.0,111,455.1,273.06,0.6
2021-10-08,1189833,1,17,2,36.0,100,360.0,161.99999999999997,0.44999999999999996
2021-10-09,1189833,4,17,2,45.0,161,724.5,507.1500000000001,0.7000000000000001
2021-10-10,1189833,3,17,2,38.0,181,687.8,378.28999999999996,0.5499999999999999
2021-10-11,1189833,2,17,2,37.0,218,806.6,403.3,0.5
2021-10-12,1189833,6,17,2,63.0,176,1108.8,609.8399999999999,0.5499999999999999
2021-10-13,1189833,5,17,2,59.0,145,855.5,530.4100000000001,0.62
2021-10-14,1189833,1,17,2,56.0,138,772.8,370.944,0.48
2021-10-15,1189833,4,17,2,67.0,176,1179.2,766.48,0.65
2021-10-16,1189833,3,17,2,59.0,223,1315.7,710.4780000000001,0.54
2021-10-17,1189833,2,17,2,56.0,231,1293.6,672.672,0.52
2021-10-18,1189833,6,17,2,62.0,189,1171.8,632.772,0.54
2021-10-19,1189833,5,17,2,59.0,173,1020.7,632.8340000000001,0.62
2021-10-20,1189833,1,17,2,58.0,158,916.4,458.2,0.5
2021-10-21,1189833,4,17,2,65.0,233,1514.5,999.57,0.66
2020-09-25,1189833,6,33,2,41.0,225,922.5,341.325,0.37
2020-09-26,1189833,5,33,2,42.0,210,882.0,379.26,0.43
2020-09-27,1189833,1,33,2,50.0,210,1050.0,525.0,0.5
2020-09-28,1189833,4,33,2,55.0,223,1226.5,772.6949999999999,0.63
2020-09-29,1189833,3,33,2,56.0,270,1512.0,907.2,0.6
2020-09-30,1189833,2,33,2,47.0,215,1010.5,454.725,0.44999999999999996
2020-10-01,1189833,6,33,2,47.0,203,954.1,372.09900000000005,0.39
2020-10-02,1189833,5,33,2,45.0,182,819.0,360.36,0.44
2020-10-03,1189833,1,33,2,57.0,189,1077.3,538.65,0.5
2020-10-04,1189833,4,33,2,59.0,223,1315.7,855.2050000000002,0.65
2020-10-05,1189833,3,33,2,56.0,244,1366.4,792.5120000000001,0.5800000000000001
2020-10-06,1189833,2,33,2,49.0,224,1097.6,526.848,0.48
2020-10-07,1189833,6,33,2,46.0,224,1030.4,381.248,0.37
2020-10-08,1189833,5,33,2,49.0,202,989.8,435.512,0.44
2020-10-09,1189833,1,33,2,64.0,195,1248.0,624.0,0.5
2020-10-10,1189833,4,33,2,64.0,213,1363.2,817.92,0.6
2020-05-24,1189833,3,33,2,63.0,323,2034.9,1139.544,0.56
2020-05-24,1189833,2,33,2,51.0,254,1295.4,608.838,0.47
2020-05-24,1189833,6,33,2,52.0,248,1289.6,477.15199999999993,0.37
2020-05-24,1189833,5,33,2,54.0,209,1128.6,485.29799999999994,0.43
2021-03-10,1189833,3,6,2,18.0,210,378.0,189.0,0.5
2021-03-11,1189833,2,6,2,29.0,182,527.8,242.78799999999995,0.45999999999999996
2021-03-12,1189833,6,6,2,27.0,130,351.0,157.95,0.44999999999999996
2021-03-13,1189833,5,6,2,32.0,135,432.0,246.24,0.5700000000000001
2021-03-14,1189833,1,27,2,39.0,95,370.5,148.2,0.4
2021-03-15,1189833,4,27,2,33.0,125,412.5,268.125,0.65
2021-03-16,1189833,3,27,2,24.0,169,405.6,202.8,0.5
2021-03-17,1189833,2,27,2,33.0,181,597.3,286.704,0.48
2021-03-18,1189833,6,27,2,32.0,122,390.4,187.392,0.48
2021-03-19,1189833,5,27,2,33.0,108,356.4,213.84,0.6
2021-03-20,1189833,1,27,2,37.0,83,307.1,125.91099999999999,0.41
2021-03-21,1189833,4,27,2,32.0,133,425.6,272.384,0.64
2021-03-22,1189833,3,27,2,27.0,189,510.3,260.25300000000004,0.51
2021-03-23,1189833,2,27,2,37.0,163,603.1,313.61199999999997,0.52
2021-03-24,1189833,6,27,2,28.0,124,347.2,190.95999999999998,0.5499999999999999
2021-03-25,1189833,5,27,2,33.0,101,333.3,213.31199999999998,0.64
2021-03-26,1189833,1,27,2,39.0,69,269.1,126.477,0.47
2021-03-27,1189833,4,27,2,33.0,111,366.3,241.75799999999998,0.66
2021-03-28,1189833,3,27,2,19.0,169,321.1,160.55,0.5
2021-03-29,1189833,2,27,2,24.0,176,422.4,215.42400000000004,0.51
2021-03-30,1189833,6,27,2,19.0,135,256.5,141.075,0.5499999999999999
2021-03-31,1189833,5,27,2,23.0,112,257.6,167.44,0.65
2021-04-01,1189833,1,27,2,28.0,84,235.2,105.83999999999999,0.44999999999999996
2021-04-02,1189833,4,27,2,24.0,161,386.4,262.752,0.68
2021-04-03,1189833,3,27,2,14.0,189,264.6,132.3,0.5
2021-04-04,1189833,2,27,2,23.0,218,501.4,250.7,0.5
2021-04-05,1189833,6,27,2,19.0,180,342.0,184.68,0.54
2021-04-06,1189833,5,27,2,27.0,142,383.4,230.04000000000002,0.6
2021-04-07,1189833,1,27,2,41.0,106,434.6,212.954,0.49
2021-04-08,1189833,4,27,2,38.0,202,767.6,514.292,0.67
2021-04-09,1189833,3,27,2,36.0,217,781.2,398.412,0.51
2021-04-10,1189833,2,27,2,42.0,202,848.4,432.684,0.51
2021-04-11,1189833,6,27,2,36.0,169,608.4,310.284,0.51
2021-04-12,1189833,5,27,2,36.0,174,626.4,382.104,0.61
2021-04-13,1189833,1,27,2,43.0,145,623.5,299.28,0.48
2021-04-14,1189833,4,27,2,49.0,236,1156.4,751.6600000000001,0.65
2021-04-15,1189833,3,27,2,36.0,215,774.0,441.17999999999995,0.57
2021-04-16,1189833,2,27,2,43.0,206,885.8,513.7639999999999,0.58
2021-04-17,1189833,6,27,2,36.0,263,946.8,568.08,0.6
2021-04-18,1189833,5,27,2,37.0,161,595.7,387.20500000000004,0.65
2021-04-19,1189833,1,27,2,43.0,165,709.5,376.035,0.53
2021-04-20,1189833,4,27,2,52.0,223,1159.6,811.72,0.7000000000000001
2021-04-21,1189833,3,27,2,41.0,233,955.3,544.521,0.57
2021-04-22,1189833,2,27,2,54.0,233,1258.2,717.174,0.57
2021-04-23,1189833,6,27,2,46.0,285,1311.0,786.6,0.6
2021-04-24,1189833,5,27,2,42.0,133,558.6,385.434,0.6900000000000001
2021-04-25,1189833,1,27,2,49.0,133,651.7,345.401,0.53
2021-04-26,1189833,4,27,2,53.0,181,959.3,681.1030000000001,0.7100000000000001
2021-04-27,1189833,3,27,2,49.0,182,891.8,535.08,0.6
2021-04-28,1189833,2,27,2,47.0,169,794.3,476.58000000000004,0.6
2021-04-29,1189833,6,27,2,54.0,182,982.8,579.852,0.59
2021-04-30,1189833,5,27,2,53.0,100,530.0,371.00000000000006,0.7000000000000001
2021-05-01,1189833,1,27,2,47.0,120,564.0,287.64,0.51
2021-05-02,1189833,4,27,2,42.0,163,684.6,506.6040000000001,0.7400000000000001
2021-05-03,1189833,3,27,2,33.0,173,570.9,325.41299999999995,0.57
2021-05-04,1189833,2,27,2,32.0,150,480.0,288.0,0.6
2021-05-05,1189833,6,27,2,36.0,147,529.2,306.936,0.58
2021-05-06,1189833,5,27,2,38.0,98,372.4,260.68,0.7000000000000001
2021-05-07,1189833,1,27,2,32.0,88,281.6,143.616,0.51
2021-05-08,1189833,4,27,2,43.0,131,563.3,399.94300000000004,0.7100000000000001
2021-05-09,1189833,3,27,2,29.0,196,568.4,318.304,0.5599999999999999
2021-05-10,1189833,2,27,2,29.0,189,548.1,306.936,0.5599999999999999
2021-05-11,1189833,6,27,2,50.0,174,870.0,487.19999999999993,0.5599999999999999
2021-05-12,1189833,5,27,2,52.0,133,691.6,477.204,0.6900000000000001
2021-05-13,1189833,1,27,2,51.0,113,576.3,305.439,0.53
2021-05-14,1189833,4,27,2,59.0,169,997.1,707.941,0.7100000000000001
2021-05-15,1189833,3,27,2,53.0,200,1060.0,614.8,0.58
2021-05-16,1189833,2,27,2,51.0,240,1224.0,673.1999999999999,0.5499999999999999
2021-05-17,1189833,6,27,2,54.0,210,1134.0,623.6999999999999,0.5499999999999999
2021-05-18,1189833,5,27,2,54.0,149,804.6,555.1740000000001,0.6900000000000001
2021-05-19,1189833,1,27,2,50.0,140,700.0,350.0,0.5
2021-05-20,1189833,4,27,2,61.0,225,1372.5,1015.6500000000002,0.7400000000000001
2021-08-01,1189833,3,40,2,19.0,203,385.7,204.421,0.53
2021-08-02,1189833,2,40,2,29.0,196,568.4,306.93600000000004,0.54
2021-08-03,1189833,6,40,2,28.0,138,386.4,212.51999999999998,0.5499999999999999
2021-08-04,1189833,5,40,2,33.0,138,455.4,291.456,0.64
2021-08-05,1189833,1,7,2,37.0,88,325.6,156.28799999999998,0.48
2021-08-06,1189833,4,7,2,32.0,138,441.6,309.12,0.7000000000000001
2021-08-07,1189833,3,7,2,24.0,156,374.4,202.17600000000002,0.54
2021-08-08,1189833,2,7,2,33.0,174,574.2,310.06800000000004,0.54
2021-08-09,1189833,6,7,2,32.0,128,409.6,212.99200000000002,0.52
2021-08-10,1189833,5,7,2,32.0,98,313.6,194.432,0.62
2021-08-11,1189833,1,7,2,38.0,68,258.4,124.032,0.48
2021-08-12,1189833,4,7,2,33.0,126,415.8,278.586,0.67
2021-08-13,1189833,3,7,2,28.0,163,456.4,251.01999999999998,0.5499999999999999
2021-08-14,1189833,2,7,2,36.0,188,676.8,372.23999999999995,0.5499999999999999
2021-08-15,1189833,6,7,2,27.0,117,315.9,183.22199999999998,0.58
2021-08-16,1189833,5,7,2,33.0,105,346.5,235.62000000000003,0.68
2021-08-17,1189833,1,7,2,37.0,73,270.1,135.05,0.5
2021-08-18,1189833,4,7,2,34.0,104,353.6,265.20000000000005,0.7500000000000001
2021-08-19,1189833,3,7,2,19.0,195,370.5,214.88999999999996,0.58
2021-08-20,1189833,2,7,2,19.0,189,359.1,208.27799999999996,0.58
2021-08-21,1189833,6,7,2,14.0,119,166.6,98.294,0.59
2021-08-22,1189833,5,7,2,18.0,113,203.4,134.244,0.66
2021-08-23,1189833,1,7,2,23.0,74,170.2,90.206,0.53
2021-08-24,1189833,4,7,2,20.0,149,298.0,223.50000000000006,0.7500000000000001
2021-08-25,1189833,3,7,2,9.0,203,182.7,107.79299999999998,0.59
2021-08-26,1189833,2,7,2,19.0,189,359.1,211.869,0.59
2021-08-27,1189833,6,7,2,15.0,173,259.5,145.32,0.5599999999999999
2021-08-28,1189833,5,7,2,34.0,135,459.0,312.12,0.68
2021-08-29,1189833,1,7,2,49.0,120,588.0,317.52000000000004,0.54
2021-08-30,1189833,4,7,2,43.0,203,872.9,628.488,0.7200000000000001
2021-08-31,1189833,3,7,2,43.0,203,872.9,480.09499999999997,0.5499999999999999
2021-09-01,1189833,2,7,2,49.0,203,994.7,557.0319999999999,0.5599999999999999
2021-09-02,1189833,6,7,2,44.0,189,831.6,490.64399999999995,0.59
2021-09-03,1189833,5,7,2,41.0,180,738.0,509.2200000000001,0.6900000000000001
2021-09-04,1189833,1,7,2,49.0,145,710.5,390.775,0.5499999999999999
2021-09-05,1189833,4,7,2,50.0,245,1225.0,882.0000000000002,0.7200000000000001
2021-09-06,1189833,3,7,2,44.0,206,906.4,580.0959999999999,0.6399999999999999
2021-09-07,1189833,2,7,2,49.0,215,1053.5,674.2399999999999,0.6399999999999999
2021-09-08,1189833,6,7,2,41.0,254,1041.4,656.0819999999999,0.6299999999999999
2021-09-09,1189833,5,7,2,44.0,173,761.2,563.2880000000001,0.7400000000000001
2021-09-10,1189833,1,7,2,45.0,131,589.5,341.90999999999997,0.58
2021-09-11,1189833,4,7,2,56.0,240,1344.0,1075.2000000000003,0.8000000000000002
2021-09-12,1189833,3,7,2,38.0,225,855.0,521.55,0.61
2021-09-13,1189833,2,7,2,52.0,210,1092.0,709.8,0.6499999999999999
2021-09-14,1189833,6,7,2,51.0,268,1366.8,820.0799999999999,0.6
2021-09-15,1189833,5,7,2,46.0,119,547.4,388.65400000000005,0.7100000000000001
2021-09-16,1189833,1,7,2,50.0,123,615.0,362.85,0.59
2021-09-17,1189833,4,7,2,59.0,182,1073.8,826.8260000000002,0.7700000000000001
2021-09-18,1189833,3,7,2,51.0,175,892.5,535.5,0.6
2021-09-19,1189833,2,7,2,50.0,144,720.0,453.5999999999999,0.6299999999999999
2021-09-20,1189833,6,7,2,59.0,188,1109.2,698.7959999999999,0.6299999999999999
2021-09-21,1189833,5,7,2,58.0,95,551.0,391.21000000000004,0.7100000000000001
2021-09-22,1189833,1,7,2,41.0,88,360.8,205.656,0.57
2021-09-23,1189833,4,7,2,37.0,150,555.0,427.3500000000001,0.7700000000000001
2021-09-24,1189833,3,7,2,29.0,131,379.9,227.94,0.6
2021-09-25,1189833,2,7,2,29.0,158,458.2,288.66599999999994,0.6299999999999999
2021-09-26,1189833,6,7,2,32.0,124,396.8,238.07999999999998,0.6
2021-09-27,1189833,5,7,2,32.0,91,291.2,212.57600000000002,0.7300000000000001
2021-09-28,1189833,1,7,2,29.0,78,226.2,135.72,0.6
2021-09-29,1189833,4,7,2,36.0,143,514.8,386.1,0.7500000000000001
2021-09-30,1189833,3,7,2,18.0,169,304.2,194.68799999999996,0.6399999999999999
2021-10-01,1189833,2,7,2,19.0,169,321.1,195.871,0.61
2021-10-02,1189833,6,7,2,43.0,144,619.2,396.2879999999999,0.6399999999999999
2021-10-03,1189833,5,7,2,44.0,131,576.4,420.77200000000005,0.7300000000000001
2021-10-04,1189833,1,7,2,48.0,111,532.8,314.352,0.59
2021-10-05,1189833,4,7,2,56.0,188,1052.8,831.7120000000001,0.7900000000000001
2021-10-06,1189833,3,7,2,56.0,233,1304.8,822.0239999999998,0.6299999999999999
2021-10-07,1189833,2,7,2,58.0,225,1305.0,835.1999999999998,0.6399999999999999
2021-10-08,1189833,6,7,2,64.0,175,1120.0,694.3999999999999,0.6199999999999999
2021-10-09,1189833,5,7,2,63.0,143,900.9,675.6750000000001,0.7500000000000001
2021-10-10,1189833,1,7,2,58.0,145,841.0,470.9599999999999,0.5599999999999999
2021-10-11,1189833,4,7,2,68.0,203,1380.4,1104.3200000000002,0.8000000000000002
2021-12-09,1189833,6,23,2,74.0,135,999.0,349.65,0.35
2021-12-09,1189833,5,23,2,73.0,145,1058.5,370.47499999999997,0.35
2021-12-09,1189833,1,23,2,84.0,128,1075.2,279.552,0.26
2021-12-09,1189833,4,23,2,89.0,142,1263.8,631.9,0.5
2021-01-17,1189833,3,23,2,38.0,115,437.0,187.91,0.43
2021-01-17,1189833,2,23,2,48.0,123,590.4,206.64000000000001,0.35
2021-01-17,1189833,6,23,2,45.0,123,553.5,226.935,0.41
2021-01-17,1189833,5,23,2,47.0,77,361.9,162.85499999999996,0.44999999999999996
2021-01-17,1189833,1,23,2,54.0,68,367.2,110.16000000000001,0.30000000000000004
2021-01-17,1189833,4,23,2,49.0,124,607.6,358.48400000000004,0.5900000000000001
2021-02-17,1189833,3,23,2,36.0,137,493.2,207.144,0.42
2021-02-17,1189833,2,23,2,49.0,111,543.9,190.36499999999998,0.35
2021-02-17,1189833,6,23,2,49.0,111,543.9,217.56,0.4
2021-02-17,1189833,5,41,2,45.0,74,333.0,146.52,0.44
2021-02-17,1189833,1,41,2,52.0,60,312.0,99.84,0.32
2021-02-17,1189833,4,41,2,47.0,108,507.6,294.408,0.5800000000000001
2021-03-16,1189833,3,41,2,46.0,160,736.0,301.76,0.41
2021-03-16,1189833,2,41,2,58.0,100,580.0,220.4,0.38
2021-03-16,1189833,6,41,2,59.0,115,678.5,291.755,0.43
2021-03-16,1189833,5,41,2,58.0,91,527.8,221.676,0.42
2021-03-16,1189833,1,41,2,61.0,44,268.4,88.572,0.33
2021-03-16,1189833,4,41,2,54.0,101,545.4,327.24,0.6
2021-12-23,1189833,6,47,2,64.0,154,985.6,473.088,0.48
2021-12-23,1189833,5,47,2,67.0,160,1072.0,536.0,0.5
2021-12-23,1189833,1,47,2,72.0,133,957.6,488.37600000000003,0.51
2021-12-23,1189833,4,47,2,82.0,150,1230.0,528.9,0.43
2021-01-19,1189833,3,47,2,34.0,203,690.2,421.02200000000005,0.61
2021-01-19,1189833,2,47,2,34.0,154,523.6,267.036,0.51
2021-01-19,1189833,6,47,2,23.0,149,342.7,137.08,0.4
2021-01-19,1189833,5,47,2,29.0,116,336.4,168.2,0.5
2021-01-19,1189833,1,47,2,43.0,122,524.6,272.79200000000003,0.52
2021-01-19,1189833,4,47,2,33.0,138,455.4,309.672,0.68
2021-02-17,1189833,3,47,2,34.0,200,680.0,428.4,0.63
2021-02-17,1189833,2,47,2,33.0,117,386.1,200.772,0.52
2021-02-17,1189833,6,47,2,23.0,150,345.0,148.35,0.43
2021-02-17,1189833,5,20,2,28.0,109,305.2,149.548,0.49
2021-02-17,1189833,1,20,2,41.0,126,516.6,284.13,0.5499999999999999
2021-02-17,1189833,4,20,2,33.0,138,455.4,305.11800000000005,0.67
2021-03-15,1189833,3,20,2,34.0,216,734.4,447.98400000000004,0.61
2021-03-15,1189833,2,20,2,32.0,126,403.2,217.728,0.54
2021-03-15,1189833,6,20,2,25.0,124,310.0,124.0,0.4
2021-03-15,1189833,5,20,2,29.0,91,263.9,126.672,0.48
2021-03-15,1189833,1,20,2,43.0,94,404.2,210.18400000000003,0.52
2021-03-15,1189833,4,20,2,33.0,143,471.9,325.611,0.6900000000000001
2021-04-16,1189833,3,20,2,32.0,181,579.2,347.52,0.6
2021-04-16,1189833,2,20,2,38.0,111,421.8,223.554,0.53
2021-04-16,1189833,6,20,2,27.0,135,364.5,153.08999999999997,0.42
2021-04-16,1189833,5,20,2,32.0,109,348.8,160.44799999999998,0.45999999999999996
2021-04-16,1189833,1,20,2,45.0,120,540.0,270.0,0.5
2021-04-16,1189833,4,20,2,37.0,152,562.4,388.05600000000004,0.6900000000000001
2021-05-15,1189833,3,20,2,48.0,207,993.6,606.096,0.61
2021-05-15,1189833,2,20,2,47.0,150,705.0,387.74999999999994,0.5499999999999999
2021-05-15,1189833,6,20,2,44.0,133,585.2,234.08,0.4
2021-05-15,1189833,5,20,2,42.0,126,529.2,264.6,0.5
2021-05-15,1189833,1,20,2,52.0,124,644.8,341.744,0.53
2021-05-15,1189833,4,20,2,55.0,150,825.0,577.5000000000001,0.7000000000000001
2021-06-17,1189833,3,20,2,52.0,206,1071.2,664.144,0.62
2021-06-17,1189833,2,20,2,46.0,167,768.2,414.8280000000001,0.54
2021-06-17,1189833,6,20,2,41.0,138,565.8,248.952,0.44
2021-06-17,1189833,5,20,2,43.0,158,679.4,326.11199999999997,0.48
2021-06-17,1189833,1,20,2,57.0,152,866.4,476.52,0.5499999999999999
2021-06-17,1189833,4,20,2,60.0,169,1014.0,659.1,0.65
2021-07-15,1189833,3,20,2,57.0,225,1282.5,769.5,0.6
2021-07-15,1189833,2,20,2,53.0,189,1001.7,510.867,0.51
2021-07-15,1189833,6,20,2,46.0,173,795.8,358.10999999999996,0.44999999999999996
2021-07-15,1189833,5,20,2,47.0,158,742.6,334.16999999999996,0.44999999999999996
2021-07-15,1189833,1,20,2,54.0,143,772.2,393.822,0.51
2021-07-15,1189833,4,20,2,62.0,210,1302.0,898.3800000000001,0.6900000000000001
2021-08-16,1189833,3,20,2,55.0,263,1446.5,925.76,0.64
2021-08-16,1189833,2,20,2,50.0,195,975.0,487.5,0.5
2021-08-16,1189833,6,20,2,42.0,144,604.8,254.016,0.42
2021-08-16,1189833,5,20,2,34.0,142,482.8,217.26,0.44999999999999996
2021-08-16,1189833,1,20,2,42.0,135,567.0,300.51000000000005,0.53
2021-08-16,1189833,4,20,2,45.0,176,792.0,538.5600000000001,0.68
2021-09-15,1189833,3,20,2,42.0,232,974.4,613.8720000000001,0.63
2021-09-15,1189833,2,20,2,37.0,174,643.8,328.338,0.51
2021-09-15,1189833,6,20,2,34.0,145,493.0,207.06,0.42
2021-09-15,1189833,5,20,2,34.0,119,404.6,182.07,0.44999999999999996
2021-09-15,1189833,1,20,2,41.0,128,524.8,262.4,0.5
2021-09-15,1189833,4,20,2,48.0,173,830.4,539.76,0.65
2021-10-17,1189833,3,20,2,49.0,225,1102.5,672.525,0.61
2021-10-17,1189833,2,20,2,37.0,167,617.9,315.129,0.51
2021-10-17,1189833,6,20,2,37.0,123,455.1,204.795,0.44999999999999996
2021-10-17,1189833,5,20,2,38.0,116,440.8,220.4,0.5
2021-10-17,1189833,1,20,2,48.0,112,537.6,295.67999999999995,0.5499999999999999
2021-10-17,1189833,4,20,2,52.0,137,712.4,498.68,0.7000000000000001
2021-11-16,1189833,3,20,2,49.0,196,960.4,605.052,0.63
2021-11-16,1189833,2,20,2,42.0,145,609.0,334.94999999999993,0.5499999999999999
2021-11-16,1189833,6,20,2,43.0,120,516.0,232.19999999999996,0.44999999999999996
2021-11-16,1189833,5,20,2,41.0,138,565.8,277.242,0.49
2021-11-16,1189833,1,20,2,59.0,126,743.4,408.86999999999995,0.5499999999999999
2021-11-16,1189833,4,20,2,59.0,169,997.1,687.999,0.6900000000000001
2021-12-15,1189833,3,20,2,55.0,255,1402.5,855.525,0.61
2021-12-15,1189833,2,20,2,46.0,176,809.6,429.088,0.53
2021-08-08,1189833,1,8,2,52.0,133,691.6,318.13599999999997,0.45999999999999996
2021-08-08,1189833,4,8,2,54.0,196,1058.4,719.7120000000001,0.68
2021-09-05,1189833,3,8,2,50.0,176,880.0,440.0,0.5
2021-09-05,1189833,2,8,2,50.0,188,940.0,488.8,0.52
2021-09-05,1189833,6,8,2,56.0,182,1019.2,529.984,0.52
2021-09-05,1189833,5,8,2,55.0,116,638.0,401.94,0.63
2021-09-05,1189833,1,8,2,50.0,104,520.0,239.2,0.45999999999999996
2021-09-05,1189833,4,8,2,49.0,181,886.9,594.2230000000001,0.67
2021-10-04,1189833,3,8,2,36.0,167,601.2,306.61199999999997,0.51
2021-10-04,1189833,2,8,2,37.0,173,640.1,345.65400000000005,0.54
2021-10-04,1189833,6,8,2,41.0,131,537.1,273.921,0.51
2021-10-04,1189833,5,8,2,44.0,101,444.4,288.86,0.65
2021-10-04,1189833,1,8,2,32.0,91,291.2,139.776,0.48
2021-10-04,1189833,4,8,2,42.0,142,596.4,393.624,0.66
2021-11-05,1189833,3,8,2,33.0,182,600.6,330.33,0.5499999999999999
2021-11-05,1189833,2,8,2,32.0,189,604.8,314.496,0.52
2021-11-05,1189833,6,8,2,58.0,150,870.0,469.8,0.54
2021-11-05,1189833,5,8,2,54.0,122,658.8,401.868,0.61
2021-11-05,1189833,1,8,2,54.0,106,572.4,286.2,0.5
2021-11-05,1189833,4,8,2,63.0,163,1026.9,688.023,0.67
2021-12-25,1189833,6,2,2,59.0,130,767.0,375.83,0.49
2021-12-25,1189833,5,2,2,55.0,145,797.5,366.84999999999997,0.45999999999999996
2021-12-25,1189833,1,2,2,64.0,119,761.6,342.71999999999997,0.44999999999999996
2021-12-25,1189833,4,2,2,72.0,131,943.2,330.12,0.35
2021-01-13,1189833,3,2,2,29.0,131,379.9,193.749,0.51
2021-01-13,1189833,2,2,2,39.0,135,526.5,268.515,0.51
2021-01-13,1189833,6,2,2,38.0,126,478.8,215.45999999999998,0.44999999999999996
2021-01-13,1189833,5,2,2,39.0,75,292.5,146.25,0.5
2021-01-13,1189833,1,2,2,41.0,63,258.3,116.23499999999999,0.44999999999999996
2021-01-13,1189833,4,2,2,36.0,117,421.2,164.268,0.39
2021-02-13,1189833,3,2,2,29.0,145,420.5,222.865,0.53
2021-02-13,1189833,2,2,2,37.0,112,414.4,227.92000000000002,0.55
2021-02-13,1189833,6,2,2,37.0,104,384.8,192.4,0.5
2021-02-13,1189833,5,4,2,36.0,63,226.8,117.936,0.52
2021-02-13,1189833,1,4,2,41.0,51,209.1,100.368,0.48
2021-02-13,1189833,4,4,2,37.0,98,362.6,130.536,0.36
2021-03-12,1189833,3,4,2,37.0,137,506.9,253.45,0.5
2021-03-12,1189833,2,4,2,46.0,101,464.6,246.238,0.53
2021-03-12,1189833,6,4,2,49.0,113,553.7,271.313,0.49
2021-03-12,1189833,5,4,2,47.0,73,343.1,178.412,0.52
2021-03-12,1189833,1,4,2,51.0,39,198.9,93.48299999999999,0.47
2021-03-12,1189833,4,4,2,48.0,95,456.0,164.16,0.36
2021-04-13,1189833,3,4,2,45.0,142,639.0,325.89,0.51
2021-04-13,1189833,2,4,2,51.0,88,448.8,224.4,0.5
2021-04-13,1189833,6,4,2,50.0,94,470.0,235.0,0.5
2021-04-13,1189833,5,4,2,48.0,69,331.2,182.16000000000003,0.55
2021-04-13,1189833,1,4,2,52.0,53,275.6,132.28799999999998,0.48
2021-04-13,1189833,4,4,2,63.0,105,661.5,264.6,0.4
2021-05-14,1189833,3,4,2,47.0,160,752.0,406.08000000000004,0.54
2021-05-14,1189833,2,4,2,52.0,108,561.6,292.03200000000004,0.52
2021-05-14,1189833,6,4,2,52.0,123,639.6,319.8,0.5
2021-05-14,1189833,5,4,2,47.0,91,427.7,230.958,0.54
2021-05-14,1189833,1,4,2,50.0,56,280.0,134.4,0.48
2021-05-14,1189833,4,4,2,64.0,120,768.0,307.2,0.4
2021-06-13,1189833,3,4,2,46.0,176,809.6,429.088,0.53
2021-06-13,1189833,2,4,2,54.0,147,793.8,404.838,0.51
2021-06-13,1189833,6,4,2,52.0,142,738.4,354.43199999999996,0.48
2021-06-13,1189833,5,4,2,49.0,120,588.0,299.88,0.51
2021-06-13,1189833,1,4,2,51.0,72,367.2,176.256,0.48
2021-06-13,1189833,4,4,2,67.0,150,1005.0,351.75,0.35
2021-07-12,1189833,3,4,2,47.0,196,921.2,460.6,0.5
2021-07-12,1189833,2,4,2,51.0,173,882.3,449.97300000000007,0.51
2021-07-12,1189833,6,4,2,50.0,137,685.0,342.5,0.5
2021-07-12,1189833,5,4,2,46.0,128,588.8,300.288,0.51
2021-07-12,1189833,1,4,2,54.0,138,745.2,357.696,0.48
2021-07-12,1189833,4,4,2,67.0,143,958.1,364.07800000000003,0.38
2021-08-13,1189833,3,4,2,53.0,182,964.6,491.946,0.51
2021-08-13,1189833,2,4,2,58.0,175,1015.0,527.8,0.52
2021-08-13,1189833,6,4,2,54.0,150,810.0,372.59999999999997,0.45999999999999996
2021-08-13,1189833,5,4,2,53.0,113,598.9,311.428,0.52
2021-08-13,1189833,1,4,2,60.0,126,756.0,362.88,0.48
2021-08-13,1189833,4,4,2,68.0,119,809.2,283.21999999999997,0.35
2021-09-14,1189833,3,4,2,43.0,180,774.0,417.96000000000004,0.54
2021-09-14,1189833,2,4,2,47.0,156,733.2,403.26000000000005,0.55
2021-09-14,1189833,6,4,2,42.0,135,567.0,266.48999999999995,0.47
2021-09-14,1189833,5,4,2,43.0,120,516.0,278.64,0.54
2021-09-14,1189833,1,4,2,54.0,100,540.0,259.2,0.48
2021-09-14,1189833,4,4,2,59.0,131,772.9,309.16,0.4
2021-10-13,1189833,3,4,2,42.0,131,550.2,280.602,0.51
2021-10-13,1189833,2,4,2,47.0,142,667.4,347.048,0.52
2021-10-13,1189833,6,4,2,42.0,105,441.0,207.26999999999998,0.47
2021-10-13,1189833,5,4,2,44.0,88,387.2,193.6,0.5
2021-10-13,1189833,1,4,2,50.0,90,450.0,207.0,0.45999999999999996
2021-10-13,1189833,4,4,2,64.0,102,652.8,254.592,0.39
2021-11-13,1189833,3,4,2,51.0,137,698.7,356.337,0.51
2021-11-13,1189833,2,4,2,58.0,173,1003.4,541.836,0.54
2021-11-13,1189833,6,4,2,54.0,115,621.0,291.87,0.47
2021-11-13,1189833,5,4,2,51.0,116,591.6,307.632,0.52
2021-11-13,1189833,1,4,2,60.0,102,612.0,287.64,0.47
2021-11-13,1189833,4,4,2,65.0,124,806.0,282.1,0.35
2021-12-12,1189833,3,4,2,50.0,203,1015.0,558.25,0.55
2021-12-12,1189833,2,4,2,58.0,189,1096.2,580.9860000000001,0.53
2021-12-05,1189833,6,11,2,56.0,215,1204.0,421.4,0.35
2021-12-05,1189833,5,11,2,59.0,194,1144.6,515.0699999999999,0.44999999999999996
2021-12-05,1189833,1,11,2,66.0,225,1485.0,668.2499999999999,0.44999999999999996
2021-12-05,1189833,4,11,2,68.0,228,1550.4,930.24,0.6
2021-01-06,1189833,3,11,2,33.0,231,762.3,381.15,0.5
2021-01-06,1189833,2,11,2,34.0,181,615.4,307.7,0.5
2021-01-06,1189833,6,11,2,24.0,189,453.6,244.94400000000002,0.54
2021-01-06,1189833,5,11,2,29.0,173,501.7,275.93500000000006,0.55
2021-01-06,1189833,1,11,2,42.0,156,655.2,301.39199999999994,0.45999999999999996
2021-01-06,1189833,4,11,2,34.0,196,666.4,426.496,0.64
2021-02-04,1189833,3,11,2,34.0,263,894.2,447.1,0.5
2021-02-04,1189833,2,11,2,34.0,188,639.2,306.816,0.48
2021-02-04,1189833,6,11,2,23.0,169,388.7,213.78500000000003,0.55
2021-02-04,1189833,5,13,2,29.0,142,411.8,205.9,0.5
2021-02-04,1189833,1,13,2,44.0,180,792.0,396.0,0.5
2021-02-04,1189833,4,13,2,29.0,203,588.7,353.21999999999997,0.6
2021-03-02,1189833,3,13,2,28.0,276,772.8,417.312,0.54
2021-03-02,1189833,2,13,2,29.0,150,435.0,195.74999999999997,0.44999999999999996
2021-03-02,1189833,6,13,2,19.0,181,343.9,178.828,0.52
2021-03-02,1189833,5,13,2,25.0,124,310.0,167.4,0.54
2021-03-02,1189833,1,13,2,37.0,158,584.6,263.07,0.44999999999999996
2021-03-02,1189833,4,13,2,27.0,169,456.3,282.906,0.62
2021-04-03,1189833,3,13,2,27.0,263,710.1,383.45400000000006,0.54
2021-04-03,1189833,2,13,2,28.0,155,434.0,203.98,0.47
2021-04-03,1189833,6,13,2,20.0,144,288.0,158.40000000000003,0.55
2021-04-03,1189833,5,13,2,24.0,140,336.0,181.44,0.54
2021-04-03,1189833,1,13,2,42.0,131,550.2,275.1,0.5
2021-04-03,1189833,4,13,2,32.0,189,604.8,368.928,0.61
2021-05-02,1189833,3,13,2,41.0,246,1008.6,554.73,0.55
2021-05-02,1189833,2,13,2,42.0,182,764.4,351.62399999999997,0.45999999999999996
2021-05-02,1189833,6,13,2,37.0,169,625.3,331.409,0.53
2021-05-02,1189833,5,13,2,38.0,150,570.0,307.8,0.54
2021-05-02,1189833,1,13,2,46.0,150,690.0,338.1,0.49
2021-05-02,1189833,4,13,2,51.0,203,1035.3,641.886,0.62
2021-06-04,1189833,3,13,2,46.0,238,1094.8,602.1400000000001,0.55
2021-06-04,1189833,2,13,2,42.0,182,764.4,359.268,0.47
2021-06-04,1189833,6,13,2,47.0,169,794.3,428.922,0.54
2021-06-04,1189833,5,13,2,49.0,169,828.1,422.331,0.51
2021-06-04,1189833,1,13,2,61.0,163,994.3,487.207,0.49
2021-06-04,1189833,4,13,2,67.0,231,1547.7,928.6199999999999,0.6
2021-07-02,1189833,3,13,2,60.0,294,1764.0,882.0,0.5
2021-07-02,1189833,2,13,2,58.0,224,1299.2,649.6,0.5
2021-07-02,1189833,6,13,2,53.0,196,1038.8,571.34,0.55
2021-07-02,1189833,5,13,2,52.0,203,1055.6,538.356,0.51
2021-07-02,1189833,1,13,2,59.0,182,1073.8,526.162,0.49
2021-07-02,1189833,4,13,2,64.0,263,1683.2,1060.416,0.63
2021-08-03,1189833,3,13,2,61.0,308,1878.8,995.7640000000001,0.53
2021-08-03,1189833,2,13,2,58.0,200,1160.0,521.9999999999999,0.44999999999999996
2021-08-03,1189833,6,13,2,54.0,210,1134.0,601.0200000000001,0.53
2021-08-03,1189833,5,13,2,44.0,182,800.8,424.424,0.53
2021-08-03,1189833,1,13,2,53.0,176,932.8,447.74399999999997,0.48
2021-08-03,1189833,4,13,2,54.0,231,1247.4,798.336,0.64
2021-09-02,1189833,3,13,2,53.0,250,1325.0,689.0,0.52
2021-09-02,1189833,2,13,2,49.0,181,886.9,443.45,0.5
2021-09-02,1189833,6,13,2,28.0,175,490.0,249.9,0.51
2021-09-02,1189833,5,13,2,28.0,150,420.0,210.0,0.5
2021-09-02,1189833,1,13,2,38.0,156,592.8,272.688,0.45999999999999996
2021-09-02,1189833,4,13,2,41.0,203,832.3,507.703,0.61
2021-10-04,1189833,3,13,2,42.0,245,1029.0,555.6600000000001,0.54
2021-10-04,1189833,2,13,2,33.0,196,646.8,297.52799999999996,0.45999999999999996
2021-10-04,1189833,6,13,2,34.0,150,510.0,260.1,0.51
2021-10-04,1189833,5,13,2,34.0,160,544.0,293.76000000000005,0.54
2021-10-04,1189833,1,13,2,42.0,149,625.8,294.126,0.47
2021-10-04,1189833,4,13,2,48.0,176,844.8,532.2239999999999,0.63
2021-11-03,1189833,3,13,2,44.0,215,946.0,520.3,0.55
2021-11-03,1189833,2,13,2,32.0,195,624.0,293.28,0.47
2021-11-03,1189833,6,13,2,38.0,167,634.6,342.684,0.54
2021-11-03,1189833,5,13,2,55.0,163,896.5,457.215,0.51
2021-11-03,1189833,1,13,2,72.0,163,1173.6,575.0640000000001,0.49
2021-11-03,1189833,4,13,2,72.0,210,1512.0,967.6800000000001,0.64
2021-12-02,1189833,3,13,2,64.0,244,1561.6,796.4159999999999,0.51
2021-12-02,1189833,2,13,2,55.0,202,1111.0,499.94999999999993,0.44999999999999996
2021-10-18,1189833,4,26,2,33.0,124,409.2,261.88800000000003,0.64
2021-11-17,1189833,3,26,2,28.0,163,456.4,246.456,0.54
2021-11-17,1189833,2,26,2,18.0,117,210.6,94.77,0.44999999999999996
2021-11-17,1189833,6,26,2,28.0,111,310.8,167.83200000000002,0.54
2021-11-17,1189833,5,26,2,54.0,117,631.8,334.854,0.53
2021-11-17,1189833,1,26,2,71.0,123,873.3,392.98499999999996,0.44999999999999996
2021-11-17,1189833,4,26,2,68.0,158,1074.4,655.384,0.61
2021-12-16,1189833,3,26,2,68.0,194,1319.2,699.176,0.53
2021-12-16,1189833,2,26,2,58.0,155,899.0,440.51000000000005,0.49
2021-12-16,1189833,6,26,2,59.0,137,808.3,436.4820000000001,0.54
2021-12-16,1189833,5,26,2,56.0,133,744.8,387.296,0.52
2021-12-16,1189833,1,26,2,65.0,124,806.0,403.0,0.5
2021-12-16,1189833,4,26,2,71.0,144,1022.4,623.664,0.61
2021-01-23,1189833,3,26,2,24.0,176,422.4,215.42400000000004,0.51
2021-01-23,1189833,2,26,2,25.0,131,327.5,147.37499999999997,0.44999999999999996
2021-01-23,1189833,6,26,2,14.0,117,163.8,83.538,0.51
2021-01-23,1189833,5,26,2,19.0,78,148.2,78.546,0.53
2021-01-23,1189833,1,26,2,34.0,95,323.0,155.04,0.48
2021-01-23,1189833,4,26,2,23.0,122,280.6,145.912,0.52
2021-02-21,1189833,3,26,2,24.0,189,453.6,231.336,0.51
2021-02-21,1189833,2,26,2,24.0,105,252.0,113.4,0.44999999999999996
2021-02-21,1189833,6,26,2,14.0,120,168.0,84.0,0.5
2021-10-12,1189833,4,51,2,55.0,70,385.0,211.75,0.55
2021-11-12,1189833,3,51,2,53.0,104,551.2,270.088,0.49
2021-11-12,1189833,2,51,2,41.0,63,258.3,105.90299999999999,0.41
2021-11-12,1189833,6,51,2,43.0,57,245.1,107.84400000000001,0.44
2021-11-12,1189833,5,51,2,43.0,44,189.2,83.248,0.44
2021-11-12,1189833,1,51,2,59.0,45,265.5,122.13,0.45999999999999996
2021-11-12,1189833,4,51,2,61.0,65,396.5,198.25,0.5
2021-12-11,1189833,3,51,2,58.0,140,812.0,373.52,0.45999999999999996
2021-12-11,1189833,2,51,2,45.0,75,337.5,145.125,0.43
2021-12-11,1189833,6,51,2,45.0,73,328.5,137.97,0.42
2021-12-11,1189833,5,51,2,45.0,50,225.0,101.24999999999999,0.44999999999999996
2021-12-11,1189833,1,51,2,56.0,50,280.0,125.99999999999997,0.44999999999999996
2021-12-11,1189833,4,51,2,64.0,75,480.0,249.6,0.52
2021-01-09,1189833,3,51,2,33.0,128,422.4,190.07999999999998,0.44999999999999996
2021-01-09,1189833,2,51,2,32.0,74,236.8,104.19200000000001,0.44
2021-01-09,1189833,6,51,2,25.0,74,185.0,74.0,0.4
2021-01-09,1189833,5,51,2,28.0,33,92.4,41.58,0.44999999999999996
2021-01-09,1189833,1,51,2,43.0,49,210.7,103.24300000000001,0.49
2021-01-09,1189833,4,51,2,33.0,72,237.6,121.176,0.51
2021-02-09,1189833,3,51,2,34.0,152,516.8,232.56,0.44999999999999996
2021-02-09,1189833,2,51,2,34.0,51,173.4,74.562,0.43
2021-02-09,1189833,6,51,2,24.0,68,163.2,68.544,0.42
2021-02-09,1189833,5,21,2,29.0,30,87.0,39.14999999999999,0.44999999999999996
2021-02-09,1189833,1,21,2,42.0,51,214.2,104.958,0.49
2021-02-09,1189833,4,21,2,23.0,69,158.7,80.937,0.51
2021-03-08,1189833,3,21,2,29.0,134,388.6,182.642,0.47
2021-03-08,1189833,2,21,2,27.0,58,156.6,65.772,0.42
2021-03-08,1189833,6,21,2,19.0,56,106.4,44.688,0.42
2021-03-08,1189833,5,21,2,25.0,22,55.0,23.1,0.42
2021-03-08,1189833,1,21,2,36.0,36,129.6,64.8,0.5
2021-03-08,1189833,4,21,2,28.0,63,176.4,91.72800000000001,0.52
2021-04-09,1189833,3,21,2,28.0,113,316.4,155.036,0.49
2021-04-09,1189833,2,21,2,28.0,44,123.2,52.976,0.43
2021-04-09,1189833,6,21,2,19.0,41,77.9,32.718,0.42
2021-04-09,1189833,5,21,2,24.0,22,52.8,22.704,0.43
2021-04-09,1189833,1,21,2,58.0,30,174.0,83.52,0.48
2021-04-09,1189833,4,21,2,49.0,68,333.2,176.596,0.53
2021-05-10,1189833,3,21,2,55.0,129,709.5,340.56,0.48
2021-05-10,1189833,2,21,2,41.0,54,221.4,97.416,0.44
2021-05-10,1189833,6,21,2,37.0,51,188.7,81.14099999999999,0.43
2021-05-10,1189833,5,21,2,36.0,26,93.6,41.184,0.44
2021-05-10,1189833,1,21,2,46.0,31,142.6,68.44800000000001,0.48
2021-05-10,1189833,4,21,2,52.0,75,390.0,198.9,0.51
2021-06-09,1189833,3,21,2,36.0,125,450.0,202.49999999999997,0.44999999999999996
2021-06-09,1189833,2,21,2,32.0,65,208.0,89.44,0.43
2021-06-09,1189833,6,21,2,27.0,60,162.0,64.8,0.4
2021-06-09,1189833,5,21,2,29.0,51,147.9,62.117999999999995,0.42
2021-06-09,1189833,1,21,2,38.0,47,178.6,82.15599999999999,0.45999999999999996
2021-06-09,1189833,4,21,2,51.0,91,464.1,250.61400000000003,0.54
2021-07-08,1189833,3,21,2,48.0,160,768.0,376.32,0.49
2021-07-08,1189833,2,21,2,44.0,84,369.6,158.928,0.43
2021-07-08,1189833,6,21,2,37.0,59,218.3,87.32000000000001,0.4
2021-07-08,1189833,5,21,2,38.0,53,201.4,86.602,0.43
2021-07-08,1189833,1,21,2,49.0,60,294.0,135.23999999999998,0.45999999999999996
2021-07-08,1189833,4,21,2,54.0,98,529.2,285.76800000000003,0.54
2021-08-09,1189833,3,21,2,46.0,147,676.2,331.338,0.49
2021-08-09,1189833,2,21,2,42.0,90,378.0,151.2,0.4
2021-08-09,1189833,6,21,2,37.0,63,233.1,95.571,0.41
2021-08-09,1189833,5,21,2,38.0,52,197.6,81.01599999999999,0.41
2021-08-09,1189833,1,21,2,46.0,44,202.4,93.104,0.45999999999999996
2021-08-09,1189833,4,21,2,54.0,95,513.0,271.89,0.53
2021-09-10,1189833,3,21,2,36.0,133,478.8,239.4,0.5
2021-09-10,1189833,2,21,2,34.0,72,244.8,105.26399999999998,0.43
2021-09-10,1189833,6,21,2,27.0,51,137.7,60.588,0.44
2021-09-10,1189833,5,21,2,28.0,44,123.2,50.51199999999999,0.41
2021-09-10,1189833,1,21,2,36.0,42,151.2,74.088,0.49
2021-09-10,1189833,4,21,2,44.0,63,277.2,152.46,0.55
2021-10-09,1189833,3,21,2,49.0,116,568.4,267.148,0.47
2021-10-09,1189833,2,21,2,36.0,73,262.8,107.748,0.41
2021-10-09,1189833,6,21,2,39.0,39,152.1,66.924,0.44
2021-10-09,1189833,5,21,2,38.0,33,125.4,50.160000000000004,0.4
2021-10-09,1189833,1,21,2,45.0,34,153.0,71.91,0.47
2021-07-20,1189833,2,5,2,42.0,72,302.4,145.152,0.48
2021-07-20,1189833,6,5,2,37.0,60,222.0,108.78,0.49
2021-07-20,1189833,5,5,2,36.0,45,162.0,76.14,0.47
2021-07-20,1189833,1,5,2,46.0,51,234.6,105.56999999999998,0.44999999999999996
2021-07-20,1189833,4,5,2,54.0,102,550.8,231.336,0.42
2021-08-21,1189833,3,5,2,48.0,135,648.0,343.44,0.53
2021-08-21,1189833,2,5,2,41.0,83,340.3,170.15,0.5
2021-08-21,1189833,6,5,2,39.0,60,234.0,117.0,0.5
2021-08-21,1189833,5,5,2,37.0,44,162.8,74.888,0.45999999999999996
2021-08-21,1189833,1,5,2,47.0,38,178.6,80.36999999999999,0.44999999999999996
2021-08-21,1189833,4,5,2,53.0,81,429.3,184.599,0.43
2021-09-20,1189833,3,5,2,49.0,128,627.2,319.872,0.51
2021-09-20,1189833,2,5,2,44.0,63,277.2,124.73999999999998,0.44999999999999996
2021-09-20,1189833,6,5,2,38.0,36,136.8,68.4,0.5
2021-09-20,1189833,5,5,2,36.0,25,90.0,40.49999999999999,0.44999999999999996
2021-09-20,1189833,1,5,2,48.0,30,144.0,61.92,0.43
2021-09-20,1189833,4,5,2,54.0,50,270.0,108.0,0.4
2021-10-22,1189833,3,5,2,52.0,113,587.6,317.30400000000003,0.54
2021-10-22,1189833,2,5,2,48.0,58,278.4,128.064,0.45999999999999996
2021-10-22,1189833,6,5,2,49.0,25,122.5,56.35,0.45999999999999996
2021-10-08,1189833,4,38,2,62.0,68,421.6,223.448,0.53
2021-11-07,1189833,3,38,2,59.0,108,637.2,305.856,0.48
2021-11-07,1189833,2,38,2,46.0,80,368.0,180.32,0.49
2021-11-07,1189833,6,38,2,48.0,68,326.4,166.464,0.51
2021-11-07,1189833,5,38,2,49.0,65,318.5,175.175,0.55
2021-11-07,1189833,1,38,2,55.0,59,324.5,142.78,0.44
2021-11-07,1189833,4,38,2,59.0,91,536.9,284.557,0.53
2021-12-06,1189833,3,38,2,55.0,149,819.5,393.36,0.48
2021-12-06,1189833,2,38,2,49.0,105,514.5,246.95999999999998,0.48
2021-12-06,1189833,6,38,2,49.0,91,445.9,222.95,0.5
2021-12-06,1189833,5,38,2,47.0,83,390.1,198.951,0.51
2021-12-06,1189833,1,38,2,55.0,83,456.5,205.425,0.44999999999999996
2021-12-06,1189833,4,38,2,59.0,101,595.9,321.786,0.54
2021-01-07,1189833,3,38,2,38.0,125,475.0,242.25,0.51
2021-01-07,1189833,2,38,2,37.0,87,321.9,167.388,0.52
2021-01-07,1189833,6,38,2,28.0,90,252.0,100.8,0.4
2021-01-07,1189833,5,38,2,33.0,42,138.6,60.984,0.44
2021-01-07,1189833,1,38,2,49.0,60,294.0,120.53999999999999,0.41
2021-01-07,1189833,4,38,2,37.0,81,299.7,149.85,0.5
2021-02-05,1189833,3,38,2,39.0,149,581.1,290.55,0.5
2021-02-05,1189833,2,38,2,37.0,54,199.8,99.9,0.5
2021-02-05,1189833,6,38,2,29.0,65,188.5,84.82499999999999,0.44999999999999996
2021-02-05,1189833,5,22,2,32.0,34,108.8,47.872,0.44
2021-02-05,1189833,1,22,2,49.0,60,294.0,129.35999999999999,0.44
2021-02-05,1189833,4,22,2,39.0,84,327.6,147.42,0.44999999999999996
2021-03-03,1189833,3,22,2,39.0,130,507.0,253.5,0.5
2021-03-03,1189833,2,22,2,38.0,56,212.8,114.912,0.54
2021-03-03,1189833,6,22,2,29.0,68,197.2,88.73999999999998,0.44999999999999996
2021-03-03,1189833,5,22,2,32.0,30,96.0,40.32,0.42
2021-03-03,1189833,1,22,2,48.0,39,187.2,74.88000000000001,0.4
2021-03-03,1189833,4,22,2,38.0,73,277.4,135.926,0.49
2021-04-04,1189833,3,22,2,36.0,150,540.0,270.0,0.5
2021-04-04,1189833,2,22,2,38.0,58,220.4,121.22,0.55
2021-04-04,1189833,6,22,2,29.0,56,162.4,69.832,0.43
2021-04-04,1189833,5,22,2,32.0,38,121.6,54.71999999999999,0.44999999999999996
2021-04-04,1189833,1,22,2,46.0,35,161.0,72.44999999999999,0.44999999999999996
2021-04-04,1189833,4,22,2,36.0,69,248.4,124.2,0.5
2021-05-03,1189833,3,22,2,54.0,142,766.8,391.06800000000004,0.51
2021-05-03,1189833,2,22,2,48.0,73,350.4,185.71200000000002,0.53
2021-05-03,1189833,6,22,2,43.0,74,318.2,127.28000000000002,0.4
2021-05-03,1189833,5,22,2,44.0,63,277.2,113.652,0.41
2021-05-03,1189833,1,22,2,50.0,70,350.0,154.0,0.44
2021-05-03,1189833,4,22,2,55.0,113,621.5,304.53499999999997,0.49
2021-06-05,1189833,3,22,2,50.0,175,875.0,481.25,0.55
2021-06-05,1189833,2,22,2,48.0,94,451.2,225.6,0.5
2021-06-05,1189833,6,22,2,42.0,87,365.4,164.42999999999998,0.44999999999999996
2021-06-05,1189833,5,22,2,42.0,80,336.0,141.12,0.42
2021-06-05,1189833,1,22,2,53.0,74,392.2,172.568,0.44
2021-06-05,1189833,4,22,2,56.0,123,688.8,337.512,0.49
2021-07-03,1189833,3,22,2,54.0,189,1020.6,551.124,0.54
2021-07-03,1189833,2,22,2,48.0,112,537.6,284.928,0.53
2021-07-03,1189833,6,22,2,44.0,81,356.4,156.816,0.44
2021-07-03,1189833,5,22,2,42.0,80,336.0,147.84,0.44
2021-07-03,1189833,1,22,2,53.0,81,429.3,188.892,0.44
2021-07-03,1189833,4,22,2,56.0,143,800.8,384.38399999999996,0.48
2021-08-04,1189833,3,22,2,51.0,163,831.3,457.21500000000003,0.55
2021-08-04,1189833,2,22,2,48.0,108,518.4,285.12,0.55
2021-08-04,1189833,6,22,2,41.0,85,348.5,146.37,0.42
2021-08-04,1189833,5,22,2,41.0,68,278.8,114.30799999999999,0.41
2021-08-04,1189833,1,22,2,51.0,52,265.2,116.68800000000002,0.44
2021-08-04,1189833,4,22,2,55.0,105,577.5,288.75,0.5
2021-09-03,1189833,3,22,2,52.0,125,650.0,351.00000000000006,0.54
2021-09-03,1189833,2,22,2,47.0,75,352.5,183.3,0.52
2021-09-03,1189833,6,22,2,41.0,60,246.0,108.24000000000001,0.44
2021-09-03,1189833,5,22,2,41.0,46,188.6,84.86999999999999,0.44999999999999996
2021-09-03,1189833,1,22,2,50.0,51,255.0,107.1,0.42
2021-09-03,1189833,4,22,2,54.0,83,448.2,219.618,0.49
2021-10-05,1189833,3,22,2,59.0,113,666.7,366.68500000000006,0.55
2021-10-05,1189833,2,22,2,52.0,72,374.4,187.2,0.5
2021-10-05,1189833,6,22,2,53.0,49,259.7,111.671,0.43
2021-10-05,1189833,5,22,2,50.0,38,190.0,76.0,0.4
2021-10-05,1189833,1,22,2,64.0,42,268.8,112.896,0.42
2021-10-08,1189833,4,46,2,64.0,58,371.2,189.312,0.51
2021-11-07,1189833,3,46,2,55.0,95,522.5,256.025,0.49
2021-11-07,1189833,2,46,2,46.0,63,289.8,130.41,0.44999999999999996
2021-11-07,1189833,6,46,2,48.0,64,307.2,165.888,0.54
2021-11-07,1189833,5,46,2,48.0,58,278.4,153.12,0.55
2021-11-07,1189833,1,46,2,58.0,44,255.2,112.28800000000001,0.44
2021-11-07,1189833,4,46,2,60.0,77,462.0,240.24,0.52
2021-12-06,1189833,3,46,2,54.0,135,729.0,364.5,0.5
2021-12-06,1189833,2,46,2,45.0,78,351.0,168.48,0.48
2021-12-06,1189833,6,46,2,47.0,74,347.8,177.378,0.51
2021-12-06,1189833,5,46,2,48.0,65,312.0,156.0,0.5
2021-12-06,1189833,1,46,2,56.0,68,380.8,163.744,0.43
2021-12-06,1189833,4,46,2,60.0,85,510.0,280.5,0.55
2021-01-17,1189833,3,46,2,38.0,126,478.8,205.88400000000001,0.43
2021-01-17,1189833,2,46,2,38.0,68,258.4,113.696,0.44
2021-01-17,1189833,6,46,2,27.0,73,197.1,70.95599999999999,0.36
2021-01-17,1189833,5,46,2,34.0,26,88.4,33.592,0.38
2021-01-17,1189833,1,46,2,48.0,41,196.8,76.752,0.39
2021-01-17,1189833,4,46,2,38.0,70,266.0,109.05999999999999,0.41
2021-02-15,1189833,3,46,2,36.0,140,504.0,206.64000000000001,0.41
2021-02-15,1189833,2,46,2,38.0,41,155.8,65.436,0.42
2021-02-15,1189833,6,46,2,29.0,60,174.0,66.12,0.38
2021-02-15,1189833,5,9,2,32.0,68,217.6,82.688,0.38
2021-02-15,1189833,1,9,2,48.0,41,196.8,74.784,0.38
2021-02-15,1189833,4,9,2,38.0,75,285.0,125.4,0.44
2021-03-13,1189833,3,9,2,38.0,127,482.6,212.344,0.44
2021-03-13,1189833,2,9,2,38.0,47,178.6,80.36999999999999,0.44999999999999996
2021-03-13,1189833,6,9,2,28.0,50,140.0,54.6,0.39
2021-03-13,1189833,5,9,2,34.0,87,295.8,106.48799999999999,0.36
2021-03-13,1189833,1,9,2,46.0,29,133.4,52.025999999999996,0.39
2021-03-13,1189833,4,9,2,39.0,54,210.6,86.34599999999999,0.41
2021-04-14,1189833,3,9,2,38.0,117,444.6,200.07,0.44999999999999996
2021-04-14,1189833,2,9,2,37.0,45,166.5,73.26,0.44
2021-04-14,1189833,6,9,2,29.0,41,118.9,41.614999999999995,0.35
2021-04-14,1189833,5,9,2,32.0,35,112.0,43.68,0.39
2021-04-14,1189833,1,9,2,49.0,33,161.7,61.446000000000005,0.38
2021-04-14,1189833,4,9,2,39.0,83,323.7,142.428,0.44
2021-05-13,1189833,3,9,2,53.0,129,683.7,293.991,0.43
2021-05-13,1189833,2,9,2,47.0,54,253.8,109.13399999999999,0.43
2021-05-13,1189833,6,9,2,41.0,56,229.6,91.84,0.4
2021-05-13,1189833,5,9,2,44.0,47,206.8,80.652,0.39
2021-05-13,1189833,1,9,2,50.0,54,270.0,102.6,0.38
2021-05-13,1189833,4,9,2,55.0,88,484.0,198.44,0.41
2021-06-15,1189833,3,9,2,51.0,155,790.5,332.01,0.42
2021-06-15,1189833,2,9,2,47.0,94,441.8,185.55599999999998,0.42
2021-06-15,1189833,6,9,2,42.0,68,285.6,102.81599999999999,0.36
2021-06-15,1189833,5,9,2,41.0,65,266.5,93.27499999999999,0.35
2021-06-15,1189833,1,9,2,51.0,59,300.9,114.34200000000001,0.38
2021-06-15,1189833,4,9,2,54.0,101,545.4,218.16,0.4
2021-07-13,1189833,3,9,2,52.0,150,780.0,327.6,0.42
2021-07-13,1189833,2,9,2,49.0,105,514.5,221.23499999999999,0.43
2021-07-13,1189833,6,9,2,41.0,77,315.7,116.809,0.37
2021-07-13,1189833,5,9,2,44.0,56,246.4,88.704,0.36
2021-07-13,1189833,1,9,2,53.0,68,360.4,140.55599999999998,0.39
2021-07-13,1189833,4,9,2,55.0,128,704.0,295.67999999999995,0.42
2021-08-14,1189833,3,9,2,50.0,161,805.0,354.2,0.44
2021-08-14,1189833,2,9,2,47.0,88,413.6,169.576,0.41
2021-08-14,1189833,6,9,2,42.0,69,289.8,101.42999999999999,0.35
2021-08-14,1189833,5,9,2,42.0,51,214.2,77.112,0.36
2021-08-14,1189833,1,9,2,50.0,44,220.0,81.4,0.37
2021-08-14,1189833,4,9,2,58.0,91,527.8,237.51,0.44999999999999996
2021-09-13,1189833,3,9,2,53.0,135,715.5,300.51,0.42
2021-09-13,1189833,2,9,2,49.0,63,308.7,123.48000000000002,0.4
2021-09-13,1189833,6,9,2,41.0,39,159.9,59.163,0.37
2021-09-13,1189833,5,9,2,42.0,36,151.2,60.480000000000004,0.4
2021-09-13,1189833,1,9,2,52.0,34,176.8,63.648,0.36
2021-09-13,1189833,4,9,2,57.0,63,359.1,161.59499999999997,0.44999999999999996
2021-10-15,1189833,3,9,2,57.0,120,684.0,307.79999999999995,0.44999999999999996
2021-10-15,1189833,2,9,2,53.0,56,296.8,133.56,0.44999999999999996
2021-10-15,1189833,6,9,2,53.0,34,180.2,63.06999999999999,0.35
2021-10-15,1189833,5,9,2,54.0,27,145.8,55.403999999999996,0.38
2021-10-15,1189833,1,9,2,62.0,27,167.4,58.589999999999996,0.35
2020-07-19,1189833,3,37,3,20.0,270,540.0,210.59999999999997,0.38999999999999996
2020-07-20,1189833,2,37,3,26.0,270,702.0,259.74,0.37
2020-07-21,1189833,6,37,3,27.0,238,642.6,250.61399999999998,0.38999999999999996
2020-07-22,1189833,5,37,3,27.0,210,567.0,294.84000000000003,0.52
2020-07-23,1189833,1,24,3,26.0,176,457.6,155.584,0.33999999999999997
2020-07-24,1189833,4,24,3,25.0,224,560.0,313.6,0.56
2020-07-25,1189833,3,24,3,20.0,255,510.0,209.1,0.41
2020-07-26,1189833,2,24,3,23.0,289,664.7,279.174,0.42
2020-07-27,1189833,6,24,3,27.0,236,637.2,261.252,0.41
2020-07-28,1189833,5,24,3,26.0,213,553.8,276.9,0.5
2020-07-29,1189833,1,24,3,28.0,160,448.0,147.83999999999997,0.32999999999999996
2020-07-30,1189833,4,24,3,26.0,231,600.6,330.33000000000004,0.55
2020-07-31,1189833,3,24,3,20.0,306,612.0,257.04,0.42
2020-08-01,1189833,2,24,3,30.0,263,789.0,307.7099999999999,0.38999999999999996
2020-08-02,1189833,6,24,3,23.0,224,515.2,216.38400000000001,0.42
2020-08-03,1189833,5,24,3,30.0,204,612.0,293.76,0.48
2020-08-04,1189833,1,24,3,35.0,155,542.5,173.6,0.32
2020-08-05,1189833,4,24,3,29.0,228,661.2,363.66,0.55
2020-08-06,1189833,3,24,3,23.0,306,703.8,260.406,0.37
2020-08-07,1189833,2,24,3,29.0,306,887.4,363.83399999999995,0.41
2020-08-08,1189833,6,24,3,24.0,232,556.8,206.016,0.37
2020-08-09,1189833,5,24,3,28.0,213,596.4,286.272,0.48
2021-08-15,1189833,1,17,3,26.0,113,293.8,79.32600000000001,0.27
2021-08-16,1189833,4,17,3,24.0,163,391.2,187.776,0.48
2021-08-17,1189833,3,17,3,19.0,230,437.0,139.84,0.32
2021-08-18,1189833,2,17,3,23.0,215,494.5,178.02,0.36
2021-08-19,1189833,6,17,3,27.0,143,386.1,135.135,0.35
2021-08-20,1189833,5,17,3,28.0,136,380.8,171.36,0.45
2021-08-21,1189833,1,17,3,26.0,93,241.8,77.376,0.32
2021-08-22,1189833,4,17,3,26.0,155,403.0,205.53000000000003,0.51
2021-08-23,1189833,3,17,3,21.0,203,426.3,166.25699999999998,0.38999999999999996
2021-08-24,1189833,2,17,3,31.0,236,731.6,292.64,0.39999999999999997
2021-08-25,1189833,6,17,3,20.0,155,310.0,117.8,0.38
2021-08-26,1189833,5,17,3,26.0,140,364.0,171.08,0.47000000000000003
2021-08-27,1189833,1,17,3,29.0,96,278.4,103.008,0.37
2021-08-28,1189833,4,17,3,27.0,153,413.1,223.074,0.54
2021-08-29,1189833,3,17,3,13.0,231,300.3,120.11999999999998,0.39999999999999997
2021-08-30,1189833,2,17,3,21.0,210,441.0,176.39999999999998,0.39999999999999997
2021-08-31,1189833,6,17,3,20.0,179,358.0,139.61999999999998,0.38999999999999996
2021-09-01,1189833,5,17,3,20.0,149,298.0,146.02,0.49
2021-09-02,1189833,1,17,3,26.0,107,278.2,100.152,0.36
2021-09-03,1189833,4,17,3,22.0,210,462.0,263.34000000000003,0.5700000000000001
2021-09-04,1189833,3,17,3,13.0,233,302.9,115.102,0.38
2021-09-05,1189833,2,17,3,22.0,248,545.6,229.152,0.42
2021-09-06,1189833,6,17,3,19.0,200,380.0,151.99999999999997,0.39999999999999997
2021-09-07,1189833,5,17,3,27.0,182,491.4,240.786,0.49
2021-09-08,1189833,1,17,3,38.0,153,581.4,209.304,0.36
2021-09-09,1189833,4,17,3,34.0,264,897.6,466.75200000000007,0.52
2021-09-10,1189833,3,17,3,30.0,256,768.0,284.15999999999997,0.37
2021-09-11,1189833,2,17,3,40.0,280,1120.0,459.2,0.41
2021-09-12,1189833,6,17,3,30.0,215,645.0,251.54999999999995,0.38999999999999996
2021-09-13,1189833,5,17,3,29.0,192,556.8,272.832,0.49
2021-09-14,1189833,1,17,3,40.0,150,600.0,222.0,0.37
2021-09-15,1189833,4,17,3,42.0,280,1176.0,646.8000000000001,0.55
2021-09-16,1189833,3,17,3,34.0,256,870.4,365.568,0.42
2021-09-17,1189833,2,17,3,34.0,264,897.6,376.992,0.42
2021-09-18,1189833,6,17,3,33.0,322,1062.6,446.29200000000003,0.42
2021-09-19,1189833,5,17,3,32.0,201,643.2,353.76000000000005,0.55
2021-09-20,1189833,1,17,3,39.0,184,717.6,272.688,0.38
2021-09-21,1189833,4,17,3,47.0,272,1278.4,728.6880000000001,0.5700000000000001
2021-09-22,1189833,3,17,3,34.0,248,843.2,362.5759999999999,0.42999999999999994
2021-09-23,1189833,2,17,3,43.0,256,1100.8,506.36799999999994,0.45999999999999996
2021-09-24,1189833,6,17,3,35.0,332,1162.0,546.14,0.47
2021-09-25,1189833,5,17,3,38.0,158,600.4,324.216,0.54
2021-09-26,1189833,1,17,3,43.0,158,679.4,278.554,0.41
2021-09-27,1189833,4,17,3,43.0,240,1032.0,619.2,0.6000000000000001
2021-09-28,1189833,3,17,3,38.0,232,881.6,405.53599999999994,0.45999999999999996
2021-09-29,1189833,2,17,3,38.0,203,771.4,362.558,0.47
2021-09-30,1189833,6,17,3,47.0,254,1193.8,537.2099999999999,0.44999999999999996
2021-10-01,1189833,5,17,3,41.0,135,553.5,304.42500000000007,0.55
2021-10-02,1189833,1,17,3,37.0,149,551.3,220.51999999999998,0.39999999999999997
2021-10-03,1189833,4,17,3,33.0,236,778.8,459.4920000000001,0.5900000000000001
2021-10-04,1189833,3,17,3,30.0,213,639.0,281.15999999999997,0.43999999999999995
2021-10-05,1189833,2,17,3,29.0,219,635.1,298.49699999999996,0.47
2021-10-06,1189833,6,17,3,32.0,190,608.0,267.52,0.43999999999999995
2021-10-07,1189833,5,17,3,30.0,145,435.0,234.9,0.54
2021-10-08,1189833,1,17,3,30.0,128,384.0,153.59999999999997,0.39999999999999997
2021-10-09,1189833,4,17,3,39.0,190,741.0,429.78000000000003,0.5800000000000001
2021-10-10,1189833,3,17,3,31.0,225,697.5,299.92499999999995,0.42999999999999994
2021-10-11,1189833,2,17,3,27.0,218,588.6,264.87,0.44999999999999996
2021-10-12,1189833,6,17,3,51.0,228,1162.8,511.63199999999995,0.43999999999999995
2021-10-13,1189833,5,17,3,50.0,160,800.0,416.0,0.52
2021-10-14,1189833,1,17,3,46.0,162,745.2,290.628,0.38999999999999996
2021-10-15,1189833,4,17,3,51.0,236,1203.6,734.1960000000001,0.6100000000000001
2021-10-16,1189833,3,17,3,46.0,281,1292.6,607.5219999999999,0.47
2021-10-17,1189833,2,17,3,39.0,248,967.2,406.224,0.42
2021-10-18,1189833,6,17,3,46.0,239,1099.4,483.736,0.43999999999999995
2021-10-19,1189833,5,17,3,44.0,190,836.0,468.16,0.56
2021-10-20,1189833,1,17,3,47.0,168,789.6,292.152,0.37
2021-10-21,1189833,4,17,3,54.0,256,1382.4,829.4400000000002,0.6000000000000001
2021-03-14,1189833,1,27,3,30.0,123,369.0,125.46,0.33999999999999997
2021-03-15,1189833,4,27,3,24.0,170,408.0,216.24,0.53
2021-03-16,1189833,3,27,3,18.0,202,363.6,134.53199999999998,0.37
2021-03-17,1189833,2,27,3,23.0,219,503.7,196.44299999999998,0.38999999999999996
2021-03-18,1189833,6,27,3,23.0,140,322.0,125.58,0.38999999999999996
2021-03-19,1189833,5,27,3,28.0,128,358.4,175.61599999999999,0.49
2021-03-20,1189833,1,27,3,29.0,94,272.6,87.232,0.32
2021-03-21,1189833,4,27,3,28.0,143,400.4,224.22400000000002,0.56
2021-03-22,1189833,3,27,3,20.0,221,442.0,190.05999999999997,0.42999999999999994
2021-03-23,1189833,2,27,3,31.0,195,604.5,284.11499999999995,0.47
2021-03-24,1189833,6,27,3,22.0,166,365.2,157.03599999999997,0.42999999999999994
2021-03-25,1189833,5,27,3,25.0,124,310.0,173.60000000000002,0.56
2021-03-26,1189833,1,27,3,27.0,88,237.6,97.416,0.41
2021-03-27,1189833,4,27,3,25.0,145,362.5,221.12500000000006,0.6100000000000001
2021-03-28,1189833,3,27,3,13.0,203,263.9,118.755,0.44999999999999996
2021-03-29,1189833,2,27,3,17.0,203,345.1,144.94199999999998,0.42
2021-03-30,1189833,6,27,3,15.0,170,255.0,112.19999999999997,0.43999999999999995
2021-03-31,1189833,5,27,3,20.0,128,256.0,143.36,0.56
2021-04-01,1189833,1,27,3,20.0,105,210.0,79.8,0.38
2021-04-02,1189833,4,27,3,18.0,196,352.8,215.20800000000003,0.6100000000000001
2021-04-03,1189833,3,27,3,12.0,247,296.4,133.38,0.44999999999999996
2021-04-04,1189833,2,27,3,20.0,240,480.0,211.19999999999996,0.43999999999999995
2021-04-05,1189833,6,27,3,14.0,204,285.6,131.376,0.45999999999999996
2021-04-06,1189833,5,27,3,20.0,179,358.0,193.32,0.54
2021-04-07,1189833,1,27,3,33.0,132,435.6,178.59599999999998,0.41
2021-04-08,1189833,4,27,3,31.0,271,840.1,495.6590000000001,0.5900000000000001
2021-04-09,1189833,3,27,3,28.0,256,716.8,336.896,0.47
2021-04-10,1189833,2,27,3,32.0,240,768.0,360.96,0.47
2021-04-11,1189833,6,27,3,26.0,202,525.2,231.08799999999997,0.43999999999999995
2021-04-12,1189833,5,27,3,29.0,198,574.2,321.552,0.56
2021-04-13,1189833,1,27,3,30.0,150,450.0,175.49999999999997,0.38999999999999996
2021-04-14,1189833,4,27,3,37.0,306,1132.2,667.998,0.5900000000000001
2021-04-15,1189833,3,27,3,29.0,272,788.8,394.4,0.49999999999999994
2021-04-16,1189833,2,27,3,30.0,264,792.0,395.99999999999994,0.49999999999999994
2021-04-17,1189833,6,27,3,30.0,322,966.0,482.9999999999999,0.49999999999999994
2021-04-18,1189833,5,27,3,32.0,196,627.2,382.59200000000004,0.6100000000000001
2021-04-19,1189833,1,27,3,33.0,182,600.6,270.27,0.44999999999999996
2021-04-20,1189833,4,27,3,38.0,272,1033.6,640.8320000000001,0.6200000000000001
2021-04-21,1189833,3,27,3,29.0,233,675.7,344.607,0.51
2021-04-22,1189833,2,27,3,44.0,271,1192.4,608.124,0.51
2021-04-23,1189833,6,27,3,39.0,314,1224.6,575.562,0.47
2021-04-24,1189833,5,27,3,32.0,162,518.4,305.85600000000005,0.5900000000000001
2021-04-25,1189833,1,27,3,35.0,143,500.5,225.225,0.44999999999999996
2021-04-26,1189833,4,27,3,40.0,232,928.0,621.7600000000001,0.6700000000000002
2021-04-27,1189833,3,27,3,40.0,209,836.0,417.9999999999999,0.49999999999999994
2021-04-28,1189833,2,27,3,33.0,213,702.9,330.36299999999994,0.47
2021-04-29,1189833,6,27,3,40.0,203,812.0,414.12,0.51
2021-04-30,1189833,5,27,3,40.0,136,544.0,310.08000000000004,0.5700000000000001
2021-05-01,1189833,1,27,3,39.0,120,468.0,201.23999999999995,0.42999999999999994
2021-05-02,1189833,4,27,3,30.0,219,657.0,407.34000000000003,0.6200000000000001
2021-05-03,1189833,3,27,3,28.0,201,562.8,292.656,0.52
2021-05-04,1189833,2,27,3,25.0,178,445.0,213.6,0.48
2021-05-05,1189833,6,27,3,27.0,163,440.1,211.248,0.48
2021-05-06,1189833,5,27,3,30.0,131,393.0,235.80000000000004,0.6000000000000001
2021-05-07,1189833,1,27,3,28.0,109,305.2,134.28799999999998,0.43999999999999995
2021-05-08,1189833,4,27,3,29.0,179,519.1,347.7970000000001,0.6700000000000002
2021-05-09,1189833,3,27,3,24.0,203,487.2,233.856,0.48
2021-05-10,1189833,2,27,3,21.0,223,468.3,229.46699999999996,0.48999999999999994
2021-05-11,1189833,6,27,3,37.0,204,754.8,354.756,0.47
2021-05-12,1189833,5,27,3,38.0,157,596.6,369.89200000000005,0.6200000000000001
2021-05-13,1189833,1,27,3,43.0,140,602.0,276.91999999999996,0.45999999999999996
2021-05-14,1189833,4,27,3,43.0,202,868.6,573.2760000000001,0.6600000000000001
2021-05-15,1189833,3,27,3,39.0,248,967.2,464.256,0.48
2021-05-16,1189833,2,27,3,37.0,264,976.8,478.63199999999995,0.48999999999999994
2021-05-17,1189833,6,27,3,44.0,210,924.0,471.23999999999995,0.51
2021-05-18,1189833,5,27,3,44.0,176,774.4,464.64000000000004,0.6000000000000001
2021-05-19,1189833,1,27,3,38.0,160,608.0,285.76,0.47
2021-05-20,1189833,4,27,3,49.0,225,1102.5,694.575,0.6300000000000001
2021-08-05,1189833,1,7,3,31.0,114,353.4,144.89399999999998,0.41
2021-08-06,1189833,4,7,3,24.0,152,364.8,215.23200000000003,0.5900000000000001
2021-08-07,1189833,3,7,3,16.0,206,329.6,154.91199999999998,0.47
2021-08-08,1189833,2,7,3,26.0,192,499.2,209.664,0.42
2021-08-09,1189833,6,7,3,26.0,136,353.6,155.584,0.43999999999999995
2021-08-10,1189833,5,7,3,24.0,113,271.2,146.448,0.54
2021-08-11,1189833,1,7,3,29.0,85,246.5,96.13499999999999,0.38999999999999996
2021-08-12,1189833,4,7,3,27.0,144,388.8,221.61600000000004,0.5700000000000001
2021-08-13,1189833,3,7,3,23.0,194,446.2,218.63799999999998,0.48999999999999994
2021-08-14,1189833,2,7,3,32.0,194,620.8,291.77599999999995,0.47
2021-08-15,1189833,6,7,3,20.0,144,288.0,146.88,0.51
2021-08-16,1189833,5,7,3,23.0,116,266.8,162.74800000000002,0.6100000000000001
2021-08-17,1189833,1,7,3,28.0,88,246.4,113.34399999999998,0.45999999999999996
2021-08-18,1189833,4,7,3,26.0,120,312.0,205.92000000000002,0.6600000000000001
2021-08-19,1189833,3,7,3,15.0,215,322.5,167.7,0.52
2021-08-20,1189833,2,7,3,16.0,202,323.2,151.904,0.47
2021-08-21,1189833,6,7,3,11.0,152,167.2,78.58399999999999,0.47
2021-08-22,1189833,5,7,3,15.0,116,174.0,104.40000000000002,0.6000000000000001
2021-08-23,1189833,1,7,3,19.0,88,167.2,70.224,0.42
2021-08-24,1189833,4,7,3,14.0,165,231.0,154.77000000000004,0.6700000000000002
2021-08-25,1189833,3,7,3,7.0,224,156.8,73.696,0.47
2021-08-26,1189833,2,7,3,16.0,218,348.8,170.91199999999998,0.48999999999999994
2021-08-27,1189833,6,7,3,11.0,190,209.0,108.67999999999999,0.52
2021-08-28,1189833,5,7,3,26.0,165,429.0,261.69000000000005,0.6100000000000001
2021-08-29,1189833,1,7,3,39.0,132,514.8,216.21599999999998,0.42
2021-08-30,1189833,4,7,3,36.0,263,946.8,624.8880000000001,0.6600000000000001
2021-08-31,1189833,3,7,3,30.0,225,675.0,324.0,0.48
2021-09-01,1189833,2,7,3,35.0,233,815.5,383.28499999999997,0.47
2021-09-02,1189833,6,7,3,35.0,228,798.0,406.98,0.51
2021-09-03,1189833,5,7,3,31.0,210,651.0,390.6,0.6000000000000001
2021-09-04,1189833,1,7,3,38.0,165,627.0,294.68999999999994,0.47
2021-09-05,1189833,4,7,3,36.0,280,1008.0,645.1200000000001,0.6400000000000001
2021-09-06,1189833,3,7,3,31.0,256,793.6,420.6079999999999,0.5299999999999999
2021-09-07,1189833,2,7,3,37.0,264,976.8,537.24,0.5499999999999999
2021-09-08,1189833,6,7,3,31.0,322,998.2,558.992,0.5599999999999999
2021-09-09,1189833,5,7,3,36.0,196,705.6,472.7520000000001,0.6700000000000002
2021-09-10,1189833,1,7,3,35.0,179,626.5,325.78000000000003,0.52
2021-09-11,1189833,4,7,3,47.0,280,1316.0,921.2000000000002,0.7000000000000002
2021-09-12,1189833,3,7,3,27.0,233,629.1,346.005,0.5499999999999999
2021-09-13,1189833,2,7,3,39.0,233,908.7,490.698,0.5399999999999999
2021-09-14,1189833,6,7,3,36.0,278,1000.8,530.4239999999999,0.5299999999999999
2021-09-15,1189833,5,7,3,37.0,140,518.0,331.5200000000001,0.6400000000000001
2021-09-16,1189833,1,7,3,42.0,140,588.0,293.99999999999994,0.49999999999999994
2021-09-17,1189833,4,7,3,39.0,203,791.7,562.1070000000002,0.7100000000000002
2021-09-18,1189833,3,7,3,38.0,206,782.8,430.53999999999996,0.5499999999999999
2021-09-19,1189833,2,7,3,36.0,173,622.8,342.53999999999996,0.5499999999999999
2021-09-20,1189833,6,7,3,47.0,213,1001.1,560.616,0.5599999999999999
2021-09-21,1189833,5,7,3,44.0,105,462.0,304.9200000000001,0.6600000000000001
2021-09-22,1189833,1,7,3,35.0,116,406.0,194.88,0.48
2021-09-23,1189833,4,7,3,26.0,190,494.0,355.6800000000001,0.7200000000000002
2021-09-24,1189833,3,7,3,20.0,184,368.0,191.35999999999996,0.5199999999999999
2021-09-25,1189833,2,7,3,23.0,173,397.9,218.84499999999997,0.5499999999999999
2021-09-26,1189833,6,7,3,24.0,166,398.4,215.13599999999997,0.5399999999999999
2021-09-27,1189833,5,7,3,26.0,98,254.8,170.71600000000004,0.6700000000000002
2021-09-28,1189833,1,7,3,22.0,105,231.0,113.18999999999998,0.48999999999999994
2021-09-29,1189833,4,7,3,26.0,147,382.2,275.1840000000001,0.7200000000000002
2021-09-30,1189833,3,7,3,14.0,188,263.2,150.02399999999997,0.57
2021-10-01,1189833,2,7,3,14.0,200,280.0,145.59999999999997,0.5199999999999999
2021-10-02,1189833,6,7,3,33.0,196,646.8,355.73999999999995,0.5499999999999999
2021-10-03,1189833,5,7,3,36.0,135,486.0,325.62000000000006,0.6700000000000002
2021-10-04,1189833,1,7,3,37.0,149,551.3,264.62399999999997,0.48
2021-10-05,1189833,4,7,3,45.0,188,846.0,583.7400000000001,0.6900000000000002
2021-10-06,1189833,3,7,3,46.0,240,1104.0,618.24,0.5599999999999999
2021-10-07,1189833,2,7,3,40.0,248,992.0,525.76,0.5299999999999999
2021-10-08,1189833,6,7,3,47.0,217,1019.9,550.7459999999999,0.5399999999999999
2021-10-09,1189833,5,7,3,52.0,193,1003.6,632.2680000000001,0.6300000000000001
2021-10-10,1189833,1,7,3,40.0,155,620.0,291.4,0.47
2021-10-11,1189833,4,7,3,56.0,225,1260.0,907.2000000000002,0.7200000000000002
2021-02-17,1189833,5,41,3,36.0,94,338.4,125.208,0.37
2021-02-17,1189833,1,41,3,44.0,62,272.8,65.47200000000001,0.24000000000000002
2021-02-17,1189833,4,41,3,33.0,124,409.2,208.692,0.51
2021-03-16,1189833,3,41,3,35.0,171,598.5,203.48999999999998,0.33999999999999997
2021-03-16,1189833,2,41,3,44.0,124,545.6,169.136,0.31
2021-03-16,1189833,6,41,3,47.0,149,700.3,224.096,0.32
2021-03-16,1189833,5,41,3,42.0,114,478.8,167.57999999999998,0.35
2021-03-16,1189833,1,41,3,44.0,60,264.0,68.64,0.26
2021-03-16,1189833,4,41,3,48.0,131,628.8,295.536,0.47000000000000003
2021-12-23,1189833,6,47,3,53.0,165,874.5,349.79999999999995,0.39999999999999997
2021-12-23,1189833,5,47,3,51.0,176,897.6,350.06399999999996,0.38999999999999996
2021-12-23,1189833,1,47,3,59.0,157,926.3,389.04600000000005,0.42000000000000004
2021-12-23,1189833,4,47,3,65.0,190,1235.0,432.25,0.35
2021-01-19,1189833,3,47,3,23.0,233,535.9,278.668,0.52
2021-01-19,1189833,2,47,3,28.0,187,523.6,246.092,0.47
2021-01-19,1189833,6,47,3,18.0,176,316.8,101.376,0.32
2021-01-19,1189833,5,47,3,21.0,136,285.6,119.952,0.42
2021-01-19,1189833,1,47,3,30.0,140,420.0,188.99999999999997,0.44999999999999996
2021-01-19,1189833,4,47,3,25.0,193,482.5,279.85,0.5800000000000001
2021-02-17,1189833,3,47,3,26.0,256,665.6,366.08000000000004,0.55
2021-02-17,1189833,2,47,3,27.0,153,413.1,185.89499999999998,0.44999999999999996
2021-02-17,1189833,6,47,3,17.0,170,289.0,104.03999999999999,0.36
2021-08-08,1189833,1,8,3,39.0,166,647.4,271.908,0.42
2021-08-08,1189833,4,8,3,44.0,239,1051.6,641.4760000000001,0.6100000000000001
2021-09-05,1189833,3,8,3,41.0,230,943.0,433.7799999999999,0.45999999999999996
2021-09-05,1189833,2,8,3,38.0,219,832.2,357.84599999999995,0.42999999999999994
2021-09-05,1189833,6,8,3,43.0,203,872.9,392.80499999999995,0.44999999999999996
2021-09-05,1189833,5,8,3,40.0,136,544.0,299.20000000000005,0.55
2021-09-05,1189833,1,8,3,42.0,140,588.0,241.07999999999998,0.41
2021-09-05,1189833,4,8,3,36.0,200,720.0,417.6000000000001,0.5800000000000001
2021-10-04,1189833,3,8,3,30.0,201,603.0,277.38,0.45999999999999996
2021-10-04,1189833,2,8,3,27.0,190,513.0,220.58999999999997,0.42999999999999994
2021-10-04,1189833,6,8,3,31.0,179,554.9,233.058,0.42
2021-10-04,1189833,5,8,3,35.0,116,406.0,215.18,0.53
2021-10-04,1189833,1,8,3,25.0,123,307.5,119.92499999999998,0.38999999999999996
2021-10-04,1189833,4,8,3,34.0,179,608.6,359.07400000000007,0.5900000000000001
2021-11-05,1189833,3,8,3,27.0,203,548.1,252.12599999999998,0.45999999999999996
2021-11-05,1189833,2,8,3,28.0,223,624.4,268.49199999999996,0.42999999999999994
2021-11-05,1189833,6,8,3,42.0,210,882.0,370.43999999999994,0.42
2021-11-05,1189833,5,8,3,43.0,158,679.4,353.288,0.52
2021-11-05,1189833,1,8,3,41.0,149,610.9,232.142,0.38
2021-11-05,1189833,4,8,3,51.0,194,989.4,583.7460000000001,0.5900000000000001
2021-12-25,1189833,6,2,3,44.0,150,660.0,270.6,0.41
2021-12-25,1189833,5,2,3,45.0,160,720.0,287.99999999999994,0.39999999999999997
2021-12-25,1189833,1,2,3,55.0,128,704.0,232.32,0.32999999999999996
2021-12-25,1189833,4,2,3,56.0,173,968.8,261.576,0.27
2021-01-13,1189833,3,2,3,24.0,149,357.6,164.496,0.46
2021-01-13,1189833,2,2,3,27.0,140,378.0,177.66000000000003,0.47000000000000003
2021-01-13,1189833,6,2,3,32.0,140,448.0,188.16,0.42
2021-01-13,1189833,5,2,3,28.0,99,277.2,116.424,0.42000000000000004
2021-01-13,1189833,1,2,3,35.0,75,262.5,105.0,0.39999999999999997
2021-01-13,1189833,4,2,3,28.0,140,392.0,125.44000000000001,0.32
2021-02-13,1189833,3,2,3,23.0,150,345.0,148.35000000000002,0.43000000000000005
2021-02-13,1189833,2,2,3,27.0,124,334.8,154.008,0.46
2021-02-13,1189833,6,2,3,28.0,120,336.0,137.76,0.41
2021-02-13,1189833,5,4,3,30.0,80,240.0,105.6,0.44
2021-02-13,1189833,1,4,3,34.0,60,204.0,79.55999999999999,0.38999999999999996
2021-02-13,1189833,4,4,3,28.0,131,366.8,106.372,0.29
2021-03-12,1189833,3,4,3,30.0,163,489.0,210.27000000000004,0.43000000000000005
2021-03-12,1189833,2,4,3,37.0,113,418.1,183.964,0.44
2021-03-12,1189833,6,4,3,39.0,124,483.6,183.768,0.38
2021-03-12,1189833,5,4,3,38.0,78,296.4,133.38,0.45
2021-03-12,1189833,1,4,3,41.0,45,184.5,75.645,0.41
2021-03-12,1189833,4,4,3,40.0,112,448.0,129.92,0.29
2021-04-13,1189833,3,4,3,37.0,179,662.3,284.78900000000004,0.43000000000000005
2021-04-13,1189833,2,4,3,40.0,111,444.0,186.48000000000002,0.42000000000000004
2021-04-13,1189833,6,4,3,36.0,113,406.8,150.51600000000002,0.37
2021-04-13,1189833,5,4,3,40.0,96,384.0,172.8,0.45
2021-04-13,1189833,1,4,3,38.0,56,212.8,89.376,0.42
2021-04-13,1189833,4,4,3,56.0,112,627.2,175.616,0.28
2021-05-14,1189833,3,4,3,37.0,187,691.9,318.274,0.46
2021-05-14,1189833,2,4,3,36.0,136,489.6,220.32000000000002,0.45
2021-05-14,1189833,6,4,3,40.0,145,580.0,226.19999999999996,0.38999999999999996
2021-05-14,1189833,5,4,3,34.0,114,387.6,166.66800000000003,0.43000000000000005
2021-05-14,1189833,1,4,3,39.0,74,288.6,121.21199999999999,0.42
2021-05-14,1189833,4,4,3,53.0,124,657.2,203.732,0.31
2021-06-13,1189833,3,4,3,35.0,203,710.5,305.51500000000004,0.43000000000000005
2021-06-13,1189833,2,4,3,41.0,163,668.3,294.052,0.44
2021-06-13,1189833,6,4,3,39.0,158,616.2,234.156,0.38
2021-06-13,1189833,5,4,3,33.0,132,435.6,187.30800000000002,0.43000000000000005
2021-06-13,1189833,1,4,3,42.0,94,394.8,153.97199999999998,0.38999999999999996
2021-06-13,1189833,4,4,3,53.0,190,1007.0,322.24,0.32
2021-07-12,1189833,3,4,3,37.0,218,806.6,371.036,0.46
2021-07-12,1189833,2,4,3,37.0,173,640.1,294.446,0.46
2021-07-12,1189833,6,4,3,41.0,184,754.4,309.304,0.41
2021-07-12,1189833,5,4,3,39.0,128,499.2,224.64000000000001,0.45
2021-07-12,1189833,1,4,3,39.0,162,631.8,240.084,0.38
2021-07-12,1189833,4,4,3,51.0,157,800.7,232.20299999999997,0.29
2021-08-13,1189833,3,4,3,39.0,209,815.1,374.946,0.46
2021-08-13,1189833,2,4,3,44.0,200,880.0,369.6,0.42000000000000004
2021-08-13,1189833,6,4,3,42.0,150,630.0,264.6,0.42
2021-08-13,1189833,5,4,3,42.0,149,625.8,281.61,0.45
2021-08-13,1189833,1,4,3,51.0,140,714.0,278.46,0.38999999999999996
2021-08-13,1189833,4,4,3,50.0,128,640.0,185.59999999999997,0.29
2021-09-14,1189833,3,4,3,31.0,204,632.4,290.904,0.46
2021-09-14,1189833,2,4,3,38.0,198,752.4,331.056,0.44
2021-09-14,1189833,6,4,3,32.0,135,432.0,159.84,0.37
2021-09-14,1189833,5,4,3,35.0,120,420.0,193.2,0.46
2021-09-14,1189833,1,4,3,36.0,132,475.2,175.824,0.37
2021-09-14,1189833,4,4,3,46.0,135,621.0,186.3,0.3
2021-10-13,1189833,3,4,3,34.0,173,588.2,270.572,0.46
2021-10-13,1189833,2,4,3,34.0,173,588.2,247.044,0.42000000000000004
2021-10-13,1189833,6,4,3,32.0,123,393.6,149.568,0.38
2021-10-13,1189833,5,4,3,32.0,114,364.8,160.512,0.44
2021-10-13,1189833,1,4,3,41.0,102,418.2,167.28,0.39999999999999997
2021-10-13,1189833,4,4,3,46.0,109,501.4,155.434,0.31
2021-11-13,1189833,3,4,3,36.0,173,622.8,261.576,0.42000000000000004
2021-11-13,1189833,2,4,3,40.0,184,736.0,323.84000000000003,0.44
2021-11-13,1189833,6,4,3,39.0,145,565.5,226.2,0.39999999999999997
2021-11-13,1189833,5,4,3,37.0,140,518.0,238.28000000000003,0.46
2021-11-13,1189833,1,4,3,47.0,119,559.3,212.53400000000002,0.38
2021-11-13,1189833,4,4,3,46.0,157,722.2,209.43799999999996,0.29
2021-12-12,1189833,3,4,3,42.0,209,877.8,412.566,0.47000000000000003
2021-12-12,1189833,2,4,3,39.0,223,869.7,408.759,0.47000000000000003
2021-10-18,1189833,4,26,3,27.0,162,437.4,236.196,0.54
2021-11-17,1189833,3,26,3,22.0,206,453.2,199.408,0.44
2021-11-17,1189833,2,26,3,15.0,153,229.5,87.21000000000001,0.38
2021-11-17,1189833,6,26,3,22.0,119,261.8,109.95600000000002,0.42000000000000004
2021-11-17,1189833,5,26,3,43.0,153,657.9,289.476,0.44
2021-11-17,1189833,1,26,3,59.0,132,778.8,311.52,0.39999999999999997
2021-11-17,1189833,4,26,3,51.0,168,856.8,488.37600000000003,0.5700000000000001
2021-12-16,1189833,3,26,3,48.0,256,1228.8,577.5360000000001,0.47000000000000003
2021-12-16,1189833,2,26,3,44.0,201,884.4,327.22799999999995,0.37
2021-12-16,1189833,6,26,3,43.0,158,679.4,305.73,0.45
2021-12-16,1189833,5,26,3,41.0,143,586.3,275.56100000000004,0.47000000000000003
2021-12-16,1189833,1,26,3,54.0,157,847.8,322.164,0.38
2021-12-16,1189833,4,26,3,53.0,178,943.4,518.8700000000001,0.55
2021-01-23,1189833,3,26,3,17.0,215,365.5,160.82,0.44
2021-01-23,1189833,2,26,3,18.0,135,243.0,97.19999999999999,0.39999999999999997
2021-01-23,1189833,6,26,3,11.0,140,154.0,67.76,0.44
2021-01-23,1189833,5,26,3,13.0,102,132.6,62.322,0.47000000000000003
2021-01-23,1189833,1,26,3,26.0,123,319.8,121.524,0.38
2021-01-23,1189833,4,26,3,18.0,158,284.4,122.292,0.43000000000000005
2021-02-21,1189833,3,26,3,17.0,210,357.0,160.65,0.45
2021-02-21,1189833,2,26,3,17.0,112,190.4,74.256,0.38999999999999996
2021-02-21,1189833,6,26,3,11.0,136,149.6,62.83200000000001,0.42000000000000004
2021-02-05,1189833,5,22,3,24.0,39,93.6,30.887999999999995,0.32999999999999996
2021-02-05,1189833,1,22,3,39.0,66,257.4,95.238,0.37
2021-02-05,1189833,4,22,3,32.0,96,307.2,119.80799999999999,0.38999999999999996
2021-03-03,1189833,3,22,3,26.0,182,473.2,203.47600000000003,0.43000000000000005
2021-03-03,1189833,2,22,3,32.0,68,217.6,97.92,0.45
2021-03-03,1189833,6,22,3,23.0,75,172.5,55.2,0.32
2021-03-03,1189833,5,22,3,27.0,34,91.8,29.375999999999998,0.32
2021-03-03,1189833,1,22,3,39.0,53,206.7,70.27799999999999,0.33999999999999997
2021-03-03,1189833,4,22,3,29.0,85,246.5,96.13499999999999,0.38999999999999996
2021-04-04,1189833,3,22,3,28.0,155,434.0,199.64000000000001,0.46
2021-04-04,1189833,2,22,3,30.0,64,192.0,84.47999999999999,0.44
2021-04-04,1189833,6,22,3,20.0,64,128.0,46.08,0.36
2021-04-04,1189833,5,22,3,26.0,41,106.6,34.112,0.32
2021-04-04,1189833,1,22,3,37.0,40,148.0,50.31999999999999,0.33999999999999997
2021-04-04,1189833,4,22,3,26.0,94,244.4,102.648,0.42
2021-05-03,1189833,3,22,3,40.0,191,764.0,336.15999999999997,0.44
2021-05-03,1189833,2,22,3,35.0,83,290.5,127.82000000000001,0.44
2021-05-03,1189833,6,22,3,32.0,83,265.6,90.304,0.33999999999999997
2021-05-03,1189833,5,22,3,32.0,74,236.8,78.14399999999999,0.32999999999999996
2021-05-03,1189833,1,22,3,37.0,83,307.1,107.48499999999999,0.35
2021-05-03,1189833,4,22,3,41.0,128,524.8,220.416,0.42
2021-06-05,1189833,3,22,3,40.0,206,824.0,387.28000000000003,0.47000000000000003
2021-06-05,1189833,2,22,3,38.0,124,471.2,221.46400000000003,0.47000000000000003
2021-06-05,1189833,6,22,3,35.0,96,336.0,110.88,0.32999999999999996
2021-06-05,1189833,5,22,3,35.0,85,297.5,104.125,0.35
2021-06-05,1189833,1,22,3,36.0,91,327.6,104.832,0.32
2021-06-05,1189833,4,22,3,39.0,128,499.2,194.688,0.38999999999999996
2021-07-03,1189833,3,22,3,42.0,195,819.0,368.55,0.45
2021-07-03,1189833,2,22,3,38.0,120,456.0,191.52000000000004,0.42000000000000004
2021-07-03,1189833,6,22,3,29.0,111,321.9,109.44599999999998,0.33999999999999997
2021-07-03,1189833,5,22,3,34.0,94,319.6,115.056,0.36
2021-07-03,1189833,1,22,3,43.0,93,399.9,131.96699999999998,0.32999999999999996
2021-07-03,1189833,4,22,3,40.0,152,608.0,231.04000000000002,0.38
2021-08-04,1189833,3,22,3,40.0,194,776.0,325.92,0.42000000000000004
2021-08-04,1189833,2,22,3,34.0,128,435.2,187.13600000000002,0.43000000000000005
2021-08-04,1189833,6,22,3,36.0,107,385.2,134.82,0.35
2021-08-04,1189833,5,22,3,32.0,72,230.4,76.032,0.32999999999999996
2021-08-04,1189833,1,22,3,43.0,62,266.6,87.97799999999998,0.32999999999999996
2021-08-04,1189833,4,22,3,44.0,124,545.6,207.32800000000003,0.38
2021-09-03,1189833,3,22,3,43.0,170,731.0,343.57000000000005,0.47000000000000003
2021-09-03,1189833,2,22,3,40.0,93,372.0,174.84,0.47000000000000003
2021-09-03,1189833,6,22,3,33.0,64,211.2,67.584,0.32
2021-09-03,1189833,5,22,3,30.0,58,174.0,59.15999999999999,0.33999999999999997
2021-09-03,1189833,1,22,3,41.0,58,237.8,85.60799999999999,0.36
2021-09-03,1189833,4,22,3,45.0,83,373.5,156.87,0.42
2021-10-05,1189833,3,22,3,46.0,153,703.8,295.59600000000006,0.42000000000000004
2021-10-05,1189833,2,22,3,39.0,94,366.6,161.304,0.44
2021-10-05,1189833,6,22,3,36.0,61,219.6,81.252,0.37
2021-10-05,1189833,5,22,3,43.0,45,193.5,69.66,0.36
2021-10-05,1189833,1,22,3,50.0,45,225.0,74.24999999999999,0.32999999999999996
2021-10-08,1189833,4,46,3,47.0,66,310.2,136.488,0.44
2021-11-07,1189833,3,46,3,40.0,105,420.0,176.4,0.42
2021-11-07,1189833,2,46,3,40.0,74,296.0,124.32000000000001,0.42
2021-11-07,1189833,6,46,3,37.0,68,251.6,113.22,0.45
2021-11-07,1189833,5,46,3,36.0,68,244.8,110.16000000000001,0.45
2021-11-07,1189833,1,46,3,43.0,61,262.3,86.559,0.32999999999999996
2021-11-07,1189833,4,46,3,46.0,83,381.8,167.99200000000002,0.44
2021-12-06,1189833,3,46,3,48.0,160,768.0,299.52,0.38999999999999996
2021-12-06,1189833,2,46,3,37.0,102,377.4,139.63799999999998,0.37
2021-12-06,1189833,6,46,3,40.0,88,352.0,165.44,0.47000000000000003
2021-12-06,1189833,5,46,3,34.0,77,261.8,112.57400000000003,0.43000000000000005
2021-12-06,1189833,1,46,3,41.0,74,303.4,112.258,0.37
2021-12-06,1189833,4,46,3,51.0,111,566.1,243.42300000000006,0.43000000000000005
2021-01-17,1189833,3,46,3,28.0,140,392.0,129.35999999999999,0.32999999999999996
2021-01-17,1189833,2,46,3,28.0,88,246.4,83.77599999999998,0.33999999999999997
2021-01-17,1189833,6,46,3,22.0,75,165.0,47.849999999999994,0.29
2021-01-17,1189833,5,46,3,25.0,33,82.5,25.575,0.31
2021-01-17,1189833,1,46,3,39.0,47,183.3,58.656000000000006,0.32
2021-01-17,1189833,4,46,3,26.0,83,215.8,73.37199999999999,0.33999999999999997
2021-02-15,1189833,3,46,3,26.0,155,403.0,149.10999999999999,0.37
2021-02-15,1189833,2,46,3,31.0,53,164.3,57.504999999999995,0.35
2021-02-15,1189833,6,46,3,24.0,70,168.0,48.72,0.29
2021-02-15,1189833,5,9,3,27.0,75,202.5,64.8,0.32
2021-02-15,1189833,1,9,3,36.0,53,190.8,51.516000000000005,0.27
2021-02-15,1189833,4,9,3,30.0,80,240.0,76.8,0.32
2021-03-13,1189833,3,9,3,28.0,155,434.0,147.56,0.33999999999999997
2021-03-13,1189833,2,9,3,31.0,61,189.1,64.294,0.33999999999999997
2021-03-13,1189833,6,9,3,23.0,60,138.0,44.160000000000004,0.32
2021-03-13,1189833,5,9,3,25.0,93,232.5,65.10000000000001,0.28
2021-03-13,1189833,1,9,3,36.0,31,111.6,33.480000000000004,0.3
2021-03-13,1189833,4,9,3,31.0,68,210.8,77.99600000000001,0.37
2021-04-14,1189833,3,9,3,28.0,149,417.2,137.676,0.32999999999999996
2021-04-14,1189833,2,9,3,28.0,51,142.8,51.407999999999994,0.36
2021-04-14,1189833,6,9,3,22.0,51,112.2,34.782,0.31
2021-04-14,1189833,5,9,3,23.0,39,89.7,25.116000000000003,0.28
2021-04-14,1189833,1,9,3,33.0,44,145.2,39.204,0.27
2021-04-14,1189833,4,9,3,30.0,94,282.0,101.52,0.36
2021-05-13,1189833,3,9,3,41.0,173,709.3,255.348,0.36
2021-05-13,1189833,2,9,3,34.0,68,231.2,83.232,0.36
2021-05-13,1189833,6,9,3,30.0,68,204.0,63.239999999999995,0.31
2021-05-13,1189833,5,9,3,32.0,54,172.8,51.839999999999996,0.3
2021-05-13,1189833,1,9,3,39.0,60,234.0,65.52000000000001,0.28
2021-05-13,1189833,4,9,3,43.0,104,447.2,152.04799999999997,0.33999999999999997
2021-06-15,1189833,3,9,3,39.0,196,764.4,267.53999999999996,0.35
2021-06-15,1189833,2,9,3,36.0,114,410.4,131.328,0.32
2021-06-15,1189833,6,9,3,36.0,75,270.0,83.7,0.31
2021-06-15,1189833,5,9,3,34.0,72,244.8,68.54400000000001,0.28
2021-06-15,1189833,1,9,3,39.0,74,288.6,92.352,0.32
2021-06-15,1189833,4,9,3,47.0,120,564.0,197.39999999999998,0.35
2021-07-13,1189833,3,9,3,37.0,180,666.0,219.77999999999997,0.32999999999999996
2021-07-13,1189833,2,9,3,36.0,105,378.0,139.85999999999999,0.37
2021-07-13,1189833,6,9,3,32.0,88,281.6,84.47999999999999,0.3
2021-07-13,1189833,5,9,3,34.0,77,261.8,83.776,0.32
2021-07-13,1189833,1,9,3,41.0,80,328.0,101.67999999999999,0.31
2021-07-13,1189833,4,9,3,41.0,132,541.2,173.18400000000003,0.32
2021-08-14,1189833,3,9,3,40.0,196,784.0,258.71999999999997,0.32999999999999996
2021-08-14,1189833,2,9,3,33.0,112,369.6,118.272,0.32
2021-08-14,1189833,6,9,3,29.0,85,246.5,76.41499999999999,0.31
2021-08-14,1189833,5,9,3,31.0,58,179.8,50.34400000000001,0.28
2021-08-14,1189833,1,9,3,40.0,51,204.0,55.080000000000005,0.27
2021-08-14,1189833,4,9,3,46.0,98,450.8,157.78,0.35
2021-09-13,1189833,3,9,3,36.0,153,550.8,187.272,0.33999999999999997
2021-09-13,1189833,2,9,3,35.0,88,308.0,113.96,0.37
2021-09-13,1189833,6,9,3,30.0,47,141.0,42.3,0.3
2021-09-13,1189833,5,9,3,34.0,39,132.6,35.80200000000001,0.27
2021-09-13,1189833,1,9,3,39.0,41,159.9,49.569,0.31
2021-09-13,1189833,4,9,3,41.0,77,315.7,104.181,0.32999999999999996
2021-10-15,1189833,3,9,3,40.0,132,528.0,174.23999999999998,0.32999999999999996
2021-10-15,1189833,2,9,3,37.0,68,251.6,88.05999999999999,0.35
2021-10-15,1189833,6,9,3,41.0,38,155.8,46.739999999999995,0.3
2021-10-15,1189833,5,9,3,38.0,32,121.6,32.83200000000001,0.27
2021-10-15,1189833,1,9,3,51.0,34,173.4,48.55200000000001,0.28
2020-04-17,1111119,1,37,3,60.0,900,54000.0,16200.0,0.3
2020-04-18,1111119,4,37,3,65.0,1075,69875.0,17468.75,0.25
2020-04-19,1111119,3,37,3,60.0,1200,72000.0,36000.0,0.5
2020-04-20,1111119,2,37,3,55.00000000000001,1000,55000.000000000015,16500.000000000004,0.3
2020-04-21,1111119,6,37,3,50.0,925,46250.0,16187.5,0.35
2020-04-22,1111119,5,37,3,50.0,900,45000.0,15750.0,0.35
2020-04-23,1111119,1,37,3,60.0,900,54000.0,16200.0,0.3
2020-04-24,1111119,4,37,3,65.0,1000,65000.0,16250.0,0.25
2020-04-25,1111119,1,37,3,65.0,875,56875.0,17062.5,0.3
2020-04-26,1111119,4,37,3,70.0,1000,70000.0,17500.0,0.25
2020-04-27,1111119,3,37,3,65.0,1150,74750.0,37375.0,0.5
2020-04-28,1111119,2,37,3,55.00000000000001,975,53625.000000000015,16087.500000000004,0.3
2020-04-29,1111119,6,37,3,55.00000000000001,920,50600.00000000001,17710.0,0.35
2020-04-30,1111119,5,37,3,55.00000000000001,900,49500.00000000001,17325.0,0.35
2020-05-01,1111119,1,37,3,65.0,875,56875.0,17062.5,0.3
2020-05-02,1111119,4,37,3,70.0,975,68250.0,17062.5,0.25
2020-05-03,1111119,3,37,3,65.0,1200,78000.0,39000.0,0.5
2020-05-04,1111119,2,37,3,55.00000000000001,1000,55000.000000000015,16500.000000000004,0.3
2020-05-05,1111119,6,37,3,55.00000000000001,950,52250.00000000001,18287.5,0.35
2020-05-06,1111119,5,37,3,55.00000000000001,900,49500.00000000001,17325.0,0.35
2020-05-07,1111119,1,37,3,65.0,900,58500.0,17550.0,0.3
2020-07-18,1111119,4,37,3,70.0,1000,70000.0,17500.0,0.25
2020-08-10,1111119,1,24,3,45.0,525,23625.0,7087.5,0.3
2020-08-11,1111119,4,24,3,40.0,800,32000.0,16000.0,0.5
2020-08-12,1111119,3,24,3,30.0,925,27750.0,9712.5,0.35
2020-08-13,1111119,2,24,3,40.0,925,37000.0,12949.999999999998,0.35
2020-08-14,1111119,6,24,3,35.0,775,27125.0,9493.75,0.35
2020-08-15,1111119,5,24,3,40.0,700,28000.0,12600.0,0.45
2020-08-16,1111119,1,24,3,45.0,600,27000.0,8100.0,0.3
2020-08-17,1111119,4,24,3,40.0,950,38000.0,19000.0,0.5
2020-08-18,1111119,3,24,3,40.0,950,38000.0,13300.0,0.35
2020-08-19,1111119,2,24,3,45.0,950,42750.0,14962.5,0.35
2020-08-20,1111119,6,24,3,40.0,800,32000.0,11200.0,0.35
2020-08-21,1111119,5,24,3,40.0,750,30000.0,13500.0,0.45
2020-08-22,1111119,1,24,3,45.0,650,29250.0,8775.0,0.3
2020-08-23,1111119,4,24,3,50.0,1000,50000.0,25000.0,0.5
2020-08-24,1111119,3,24,3,40.0,950,38000.0,13300.0,0.35
2020-08-25,1111119,2,24,3,45.0,950,42750.0,14962.5,0.35
2020-08-26,1111119,6,24,3,40.0,1100,44000.0,15400.0,0.35
2020-08-27,1111119,5,24,3,40.0,700,28000.0,12600.0,0.45
2020-08-28,1111119,1,24,3,45.0,700,31500.0,9450.0,0.3
2020-08-29,1111119,4,24,3,50.0,975,48750.0,24375.0,0.5
2020-08-30,1111119,3,24,3,40.0,925,37000.0,12949.999999999998,0.35
2020-08-31,1111119,2,24,3,45.0,925,41625.0,14568.75,0.35
2020-09-01,1111119,6,24,3,40.0,1100,44000.0,15400.0,0.35
2020-09-02,1111119,5,24,3,40.0,650,26000.0,11700.0,0.45
2020-09-03,1111119,1,24,3,45.0,650,29250.0,8775.0,0.3
2020-09-04,1111119,4,24,3,50.0,900,45000.0,22500.0,0.5
2020-09-05,1111119,3,24,3,45.0,850,38250.0,13387.5,0.35
2020-09-06,1111119,2,24,3,45.0,850,38250.0,13387.5,0.35
2020-09-07,1111119,6,24,3,50.0,900,45000.0,15750.0,0.35
2020-09-08,1111119,5,24,3,50.0,625,31250.0,14062.5,0.45
2020-09-09,1111119,1,24,3,45.0,625,28125.0,8437.5,0.3
2020-09-10,1111119,4,24,3,55.00000000000001,850,46750.00000000001,23375.000000000004,0.5
2020-09-11,1111119,3,24,3,45.0,800,36000.0,12599.999999999998,0.35
2020-09-12,1111119,2,24,3,45.0,800,36000.0,12599.999999999998,0.35
2020-09-13,1111119,6,24,3,50.0,750,37500.0,13125.0,0.35
2020-09-14,1111119,5,24,3,50.0,600,30000.0,13500.0,0.45
2020-09-15,1111119,1,24,3,45.0,575,25875.0,7762.5,0.3
2020-09-16,1111119,4,24,3,55.00000000000001,750,41250.00000000001,20625.000000000004,0.5
2020-10-20,1111119,3,24,3,45.0,900,40500.0,14175.0,0.35
2020-10-21,1111119,2,24,3,45.0,900,40500.0,14175.0,0.35
2020-10-22,1111119,6,24,3,50.0,825,41250.0,14437.5,0.35
2020-10-23,1111119,5,24,3,50.0,675,33750.0,15187.5,0.45
2020-10-24,1111119,1,24,3,45.0,650,29250.0,8775.0,0.3
2020-10-25,1111119,4,24,3,55.00000000000001,850,46750.00000000001,23375.000000000004,0.5
2020-10-26,1111119,3,24,3,45.0,950,42750.0,14962.5,0.35
2020-10-27,1111119,2,24,3,45.0,950,42750.0,14962.5,0.35
2020-10-28,1111119,6,24,3,50.0,850,42500.0,14875.0,0.35
2020-10-29,1111119,5,24,3,50.0,700,35000.0,15750.0,0.45
2020-10-30,1111119,1,24,3,45.0,650,29250.0,8775.0,0.3
2020-10-31,1111119,4,24,3,55.00000000000001,900,49500.00000000001,24750.000000000004,0.5
2021-08-10,1111119,1,23,3,70.0,525,36750.0,5512.5,0.15
2021-08-10,1111119,4,23,3,75.0,350,26250.0,10500.0,0.4
2021-09-11,1111119,3,23,3,65.00000000000001,550,35750.00000000001,8937.500000000002,0.25
2021-09-11,1111119,2,23,3,70.00000000000001,550,38500.00000000001,7700.000000000002,0.2
2021-09-11,1111119,6,23,3,65.00000000000001,375,24375.000000000007,6093.750000000002,0.25
2021-09-11,1111119,5,23,3,65.00000000000001,325,21125.000000000007,5281.250000000002,0.25
2021-09-11,1111119,1,23,3,75.00000000000001,350,26250.000000000007,3937.500000000001,0.15
2021-09-11,1111119,4,23,3,60.0,375,22500.0,9000.0,0.4
2021-10-10,1111119,3,23,3,55.00000000000001,475,26125.000000000004,6531.250000000001,0.25
2021-10-10,1111119,2,23,3,65.00000000000001,475,30875.000000000007,6175.000000000002,0.2
2021-10-10,1111119,6,23,3,60.00000000000001,300,18000.000000000004,4500.000000000001,0.25
2021-10-10,1111119,5,23,3,55.00000000000001,275,15125.000000000004,3781.250000000001,0.25
2021-10-10,1111119,1,23,3,65.0,250,16250.0,2437.5,0.15
2021-10-10,1111119,4,23,3,70.0,300,21000.0,8400.0,0.4
2021-11-10,1111119,3,23,3,55.00000000000001,525,28875.000000000007,7218.750000000002,0.25
2021-11-10,1111119,2,23,3,60.00000000000001,600,36000.00000000001,7200.000000000002,0.2
2021-11-10,1111119,6,23,3,55.00000000000001,425,23375.000000000004,5843.750000000001,0.25
2021-11-10,1111119,5,23,3,65.00000000000001,400,26000.000000000007,6500.000000000002,0.25
2021-11-10,1111119,1,23,3,85.00000000000001,375,31875.000000000007,4781.250000000001,0.15
2021-11-10,1111119,4,23,3,90.00000000000001,500,45000.00000000001,18000.000000000004,0.4
2021-12-09,1111119,3,23,3,75.00000000000001,700,52500.000000000015,13125.000000000004,0.25
2021-12-09,1111119,2,23,3,85.00000000000001,700,59500.000000000015,11900.000000000004,0.2
2021-04-17,1111119,3,41,3,65.0,550,35750.0,10725.0,0.3
2021-04-17,1111119,2,41,3,70.0,350,24500.0,6125.0,0.25
2021-04-17,1111119,6,41,3,70.0,400,28000.0,8400.0,0.3
2021-04-17,1111119,5,41,3,55.00000000000001,300,16500.000000000004,4950.000000000001,0.3
2021-04-17,1111119,1,41,3,60.00000000000001,200,12000.000000000002,2400.0000000000005,0.2
2021-04-17,1111119,4,41,3,75.00000000000001,375,28125.000000000007,12656.250000000004,0.45
2021-05-18,1111119,3,41,3,60.0,575,34500.0,10350.0,0.3
2021-05-18,1111119,2,41,3,65.0,425,27625.0,6906.25,0.25
2021-05-18,1111119,6,41,3,65.0,425,27625.0,8287.5,0.3
2021-05-18,1111119,5,41,3,60.0,325,19500.0,5850.0,0.3
2021-05-18,1111119,1,41,3,54.99999999999999,225,12374.999999999998,2475.0,0.2
2021-05-18,1111119,4,41,3,70.0,575,40250.0,18112.5,0.45
2021-06-17,1111119,3,41,3,64.99999999999999,825,53624.999999999985,16087.499999999996,0.3
2021-06-17,1111119,2,41,1,70.0,700,49000.0,12250.0,0.25
2021-06-17,1111119,6,41,1,85.0,700,59500.0,17850.0,0.3
2021-06-17,1111119,5,41,1,85.0,575,48875.0,14662.5,0.3
2021-06-17,1111119,1,41,1,95.0,450,42750.0,8550.0,0.2
2021-06-17,1111119,4,41,1,110.00000000000001,750,82500.00000000001,37125.00000000001,0.45
2021-07-16,1111119,3,41,1,90.0,900,81000.0,24300.0,0.3
2021-07-16,1111119,2,41,1,95.0,750,71250.0,17812.5,0.25
2021-07-16,1111119,6,41,1,95.0,700,66500.0,19950.0,0.3
2021-07-16,1111119,5,41,1,90.0,600,54000.0,16200.0,0.3
2021-07-16,1111119,1,41,1,95.0,650,61750.0,12350.0,0.2
2021-07-16,1111119,4,41,1,110.00000000000001,650,71500.00000000001,32175.000000000007,0.45
2021-08-17,1111119,3,41,1,95.0,850,80750.0,24225.0,0.3
2021-08-17,1111119,2,41,1,85.00000000000001,825,70125.00000000001,17531.250000000004,0.25
2021-08-17,1111119,6,41,1,80.0,700,56000.0,16800.0,0.3
2021-08-17,1111119,5,41,1,80.0,475,38000.0,11400.0,0.3
2021-08-17,1111119,1,41,1,80.0,475,38000.0,7600.0,0.2
2021-08-17,1111119,4,41,1,85.0,300,25500.0,11475.0,0.45
2021-09-18,1111119,3,41,1,60.00000000000001,500,30000.000000000007,9000.000000000002,0.3
2021-09-18,1111119,2,41,1,65.00000000000001,500,32500.000000000007,8125.000000000002,0.25
2021-09-18,1111119,6,41,1,60.00000000000001,300,18000.000000000004,5400.000000000001,0.3
2021-09-18,1111119,5,41,1,60.00000000000001,250,15000.000000000004,4500.000000000001,0.3
2021-09-18,1111119,1,41,1,70.0,275,19250.0,3850.0,0.2
2021-09-18,1111119,4,41,1,54.99999999999999,300,16499.999999999996,7424.999999999998,0.45
2021-10-17,1111119,3,41,1,50.0,400,20000.0,6000.0,0.3
2021-10-17,1111119,2,41,1,65.00000000000001,575,37375.00000000001,9343.750000000002,0.25
2021-10-17,1111119,6,41,1,60.00000000000001,400,24000.000000000004,7200.0,0.3
2021-10-17,1111119,5,41,1,55.00000000000001,375,20625.000000000004,6187.500000000001,0.3
2021-10-17,1111119,1,41,1,65.0,350,22750.0,4550.0,0.2
2021-10-17,1111119,4,41,1,70.0,400,28000.0,12600.0,0.45
2021-11-17,1111119,3,41,1,55.00000000000001,625,34375.00000000001,10312.500000000002,0.3
2021-11-17,1111119,2,41,1,60.00000000000001,700,42000.00000000001,10500.000000000002,0.25
2021-11-17,1111119,6,41,1,55.00000000000001,525,28875.000000000007,8662.500000000002,0.3
2021-11-17,1111119,5,41,1,65.00000000000001,500,32500.000000000007,9750.000000000002,0.3
2021-11-17,1111119,1,41,1,85.00000000000001,475,40375.00000000001,8075.000000000002,0.2
2021-11-17,1111119,4,41,1,90.00000000000001,600,54000.000000000015,24300.000000000007,0.45
2021-12-16,1111119,3,41,1,75.00000000000001,800,60000.000000000015,18000.000000000004,0.3
2021-12-16,1111119,2,41,1,85.00000000000001,800,68000.00000000001,17000.000000000004,0.25
2021-07-16,1111119,2,26,2,55.00000000000001,600,33000.00000000001,11550.000000000002,0.35
2021-07-16,1111119,6,26,2,50.0,525,26250.0,10500.0,0.4
2021-07-16,1111119,5,26,2,50.0,475,23750.0,9500.0,0.4
2021-07-16,1111119,1,26,2,60.0,500,30000.0,10500.0,0.35
2021-07-16,1111119,4,26,2,65.0,675,43875.0,21937.5,0.5
2021-08-17,1111119,3,26,2,60.0,825,49500.0,19800.0,0.4
2021-08-17,1111119,2,26,2,55.00000000000001,600,33000.00000000001,11550.000000000002,0.35
2021-08-17,1111119,6,26,2,50.0,525,26250.0,10500.0,0.4
2021-08-17,1111119,5,26,2,40.0,475,19000.0,7600.0,0.4
2021-08-17,1111119,1,26,2,50.0,450,22500.0,7875.0,0.35
2021-08-17,1111119,4,26,2,55.00000000000001,625,34375.00000000001,17187.500000000004,0.5
2021-09-16,1111119,3,26,2,50.0,725,36250.0,14500.0,0.4
2021-09-16,1111119,2,26,2,45.000000000000014,525,23625.000000000007,8268.750000000004,0.35
2021-09-16,1111119,6,26,2,20.000000000000007,425,8500.000000000004,3400.0000000000014,0.4
2021-09-16,1111119,5,26,2,20.000000000000007,400,8000.000000000003,3200.0000000000014,0.4
2021-09-16,1111119,1,26,2,30.000000000000004,400,12000.000000000002,4200.0,0.35
2021-09-16,1111119,4,26,2,35.00000000000001,500,17500.000000000004,8750.000000000002,0.5
2021-10-18,1111119,3,26,2,35.00000000000001,675,23625.000000000007,9450.000000000004,0.4
2021-10-18,1111119,2,26,2,25.00000000000001,500,12500.000000000005,4375.000000000002,0.35
2021-10-18,1111119,6,26,2,25.00000000000001,375,9375.000000000004,3750.0000000000023,0.4
2021-10-18,1111119,5,26,2,25.00000000000001,350,8750.000000000004,3500.0000000000023,0.4
2021-10-18,1111119,1,26,2,35.00000000000001,350,12250.000000000004,4287.500000000001,0.35
2021-02-21,1111119,5,29,2,20.0,250,5000.0,2000.0,0.4
2021-02-21,1111119,1,29,2,35.0,325,11375.0,3981.25,0.35
2021-02-21,1111119,4,29,2,20.0,425,8500.0,3400.0,0.4
2021-03-19,1111119,3,29,2,20.0,645,12900.0,5160.0,0.4
2021-03-19,1111119,2,29,2,20.0,325,6500.0,2275.0,0.35
2021-03-19,1111119,6,29,2,10.000000000000002,350,3500.000000000001,1400.0000000000005,0.4
2021-03-19,1111119,5,29,2,19.999999999999996,200,3999.999999999999,1599.9999999999998,0.4
2021-03-19,1111119,1,29,2,35.00000000000001,250,8750.000000000002,3062.5000000000005,0.35
2021-03-19,1111119,4,29,2,25.0,350,8750.0,3500.0,0.4
2021-04-20,1111119,3,29,2,25.0,600,15000.0,6000.0,0.4
2021-04-20,1111119,2,29,2,25.0,300,7500.0,2625.0,0.35
2021-04-20,1111119,6,29,2,15.000000000000002,300,4500.000000000001,1800.0000000000005,0.4
2021-04-20,1111119,5,29,2,19.999999999999996,225,4499.999999999999,1799.9999999999995,0.4
2021-04-20,1111119,1,29,2,40.0,250,10000.0,3500.0,0.35
2021-04-20,1111119,4,29,2,30.000000000000004,400,12000.000000000002,4800.000000000001,0.4
2021-05-19,1111119,3,29,2,40.0,670,26800.0,10720.0,0.4
2021-05-19,1111119,2,29,2,40.0,375,15000.0,5250.0,0.35
2021-05-19,1111119,6,29,2,35.0,350,12250.0,4900.0,0.4
2021-05-19,1111119,5,29,2,35.0,300,10500.0,4200.0,0.4
2021-05-19,1111119,1,29,2,44.99999999999999,325,14624.999999999996,5118.749999999998,0.35
2021-05-19,1111119,4,29,2,44.99999999999999,425,19124.999999999996,7649.999999999998,0.4
2021-06-21,1111119,3,29,2,40.0,675,27000.0,10800.0,0.4
2021-06-21,1111119,2,29,2,35.0,425,14875.0,5206.25,0.35
2021-06-21,1111119,6,29,2,40.0,400,16000.0,6400.0,0.4
2021-06-21,1111119,5,29,2,40.0,375,15000.0,6000.0,0.4
2021-06-21,1111119,1,29,2,54.99999999999999,375,20624.999999999996,7218.749999999998,0.35
2021-06-21,1111119,4,29,2,60.0,550,33000.0,13200.0,0.4
2021-07-19,1111119,3,29,2,54.99999999999999,775,42624.99999999999,17050.0,0.4
2021-07-19,1111119,2,29,2,50.0,525,26250.0,9187.5,0.35
2021-07-19,1111119,6,29,2,45.0,450,20250.0,8100.0,0.4
2021-07-19,1111119,5,29,2,45.0,400,18000.0,7200.0,0.4
2021-07-19,1111119,1,29,2,60.0,425,25500.0,8925.0,0.35
2021-07-19,1111119,4,29,2,65.0,600,39000.0,15600.0,0.4
2021-08-20,1111119,3,29,2,60.0,750,45000.0,18000.0,0.4
2021-08-20,1111119,2,29,2,55.00000000000001,525,28875.000000000007,10106.250000000002,0.35
2021-08-20,1111119,6,29,2,50.0,450,22500.0,9000.0,0.4
2021-08-20,1111119,5,29,2,40.0,400,16000.0,6400.0,0.4
2021-08-20,1111119,1,29,2,50.0,375,18750.0,6562.5,0.35
2021-08-20,1111119,4,29,2,55.00000000000001,550,30250.000000000007,12100.000000000004,0.4
2021-09-19,1111119,3,29,2,50.0,650,32500.0,13000.0,0.4
2021-09-19,1111119,2,29,2,40.000000000000014,450,18000.000000000007,6300.000000000002,0.35
2021-09-19,1111119,6,29,2,15.000000000000007,350,5250.000000000002,2100.000000000001,0.4
2021-09-19,1111119,5,29,2,15.000000000000007,325,4875.000000000002,1950.0000000000011,0.4
2021-09-19,1111119,1,29,2,25.000000000000007,325,8125.000000000003,2843.750000000001,0.35
2021-09-19,1111119,4,29,2,30.00000000000001,425,12750.000000000004,5100.000000000002,0.4
2021-10-21,1111119,3,29,2,30.00000000000001,600,18000.000000000007,7200.000000000003,0.4
2021-10-21,1111119,2,29,2,20.00000000000001,425,8500.000000000004,2975.0000000000014,0.35
2021-10-21,1111119,6,29,2,20.00000000000001,300,6000.000000000003,2400.0000000000014,0.4
2021-10-21,1111119,5,29,2,20.00000000000001,275,5500.000000000003,2200.0000000000014,0.4
2021-10-21,1111119,1,29,2,30.00000000000001,275,8250.000000000004,2887.500000000001,0.35
2020-04-17,1111119,1,37,2,54.0,270,1458.0,656.0999999999999,0.44999999999999996
2020-04-18,1111119,4,37,2,62.0,290,1798.0,665.26,0.37
2020-04-19,1111119,3,37,2,56.0,360,2016.0,1249.92,0.62
2020-04-20,1111119,2,37,2,50.0,270,1350.0,594.0,0.44
2020-04-21,1111119,6,37,2,47.0,268,1259.6,592.012,0.47
2020-04-22,1111119,5,37,2,47.0,252,1184.4,544.824,0.45999999999999996
2020-04-23,1111119,1,37,2,58.0,252,1461.6,584.6400000000001,0.4
2020-04-24,1111119,4,37,2,59.0,280,1652.0,660.8,0.4
2020-04-25,1111119,1,37,2,64.0,236,1510.4,634.3679999999999,0.42
2020-04-26,1111119,4,37,2,68.0,290,1972.0,749.36,0.38
2020-04-27,1111119,3,37,2,60.0,299,1794.0,1076.4,0.6
2020-04-28,1111119,2,37,2,53.0,273,1446.9,622.167,0.43
2020-04-29,1111119,6,37,2,52.0,258,1341.6,643.968,0.48
2020-04-30,1111119,5,37,2,50.0,252,1260.0,617.4,0.49
2020-05-01,1111119,1,37,2,64.0,254,1625.6,682.752,0.42
2020-05-02,1111119,4,37,2,66.0,263,1735.8,642.246,0.37
2020-05-03,1111119,3,37,2,62.0,312,1934.4,1238.016,0.64
2020-05-04,1111119,2,37,2,51.0,300,1530.0,642.6,0.42
2020-05-05,1111119,6,37,2,54.0,285,1539.0,723.3299999999999,0.47
2020-05-06,1111119,5,37,2,54.0,225,1215.0,558.9,0.45999999999999996
2020-05-07,1111119,1,37,2,60.0,261,1566.0,673.38,0.43
2020-07-18,1111119,4,37,2,68.0,290,1972.0,690.2,0.35
2020-08-10,1111119,1,24,2,42.0,147,617.4,259.308,0.42
2020-08-11,1111119,4,24,2,39.0,232,904.8,551.928,0.61
2020-08-12,1111119,3,24,2,29.0,268,777.2,373.056,0.48
2020-08-13,1111119,2,24,2,38.0,259,984.2,452.73199999999997,0.45999999999999996
2020-08-14,1111119,6,24,2,33.0,225,742.5,356.4,0.48
2020-08-15,1111119,5,24,2,39.0,189,737.1,427.51800000000003,0.5800000000000001
2020-08-16,1111119,1,24,2,42.0,168,705.6,282.24,0.4
2020-08-17,1111119,4,24,2,37.0,276,1021.2,643.356,0.63
2020-08-18,1111119,3,24,2,39.0,238,928.2,436.254,0.47
2020-08-19,1111119,2,24,2,42.0,238,999.6,449.82,0.44999999999999996
2020-08-20,1111119,6,24,2,37.0,232,858.4,420.616,0.49
2020-08-21,1111119,5,24,2,38.0,203,771.4,439.69800000000004,0.5700000000000001
2020-08-22,1111119,1,24,2,41.0,169,692.9,311.80499999999995,0.44999999999999996
2020-08-23,1111119,4,24,2,47.0,250,1175.0,752.0,0.64
2020-08-24,1111119,3,24,2,37.0,238,880.6,396.27,0.44999999999999996
2020-08-25,1111119,2,24,2,42.0,238,999.6,459.816,0.45999999999999996
2020-08-26,1111119,6,24,2,37.0,319,1180.3,531.135,0.44999999999999996
2020-08-27,1111119,5,24,2,36.0,210,756.0,453.6,0.6
2020-08-28,1111119,1,24,2,41.0,196,803.6,321.44,0.4
2020-08-29,1111119,4,24,2,47.0,293,1377.1,867.573,0.63
2020-08-30,1111119,3,24,2,37.0,268,991.6,485.884,0.49
2020-08-31,1111119,2,24,2,41.0,259,1061.9,477.8549999999999,0.44999999999999996
2020-09-01,1111119,6,24,2,39.0,297,1158.3,532.818,0.45999999999999996
2020-09-02,1111119,5,24,2,38.0,189,718.2,423.7380000000001,0.5900000000000001
2020-09-03,1111119,1,24,2,41.0,169,692.9,277.16,0.4
2020-09-04,1111119,4,24,2,46.0,225,1035.0,672.75,0.65
2020-09-05,1111119,3,24,2,44.0,255,1122.0,538.56,0.48
2020-09-06,1111119,2,24,2,41.0,213,873.3,401.71799999999996,0.45999999999999996
2020-09-07,1111119,6,24,2,46.0,234,1076.4,527.4359999999999,0.49
2020-09-08,1111119,5,24,2,47.0,181,850.7,467.88500000000005,0.55
2020-09-09,1111119,1,24,2,44.0,175,770.0,331.1,0.43
2020-09-10,1111119,4,24,2,50.0,213,1065.0,681.6,0.64
2020-09-11,1111119,3,24,2,44.0,240,1056.0,528.0,0.5
2020-09-12,1111119,2,24,2,43.0,216,928.8,436.53599999999994,0.47
2020-09-13,1111119,6,24,2,48.0,188,902.4,424.128,0.47
2020-09-14,1111119,5,24,2,45.0,168,756.0,438.48,0.5800000000000001
2020-09-15,1111119,1,24,2,42.0,150,630.0,258.3,0.41
2020-09-16,1111119,4,24,2,53.0,210,1113.0,690.0600000000001,0.62
2020-10-20,1111119,3,24,2,43.0,234,1006.2,493.038,0.49
2020-10-21,1111119,2,24,2,43.0,243,1044.9,512.001,0.49
2020-10-22,1111119,6,24,2,47.0,206,968.2,464.736,0.48
2020-10-23,1111119,5,24,2,48.0,203,974.4,535.9200000000001,0.55
2020-10-24,1111119,1,24,2,42.0,195,819.0,368.54999999999995,0.44999999999999996
2020-10-25,1111119,4,24,2,51.0,247,1259.7,781.014,0.62
2020-10-26,1111119,3,24,2,41.0,238,975.8,468.384,0.48
2020-10-27,1111119,2,24,2,44.0,285,1254.0,601.92,0.48
2020-10-28,1111119,6,24,2,47.0,255,1198.5,587.265,0.49
2020-10-29,1111119,5,24,2,47.0,182,855.4,496.13200000000006,0.5800000000000001
2020-10-30,1111119,1,24,2,42.0,169,709.8,319.40999999999997,0.44999999999999996
2020-10-31,1111119,4,24,2,53.0,261,1383.3,857.646,0.62
2021-08-10,1111119,1,23,2,69.0,147,1014.3,273.861,0.27
2021-08-10,1111119,4,23,2,72.0,88,633.6,335.80800000000005,0.53
2021-09-11,1111119,3,23,2,62.0,149,923.8,332.568,0.36
2021-09-11,1111119,2,23,2,69.0,149,1028.1,339.273,0.33
2021-09-11,1111119,6,23,2,64.0,105,672.0,262.08000000000004,0.39
2021-09-11,1111119,5,23,2,62.0,85,527.0,210.8,0.4
2021-09-11,1111119,1,23,2,71.0,91,646.1,193.82999999999998,0.3
2021-09-11,1111119,4,23,2,56.0,105,588.0,311.64,0.53
2021-10-10,1111119,3,23,2,52.0,124,644.8,257.92,0.4
2021-10-10,1111119,2,23,2,61.0,138,841.8,252.54000000000005,0.30000000000000004
2021-10-10,1111119,6,23,2,56.0,87,487.2,170.51999999999998,0.35
2021-10-10,1111119,5,23,2,50.0,83,415.0,153.55,0.37
2021-10-10,1111119,1,23,2,63.0,70,441.0,123.48000000000002,0.28
2021-10-10,1111119,4,23,2,64.0,75,480.0,244.8,0.51
2021-11-10,1111119,3,23,2,51.0,158,805.8,298.146,0.37
2021-11-10,1111119,2,23,2,56.0,168,940.8,301.056,0.32
2021-11-10,1111119,6,23,2,50.0,123,615.0,246.0,0.4
2021-11-10,1111119,5,23,2,60.0,104,624.0,243.35999999999999,0.39
2021-11-10,1111119,1,23,2,83.0,113,937.9,281.37,0.3
2021-11-10,1111119,4,23,2,82.0,140,1148.0,596.96,0.52
2021-12-09,1111119,3,23,2,68.0,189,1285.2,514.08,0.4
2021-12-09,1111119,2,23,2,77.0,182,1401.4,420.4200000000001,0.30000000000000004
2021-04-17,1111119,3,41,2,62.0,138,855.6,359.352,0.42
2021-04-17,1111119,2,41,2,66.0,98,646.8,226.37999999999997,0.35
2021-04-17,1111119,6,41,2,66.0,120,792.0,324.71999999999997,0.41
2021-04-17,1111119,5,41,2,52.0,84,436.8,196.56,0.44999999999999996
2021-04-17,1111119,1,41,2,59.0,58,342.2,119.76999999999998,0.35
2021-04-17,1111119,4,41,2,72.0,109,784.8,470.88,0.6
2021-05-18,1111119,3,41,2,58.0,155,899.0,386.57,0.43
2021-05-18,1111119,2,41,2,60.0,128,768.0,307.2,0.4
2021-05-18,1111119,6,41,2,59.0,119,702.1,315.945,0.44999999999999996
2021-05-18,1111119,5,41,2,59.0,88,519.2,223.256,0.43
2021-05-18,1111119,1,41,2,52.0,68,353.6,113.152,0.32
2021-05-18,1111119,4,41,2,67.0,173,1159.1,672.278,0.5800000000000001
2021-06-17,1111119,3,41,2,61.0,223,1360.3,612.135,0.44999999999999996
2021-06-17,1111119,2,41,2,64.0,203,1299.2,454.71999999999997,0.35
2021-06-17,1111119,6,41,2,80.0,210,1680.0,722.4,0.43
2021-06-17,1111119,5,41,2,77.0,155,1193.5,501.27,0.42
2021-06-17,1111119,1,41,2,89.0,126,1121.4,358.848,0.32
2021-06-17,1111119,4,41,2,103.0,218,2245.4,1257.4240000000002,0.56
2021-07-16,1111119,3,41,2,83.0,261,2166.3,953.1719999999999,0.44
2021-07-16,1111119,2,41,2,88.0,225,1980.0,792.0,0.4
2021-07-16,1111119,6,41,2,86.0,189,1625.4,715.176,0.44
2021-07-16,1111119,5,41,2,82.0,180,1476.0,634.6800000000001,0.43
2021-07-16,1111119,1,41,2,89.0,195,1735.5,555.36,0.32
2021-07-16,1111119,4,41,2,101.0,163,1646.3,938.3910000000002,0.5700000000000001
2021-08-17,1111119,3,41,2,87.0,213,1853.1,759.771,0.41
2021-08-17,1111119,2,41,2,77.0,206,1586.2,555.17,0.35
2021-08-17,1111119,6,41,2,78.0,189,1474.2,633.906,0.43
2021-08-17,1111119,5,41,2,77.0,143,1101.1,462.462,0.42
2021-08-17,1111119,1,41,2,74.0,143,1058.2,328.04200000000003,0.31
2021-08-17,1111119,4,41,2,81.0,87,704.7,408.72600000000006,0.5800000000000001
2021-09-18,1111119,3,41,2,58.0,140,812.0,324.8,0.4
2021-09-18,1111119,2,41,2,60.0,135,810.0,299.7,0.37
2021-09-18,1111119,6,41,2,54.0,75,405.0,182.24999999999997,0.44999999999999996
2021-09-18,1111119,5,41,2,54.0,65,351.0,154.44,0.44
2021-09-18,1111119,1,41,2,64.0,74,473.6,146.816,0.31
2021-09-18,1111119,4,41,2,51.0,75,382.5,210.375,0.55
2021-10-17,1111119,3,41,2,47.0,100,470.0,206.8,0.44
2021-10-17,1111119,2,41,2,59.0,144,849.6,322.848,0.38
2021-10-17,1111119,6,41,2,55.0,112,616.0,252.56,0.41
2021-10-17,1111119,5,41,2,51.0,113,576.3,236.283,0.41
2021-10-17,1111119,1,41,2,59.0,98,578.2,179.24200000000002,0.31
2021-10-17,1111119,4,41,2,65.0,104,676.0,392.08000000000004,0.5800000000000001
2021-11-17,1111119,3,41,2,52.0,169,878.8,351.52000000000004,0.4
2021-11-17,1111119,2,41,2,54.0,175,945.0,359.1,0.38
2021-11-17,1111119,6,41,2,53.0,147,779.1,319.431,0.41
2021-11-17,1111119,5,41,2,64.0,150,960.0,412.8,0.43
2021-11-17,1111119,1,41,2,77.0,124,954.8,286.44000000000005,0.30000000000000004
2021-11-17,1111119,4,41,2,86.0,162,1393.2,821.988,0.5900000000000001
2021-12-16,1111119,3,41,2,72.0,216,1555.2,622.08,0.4
2021-12-16,1111119,2,41,2,82.0,200,1640.0,574.0,0.35
2021-07-16,1111119,2,26,2,53.0,156,826.8,372.05999999999995,0.44999999999999996
2021-07-16,1111119,6,26,2,48.0,142,681.6,340.8,0.5
2021-07-16,1111119,5,26,2,48.0,124,595.2,315.456,0.53
2021-07-16,1111119,1,26,2,59.0,150,885.0,424.8,0.48
2021-07-16,1111119,4,26,2,61.0,176,1073.6,654.896,0.61
2021-08-17,1111119,3,26,2,56.0,215,1204.0,650.1600000000001,0.54
2021-08-17,1111119,2,26,2,50.0,168,840.0,403.2,0.48
2021-08-17,1111119,6,26,2,48.0,147,705.6,366.91200000000003,0.52
2021-08-17,1111119,5,26,2,39.0,128,499.2,259.584,0.52
2021-08-17,1111119,1,26,2,46.0,122,561.2,252.53999999999996,0.44999999999999996
2021-08-17,1111119,4,26,2,53.0,169,895.7,582.205,0.65
2021-09-16,1111119,3,26,2,47.0,203,954.1,515.214,0.54
2021-09-16,1111119,2,26,2,42.0,147,617.4,277.83,0.44999999999999996
2021-09-16,1111119,6,26,2,19.0,123,233.7,116.85,0.5
2021-09-16,1111119,5,26,2,19.0,100,190.0,104.5,0.55
2021-09-16,1111119,1,26,2,29.0,108,313.2,150.33599999999998,0.48
2021-09-16,1111119,4,26,2,32.0,130,416.0,257.91999999999996,0.62
2021-10-18,1111119,3,26,2,32.0,176,563.2,304.12800000000004,0.54
2021-10-18,1111119,2,26,2,25.0,145,362.5,163.12499999999997,0.44999999999999996
2021-10-18,1111119,6,26,2,24.0,98,235.2,127.00800000000001,0.54
2021-10-18,1111119,5,26,2,23.0,105,241.5,120.75,0.5
2021-10-18,1111119,1,26,2,32.0,98,313.6,156.8,0.5
2021-02-21,1111119,5,29,2,18.0,70,126.0,63.0,0.5
2021-02-21,1111119,1,29,2,34.0,98,333.2,149.94,0.44999999999999996
2021-02-21,1111119,4,29,2,19.0,115,218.5,117.99000000000001,0.54
2021-03-19,1111119,3,29,2,18.0,181,325.8,172.674,0.53
2021-03-19,1111119,2,29,2,20.0,98,196.0,88.19999999999999,0.44999999999999996
2021-03-19,1111119,6,29,2,10.0,88,88.0,47.52,0.54
2021-03-19,1111119,5,29,2,19.0,60,114.0,59.28000000000001,0.52
2021-03-19,1111119,1,29,2,32.0,65,208.0,95.67999999999999,0.45999999999999996
2021-03-19,1111119,4,29,2,24.0,102,244.8,124.848,0.51
2021-04-20,1111119,3,29,2,23.0,174,400.2,216.108,0.54
2021-04-20,1111119,2,29,2,24.0,81,194.4,95.256,0.49
2021-04-20,1111119,6,29,2,14.0,75,105.0,54.6,0.52
2021-04-20,1111119,5,29,2,20.0,63,126.0,66.78,0.53
2021-04-20,1111119,1,29,2,37.0,73,270.1,129.648,0.48
2021-04-20,1111119,4,29,2,28.0,116,324.8,165.648,0.51
2021-05-19,1111119,3,29,2,39.0,181,705.9,381.18600000000004,0.54
2021-05-19,1111119,2,29,2,38.0,113,429.4,214.7,0.5
2021-05-19,1111119,6,29,2,34.0,91,309.4,170.17000000000002,0.55
2021-05-19,1111119,5,29,2,34.0,78,265.2,140.556,0.53
2021-05-19,1111119,1,29,2,42.0,85,357.0,167.79,0.47
2021-05-19,1111119,4,29,2,44.0,111,488.4,268.62,0.55
2021-06-21,1111119,3,29,2,36.0,203,730.8,365.4,0.5
2021-06-21,1111119,2,29,2,32.0,106,339.2,166.208,0.49
2021-06-21,1111119,6,29,2,38.0,104,395.2,213.408,0.54
2021-06-21,1111119,5,29,2,37.0,98,362.6,188.552,0.52
2021-06-21,1111119,1,29,2,54.0,98,529.2,254.016,0.48
2021-06-21,1111119,4,29,2,54.0,160,864.0,466.56000000000006,0.54
2021-07-19,1111119,3,29,2,50.0,233,1165.0,582.5,0.5
2021-07-19,1111119,2,29,2,47.0,147,690.9,310.905,0.44999999999999996
2021-07-19,1111119,6,29,2,43.0,126,541.8,276.318,0.51
2021-07-19,1111119,5,29,2,41.0,116,475.6,256.824,0.54
2021-07-19,1111119,1,29,2,55.0,119,654.5,320.705,0.49
2021-07-19,1111119,4,29,2,63.0,150,945.0,510.3,0.54
2021-08-20,1111119,3,29,2,55.0,210,1155.0,623.7,0.54
2021-08-20,1111119,2,29,2,50.0,152,760.0,364.8,0.48
2021-08-20,1111119,6,29,2,47.0,126,592.2,307.944,0.52
2021-08-20,1111119,5,29,2,39.0,104,405.6,202.8,0.5
2021-08-20,1111119,1,29,2,48.0,113,542.4,265.77599999999995,0.49
2021-08-20,1111119,4,29,2,50.0,143,715.0,371.8,0.52
2021-09-19,1111119,3,29,2,48.0,182,873.6,454.27200000000005,0.52
2021-09-19,1111119,2,29,2,39.0,126,491.4,235.87199999999999,0.48
2021-09-19,1111119,6,29,2,14.0,88,123.2,64.064,0.52
2021-09-19,1111119,5,29,2,14.0,88,123.2,64.064,0.52
2021-09-19,1111119,1,29,2,23.0,94,216.2,108.1,0.5
2021-09-19,1111119,4,29,2,29.0,119,345.1,186.354,0.54
2021-10-21,1111119,3,29,2,27.0,150,405.0,202.5,0.5
2021-10-21,1111119,2,29,2,19.0,106,201.4,90.63,0.44999999999999996
2021-10-21,1111119,6,29,2,19.0,78,148.2,74.1,0.5
2021-10-21,1111119,5,29,2,19.0,72,136.8,72.504,0.53
2021-10-21,1111119,1,29,2,27.0,83,224.1,105.327,0.47
2020-04-17,1111119,1,37,3,43.0,279,1199.7,395.90099999999995,0.32999999999999996
2020-04-18,1111119,4,37,3,48.0,355,1704.0,511.2,0.3
2020-04-19,1111119,3,37,3,39.0,408,1591.2,875.1600000000001,0.55
2020-04-20,1111119,2,37,3,43.0,350,1505.0,496.6499999999999,0.32999999999999996
2020-04-21,1111119,6,37,3,36.0,315,1134.0,442.25999999999993,0.38999999999999996
2020-04-22,1111119,5,37,3,34.0,306,1040.4,405.756,0.38999999999999996
2020-04-23,1111119,1,37,3,44.0,315,1386.0,512.8199999999999,0.37
2020-04-24,1111119,4,37,3,45.0,350,1575.0,472.5,0.3
2020-04-25,1111119,1,37,3,51.0,289,1473.9,471.648,0.32
2020-04-26,1111119,4,37,3,50.0,330,1650.0,462.0,0.28
2020-04-27,1111119,3,37,3,46.0,403,1853.8,1038.1280000000002,0.56
2020-04-28,1111119,2,37,3,40.0,312,1248.0,449.28000000000003,0.36
2020-04-29,1111119,6,37,3,43.0,294,1264.2,530.9639999999999,0.42
2020-04-30,1111119,5,37,3,41.0,270,1107.0,409.59000000000003,0.37
2020-05-01,1111119,1,37,3,47.0,280,1316.0,473.75999999999993,0.36
2020-05-02,1111119,4,37,3,53.0,322,1706.6,477.84800000000007,0.28
2020-05-03,1111119,3,37,3,48.0,420,2016.0,1128.96,0.56
2020-05-04,1111119,2,37,3,43.0,310,1333.0,466.55,0.35
2020-05-05,1111119,6,37,3,42.0,333,1398.6,559.4399999999999,0.39999999999999997
2020-05-06,1111119,5,37,3,41.0,306,1254.6,501.84,0.39999999999999997
2020-05-07,1111119,1,37,3,48.0,279,1339.2,495.504,0.37
2020-07-18,1111119,4,37,3,48.0,340,1632.0,489.6,0.3
2020-08-10,1111119,1,24,3,34.0,179,608.6,206.92399999999998,0.33999999999999997
2020-08-11,1111119,4,24,3,27.0,272,734.4,403.92,0.55
2020-08-12,1111119,3,24,3,24.0,315,756.0,294.84,0.38999999999999996
2020-08-13,1111119,2,24,3,30.0,287,861.0,361.62,0.42
2020-08-14,1111119,6,24,3,23.0,240,552.0,204.23999999999998,0.37
2020-08-15,1111119,5,24,3,31.0,245,759.5,387.345,0.51
2020-08-16,1111119,1,24,3,35.0,180,630.0,220.5,0.35
2020-08-17,1111119,4,24,3,32.0,295,944.0,538.08,0.5700000000000001
2020-08-18,1111119,3,24,3,28.0,295,826.0,338.65999999999997,0.41
2020-08-19,1111119,2,24,3,33.0,323,1065.9,447.678,0.42
2020-08-20,1111119,6,24,3,27.0,264,712.8,285.12,0.39999999999999997
2020-08-21,1111119,5,24,3,26.0,263,683.8,328.224,0.48
2020-08-22,1111119,1,24,3,29.0,221,640.9,205.08800000000002,0.32
2020-08-23,1111119,4,24,3,38.0,350,1330.0,758.1000000000001,0.5700000000000001
2020-08-24,1111119,3,24,3,29.0,295,855.5,342.19999999999993,0.39999999999999997
2020-08-25,1111119,2,24,3,32.0,285,912.0,383.03999999999996,0.42
2020-08-26,1111119,6,24,3,29.0,374,1084.6,444.686,0.41
2020-08-27,1111119,5,24,3,28.0,224,627.2,326.144,0.52
2020-08-28,1111119,1,24,3,33.0,217,716.1,257.796,0.36
2020-08-29,1111119,4,24,3,36.0,302,1087.2,565.344,0.52
2020-08-30,1111119,3,24,3,27.0,305,823.5,304.695,0.37
2020-08-31,1111119,2,24,3,33.0,305,1006.5,382.46999999999997,0.38
2020-09-01,1111119,6,24,3,29.0,374,1084.6,444.686,0.41
2020-09-02,1111119,5,24,3,30.0,215,645.0,309.6,0.48
2020-09-03,1111119,1,24,3,35.0,228,798.0,271.32,0.33999999999999997
2020-09-04,1111119,4,24,3,39.0,270,1053.0,568.6200000000001,0.54
2020-09-05,1111119,3,24,3,33.0,264,871.2,365.904,0.42
2020-09-06,1111119,2,24,3,32.0,255,816.0,301.91999999999996,0.37
2020-09-07,1111119,6,24,3,36.0,315,1134.0,430.91999999999996,0.38
2020-09-08,1111119,5,24,3,37.0,200,740.0,370.0,0.5
2020-09-09,1111119,1,24,3,36.0,206,741.6,266.976,0.36
2020-09-10,1111119,4,24,3,42.0,298,1251.6,713.412,0.5700000000000001
2020-09-11,1111119,3,24,3,31.0,272,843.2,328.84799999999996,0.38999999999999996
2020-09-12,1111119,2,24,3,29.0,248,719.2,280.48799999999994,0.38999999999999996
2020-09-13,1111119,6,24,3,39.0,255,994.5,367.96500000000003,0.37
2020-09-14,1111119,5,24,3,36.0,204,734.4,345.168,0.47000000000000003
2020-09-15,1111119,1,24,3,35.0,184,644.0,238.28000000000003,0.37
2020-09-16,1111119,4,24,3,43.0,233,1001.9,541.0260000000001,0.54
2020-10-20,1111119,3,24,3,34.0,270,918.0,348.84000000000003,0.38
2020-10-21,1111119,2,24,3,31.0,306,948.6,379.43999999999994,0.39999999999999997
2020-10-22,1111119,6,24,3,34.0,281,955.4,372.60599999999994,0.38999999999999996
2020-10-23,1111119,5,24,3,36.0,230,828.0,414.0,0.5
2020-10-24,1111119,1,24,3,30.0,195,585.0,187.2,0.32
2020-10-25,1111119,4,24,3,44.0,289,1271.6,724.8120000000001,0.5700000000000001
2020-10-26,1111119,3,24,3,32.0,333,1065.6,426.23999999999995,0.39999999999999997
2020-10-27,1111119,2,24,3,34.0,333,1132.2,475.524,0.42
2020-10-28,1111119,6,24,3,38.0,298,1132.4,430.312,0.38
2020-10-29,1111119,5,24,3,36.0,210,756.0,393.12,0.52
2020-10-30,1111119,1,24,3,30.0,208,624.0,224.64000000000001,0.36
2020-10-31,1111119,4,24,3,41.0,306,1254.6,690.03,0.55
2021-04-17,1111119,3,41,3,47.0,171,803.7,289.332,0.36
2021-04-17,1111119,2,41,3,51.0,105,535.5,144.585,0.27
2021-04-17,1111119,6,41,3,49.0,132,646.8,219.91199999999998,0.33999999999999997
2021-04-17,1111119,5,41,3,41.0,90,369.0,129.15,0.35
2021-04-17,1111119,1,41,3,47.0,60,282.0,62.04,0.22
2021-04-17,1111119,4,41,3,57.0,113,644.1,322.05,0.5
2021-05-18,1111119,3,41,3,44.0,201,884.4,291.852,0.32999999999999996
2021-05-18,1111119,2,41,3,46.0,132,607.2,170.01600000000002,0.28
2021-05-18,1111119,6,41,3,46.0,132,607.2,218.592,0.36
2021-05-18,1111119,5,41,3,39.0,107,417.3,141.882,0.33999999999999997
2021-05-18,1111119,1,41,3,42.0,68,285.6,71.4,0.25
2021-05-18,1111119,4,41,3,48.0,173,830.4,390.288,0.47000000000000003
2021-06-17,1111119,3,41,3,50.0,272,1360.0,435.2,0.32
2021-06-17,1111119,2,41,3,53.0,224,1187.2,344.28799999999995,0.29
2021-06-17,1111119,6,41,3,60.0,238,1428.0,471.23999999999995,0.32999999999999996
2021-06-17,1111119,5,41,3,66.0,196,1293.6,478.63199999999995,0.37
2021-06-17,1111119,1,41,3,71.0,153,1086.3,238.98600000000002,0.22
2021-06-17,1111119,4,41,3,74.0,248,1835.2,862.5440000000001,0.47000000000000003
2021-07-16,1111119,3,41,3,68.0,297,2019.6,747.252,0.37
2021-07-16,1111119,2,41,3,74.0,263,1946.2,544.936,0.28
2021-07-16,1111119,6,41,3,72.0,238,1713.6,582.624,0.33999999999999997
2021-07-16,1111119,5,41,3,59.0,186,1097.4,362.14199999999994,0.32999999999999996
2021-07-16,1111119,1,41,3,68.0,208,1414.4,311.168,0.22
2021-07-16,1111119,4,41,3,75.0,195,1462.5,687.375,0.47000000000000003
2021-08-17,1111119,3,41,3,68.0,255,1734.0,624.24,0.36
2021-08-17,1111119,2,41,3,60.0,272,1632.0,440.64000000000004,0.27
2021-08-17,1111119,6,41,3,62.0,231,1432.2,472.6259999999999,0.32999999999999996
2021-08-17,1111119,5,41,3,64.0,147,940.8,310.46399999999994,0.32999999999999996
2021-08-17,1111119,1,41,3,63.0,166,1045.8,250.99200000000002,0.24000000000000002
2021-08-17,1111119,4,41,3,60.0,96,576.0,282.24,0.49
2021-09-18,1111119,3,41,3,44.0,155,682.0,252.34,0.37
2021-09-18,1111119,2,41,3,45.0,150,675.0,209.25,0.31
2021-09-18,1111119,6,41,3,39.0,96,374.4,123.55199999999998,0.32999999999999996
2021-09-18,1111119,5,41,3,44.0,78,343.2,126.984,0.37
2021-09-18,1111119,1,41,3,54.0,94,507.6,116.748,0.23
2021-09-18,1111119,4,41,3,42.0,99,415.8,203.74200000000002,0.49
2021-10-17,1111119,3,41,3,39.0,140,546.0,202.02,0.37
2021-10-17,1111119,2,41,3,43.0,190,817.0,236.92999999999998,0.29
2021-10-17,1111119,6,41,3,43.0,128,550.4,187.136,0.33999999999999997
2021-10-17,1111119,5,41,3,40.0,120,480.0,168.0,0.35
2021-10-17,1111119,1,41,3,47.0,116,545.2,119.944,0.22
2021-10-17,1111119,4,41,3,53.0,140,742.0,385.84000000000003,0.52
2021-11-17,1111119,3,41,3,41.0,188,770.8,262.072,0.33999999999999997
2021-11-17,1111119,2,41,3,46.0,231,1062.6,340.03200000000004,0.32
2021-11-17,1111119,6,41,3,44.0,173,761.2,281.644,0.37
2021-11-17,1111119,5,41,3,47.0,170,799.0,271.65999999999997,0.33999999999999997
2021-11-17,1111119,1,41,3,58.0,147,852.6,230.202,0.27
2021-11-17,1111119,4,41,3,66.0,198,1306.8,653.4,0.5
2021-12-16,1111119,3,41,3,58.0,280,1624.0,584.64,0.36
2021-12-16,1111119,2,41,3,55.0,256,1408.0,436.48,0.31
2021-07-16,1111119,2,26,3,42.0,192,806.4,306.432,0.38
2021-07-16,1111119,6,26,3,37.0,168,621.6,261.072,0.42000000000000004
2021-07-16,1111119,5,26,3,33.0,143,471.9,202.91700000000003,0.43000000000000005
2021-07-16,1111119,1,26,3,46.0,150,690.0,255.3,0.37
2021-07-16,1111119,4,26,3,49.0,209,1024.1,542.773,0.53
2021-08-17,1111119,3,26,3,41.0,256,1049.6,472.32,0.45
2021-08-17,1111119,2,26,3,44.0,198,871.2,357.19199999999995,0.41
2021-08-17,1111119,6,26,3,37.0,179,662.3,291.412,0.44
2021-08-17,1111119,5,26,3,32.0,147,470.4,197.56800000000004,0.42000000000000004
2021-08-17,1111119,1,26,3,35.0,158,553.0,232.26,0.42
2021-08-17,1111119,4,26,3,42.0,206,865.2,475.86,0.55
2021-09-16,1111119,3,26,3,40.0,232,928.0,408.32,0.44
2021-09-16,1111119,2,26,3,33.0,158,521.4,213.77399999999997,0.41
2021-09-16,1111119,6,26,3,15.0,145,217.5,102.22500000000001,0.47000000000000003
2021-09-16,1111119,5,26,3,16.0,120,192.0,86.4,0.45
2021-09-16,1111119,1,26,3,22.0,132,290.4,110.352,0.38
2021-09-16,1111119,4,26,3,26.0,160,416.0,232.96000000000004,0.56
2021-10-18,1111119,3,26,3,24.0,216,518.4,238.46400000000003,0.46
2021-10-18,1111119,2,26,3,17.0,165,280.5,103.785,0.37
2021-10-18,1111119,6,26,3,19.0,120,228.0,107.16000000000001,0.47000000000000003
2021-10-18,1111119,5,26,3,20.0,109,218.0,98.1,0.45
2021-10-18,1111119,1,26,3,25.0,105,262.5,110.25,0.42
2021-02-21,1111119,5,29,3,15.0,78,117.0,54.989999999999995,0.47000000000000003
2021-02-21,1111119,1,29,3,23.0,111,255.3,94.461,0.37
2021-02-21,1111119,4,29,3,16.0,145,232.0,97.44000000000001,0.42000000000000004
2021-03-19,1111119,3,29,3,15.0,206,309.0,145.23000000000002,0.47000000000000003
2021-03-19,1111119,2,29,3,14.0,107,149.8,55.426,0.37
2021-03-19,1111119,6,29,3,8.0,112,89.6,40.32,0.45
2021-03-19,1111119,5,29,3,15.0,70,105.0,49.35000000000001,0.47000000000000003
2021-03-19,1111119,1,29,3,24.0,88,211.2,84.47999999999999,0.39999999999999997
2021-03-19,1111119,4,29,3,20.0,112,224.0,103.04,0.46
2021-04-20,1111119,3,29,3,19.0,204,387.6,174.42000000000002,0.45
2021-04-20,1111119,2,29,3,20.0,102,204.0,81.6,0.39999999999999997
2021-04-20,1111119,6,29,3,11.0,96,105.6,49.632000000000005,0.47000000000000003
2021-04-20,1111119,5,29,3,13.0,77,100.1,47.047000000000004,0.47000000000000003
2021-04-20,1111119,1,29,3,31.0,75,232.5,86.025,0.37
2021-04-20,1111119,4,29,3,24.0,120,288.0,126.72,0.44
2021-05-19,1111119,3,29,3,26.0,228,592.8,272.688,0.46
2021-05-19,1111119,2,29,3,28.0,116,324.8,136.416,0.42
2021-05-19,1111119,6,29,3,27.0,119,321.3,141.372,0.44
2021-05-19,1111119,5,29,3,24.0,90,216.0,101.52000000000001,0.47000000000000003
2021-05-19,1111119,1,29,3,32.0,111,355.2,138.52799999999996,0.38999999999999996
2021-05-19,1111119,4,29,3,33.0,145,478.5,224.89500000000004,0.47000000000000003
2021-06-21,1111119,3,29,3,28.0,236,660.8,290.752,0.44
2021-06-21,1111119,2,29,3,25.0,149,372.5,145.27499999999998,0.38999999999999996
2021-06-21,1111119,6,29,3,28.0,124,347.2,156.24,0.45
2021-06-21,1111119,5,29,3,29.0,124,359.6,158.224,0.44
2021-06-21,1111119,1,29,3,37.0,116,429.2,167.38799999999998,0.38999999999999996
2021-06-21,1111119,4,29,3,48.0,165,792.0,340.56000000000006,0.43000000000000005
2021-07-19,1111119,3,29,3,39.0,271,1056.9,443.898,0.42000000000000004
2021-07-19,1111119,2,29,3,36.0,163,586.8,217.11599999999999,0.37
2021-07-19,1111119,6,29,3,32.0,140,448.0,197.12,0.44
2021-07-19,1111119,5,29,3,35.0,120,420.0,180.60000000000002,0.43000000000000005
2021-07-19,1111119,1,29,3,40.0,149,596.0,238.4,0.39999999999999997
2021-07-19,1111119,4,29,3,50.0,198,990.0,455.4,0.46
2021-08-20,1111119,3,29,3,43.0,233,1001.9,450.855,0.45
2021-08-20,1111119,2,29,3,42.0,163,684.6,266.99399999999997,0.38999999999999996
2021-08-20,1111119,6,29,3,40.0,135,540.0,237.6,0.44
2021-08-20,1111119,5,29,3,29.0,132,382.8,172.26000000000002,0.45
2021-08-20,1111119,1,29,3,40.0,113,452.0,167.24,0.37
2021-08-20,1111119,4,29,3,40.0,193,772.0,362.84000000000003,0.47000000000000003
2021-09-19,1111119,3,29,3,35.0,221,773.5,332.605,0.43000000000000005
2021-09-19,1111119,2,29,3,26.0,135,351.0,143.91,0.41
2021-09-19,1111119,6,29,3,11.0,123,135.3,63.59100000000001,0.47000000000000003
2021-09-19,1111119,5,29,3,12.0,104,124.8,52.41600000000001,0.42000000000000004
2021-09-19,1111119,1,29,3,18.0,111,199.8,77.922,0.38999999999999996
2021-09-19,1111119,4,29,3,22.0,140,308.0,129.36,0.42000000000000004
2021-10-21,1111119,3,29,3,21.0,180,378.0,170.1,0.45
2021-10-21,1111119,2,29,3,14.0,132,184.8,73.91999999999999,0.39999999999999997
2021-10-21,1111119,6,29,3,16.0,99,158.4,72.864,0.46
2021-10-21,1111119,5,29,3,15.0,94,141.0,63.45,0.45
2021-10-21,1111119,1,29,3,21.0,91,191.1,70.707,0.37
2020-11-01,1111110,3,24,3,40.0,775,31000.0,10850.000000000002,0.35000000000000003
2020-11-02,1111110,2,24,3,50.0,775,38750.0,7750.0,0.2
2020-11-03,1111110,6,24,3,50.0,775,38750.0,13562.5,0.35000000000000003
2020-11-04,1111110,5,24,3,50.0,625,31250.0,9375.0,0.3
2020-11-05,1111110,1,49,3,55.00000000000001,575,31625.000000000007,15812.500000000004,0.5
2020-11-06,1111110,4,49,3,50.0,775,38750.0,5812.500000000001,0.15000000000000002
2020-11-07,1111110,3,49,3,40.0,825,33000.0,11550.000000000002,0.35000000000000003
2020-11-08,1111110,2,49,3,50.0,725,36250.0,7250.0,0.2
2020-11-09,1111110,6,49,3,50.0,725,36250.0,12687.500000000002,0.35000000000000003
2020-11-10,1111110,5,49,3,50.0,575,28750.0,8625.0,0.3
2020-11-11,1111110,1,49,3,55.00000000000001,500,27500.000000000007,13750.000000000004,0.5
2020-11-12,1111110,4,49,3,50.0,700,35000.0,5250.000000000001,0.15000000000000002
2020-11-13,1111110,3,49,3,50.0,850,42500.0,14875.0,0.35000000000000003
2020-11-14,1111110,2,49,3,60.0,700,42000.0,8400.0,0.2
2020-11-15,1111110,6,49,3,60.0,700,42000.0,14700.0,0.35000000000000003
2020-12-22,1111110,5,49,3,60.0,600,36000.0,10800.0,0.3
2020-12-23,1111110,1,49,3,65.0,500,32500.0,16250.0,0.5
2020-12-24,1111110,4,49,3,60.0,700,42000.0,6300.000000000001,0.15000000000000002
2020-12-25,1111110,3,49,3,60.0,875,52500.0,18375.000000000004,0.35000000000000003
2020-12-26,1111110,2,49,3,65.0,675,43875.0,8775.0,0.2
2020-12-27,1111110,6,49,3,65.0,725,47125.0,16493.750000000004,0.35000000000000003
2020-12-28,1111110,5,49,3,60.0,625,37500.0,11250.0,0.3
2020-12-29,1111110,1,49,3,65.0,525,34125.0,17062.5,0.5
2020-12-30,1111110,4,49,3,80.0,700,56000.0,8400.000000000002,0.15000000000000002
2020-12-31,1111110,3,49,3,60.0,900,54000.0,21600.0,0.4
2021-01-01,1111110,2,49,3,65.0,750,48750.0,12187.5,0.25
2021-01-02,1111110,6,49,3,65.0,750,48750.0,19500.0,0.4
2021-01-03,1111110,5,49,3,60.0,650,39000.0,13650.0,0.35
2021-01-04,1111110,1,49,3,65.0,550,35750.0,19662.500000000004,0.55
2021-01-05,1111110,4,49,3,80.0,725,58000.0,11600.0,0.2
2021-01-06,1111110,3,49,3,60.0,975,58500.0,23400.0,0.4
2021-01-07,1111110,2,49,3,65.0,825,53625.0,13406.25,0.25
2021-01-08,1111110,6,49,3,65.0,825,53625.0,21450.0,0.4
2021-01-09,1111110,5,49,3,60.0,700,42000.0,14700.0,0.35
2021-01-10,1111110,1,49,3,65.0,575,37375.0,20556.250000000004,0.55
2021-01-11,1111110,4,49,3,80.0,875,70000.0,14000.0,0.2
2021-01-12,1111110,3,49,3,60.0,1025,61500.0,21525.000000000004,0.35000000000000003
2021-01-13,1111110,2,49,3,65.0,875,56875.0,11375.0,0.2
2021-01-14,1111110,6,49,3,65.0,825,53625.0,18768.750000000004,0.35000000000000003
2021-01-15,1111110,5,49,3,60.0,725,43500.0,13050.0,0.3
2021-01-16,1111110,1,49,3,65.0,775,50375.0,25187.5,0.5
2021-01-17,1111110,4,49,3,80.0,775,62000.0,9300.000000000002,0.15000000000000002
2021-01-18,1111110,3,49,3,65.0,975,63375.0,22181.250000000004,0.35000000000000003
2021-01-19,1111110,2,49,3,70.0,925,64750.0,12950.0,0.2
2021-01-20,1111110,6,49,3,65.0,800,52000.0,18200.000000000004,0.35000000000000003
2021-01-21,1111110,5,49,3,65.0,750,48750.0,14625.0,0.3
2021-01-22,1111110,1,49,3,75.0,750,56250.0,28125.0,0.5
2021-01-23,1111110,4,49,3,80.0,725,58000.0,8700.000000000002,0.15000000000000002
2021-01-24,1111110,3,49,3,55.00000000000001,925,50875.00000000001,15262.500000000004,0.30000000000000004
2021-01-25,1111110,2,49,3,60.00000000000001,925,55500.000000000015,8325.000000000002,0.15
2021-01-26,1111110,6,49,3,55.00000000000001,775,42625.00000000001,12787.500000000004,0.30000000000000004
2021-01-27,1111110,5,49,3,55.00000000000001,725,39875.00000000001,9968.75,0.24999999999999997
2021-01-28,1111110,1,49,3,65.0,725,47125.0,21206.250000000004,0.45000000000000007
2021-01-29,1111110,4,49,3,70.0,775,54250.0,5425.0,0.1
2021-01-30,1111110,3,49,3,55.00000000000001,875,48125.00000000001,14437.500000000004,0.30000000000000004
2021-01-31,1111110,2,49,3,60.00000000000001,875,52500.000000000015,7875.000000000002,0.15
2021-02-01,1111110,6,49,3,55.00000000000001,700,38500.00000000001,11550.000000000004,0.30000000000000004
2021-02-02,1111110,5,49,3,55.00000000000001,675,37125.00000000001,9281.25,0.24999999999999997
2021-02-03,1111110,1,49,3,65.0,650,42250.0,19012.500000000004,0.45000000000000007
2021-02-04,1111110,4,49,3,70.0,700,49000.0,4900.0,0.1
2021-02-05,1111110,3,49,3,55.00000000000001,875,48125.00000000001,14437.500000000004,0.30000000000000004
2021-02-06,1111110,2,49,3,60.00000000000001,875,52500.000000000015,7875.000000000002,0.15
2021-02-07,1111110,6,49,3,55.00000000000001,725,39875.00000000001,11962.500000000004,0.30000000000000004
2021-02-08,1111110,5,49,3,55.00000000000001,700,38500.00000000001,9625.0,0.24999999999999997
2021-02-09,1111110,1,49,3,65.0,650,42250.0,19012.500000000004,0.45000000000000007
2021-02-10,1111110,4,49,3,70.0,775,54250.0,5425.0,0.1
2021-02-11,1111110,3,49,3,55.00000000000001,975,53625.000000000015,16087.500000000005,0.30000000000000004
2021-02-12,1111110,2,49,3,60.00000000000001,975,58500.000000000015,8775.000000000002,0.15
2021-02-13,1111110,6,49,3,55.00000000000001,775,42625.00000000001,12787.500000000004,0.30000000000000004
2021-02-14,1111110,5,49,3,55.00000000000001,775,42625.00000000001,10656.25,0.24999999999999997
2021-02-15,1111110,1,49,3,65.0,700,45500.0,20475.000000000004,0.45000000000000007
2021-02-16,1111110,4,49,3,70.0,800,56000.0,5600.0,0.1
2020-01-02,1111110,3,42,3,35.0,450,15750.0,6300.0,0.4
2020-01-03,1111110,2,42,3,45.0,450,20250.0,5062.5,0.25
2020-01-04,1111110,6,42,3,45.0,450,20250.0,8100.0,0.4
2020-01-05,1111110,5,42,3,45.0,300,13500.0,4725.0,0.35
2020-01-06,1111110,1,28,3,50.0,250,12500.0,6875.0,0.55
2020-01-07,1111110,4,28,3,45.0,475,21375.0,4275.0,0.2
2020-01-08,1111110,3,28,3,35.0,525,18375.0,7350.0,0.4
2020-01-09,1111110,2,28,3,45.0,425,19125.0,4781.25,0.25
2020-01-10,1111110,6,28,3,45.0,425,19125.0,7650.0,0.4
2020-01-11,1111110,5,28,3,45.0,275,12375.0,4331.25,0.35
2020-01-12,1111110,1,28,3,50.0,200,10000.0,5500.000000000001,0.55
2020-01-13,1111110,4,28,3,45.0,400,18000.0,3600.0,0.2
2020-01-14,1111110,3,28,3,45.0,550,24750.0,9900.0,0.4
2020-01-15,1111110,2,28,3,54.99999999999999,400,21999.999999999996,5499.999999999999,0.25
2020-01-16,1111110,6,28,3,54.99999999999999,400,21999.999999999996,8800.0,0.4
2020-01-17,1111110,5,28,3,54.99999999999999,300,16499.999999999996,5774.999999999998,0.35
2020-01-18,1111110,1,28,3,60.0,175,10500.0,5775.000000000001,0.55
2020-01-19,1111110,4,28,3,54.99999999999999,375,20624.999999999996,4125.0,0.2
2020-01-20,1111110,3,28,3,60.0,550,33000.0,13200.0,0.4
2020-01-21,1111110,2,28,3,65.0,350,22750.0,5687.5,0.25
2020-01-22,1111110,6,28,3,65.0,400,26000.0,10400.0,0.4
2020-01-23,1111110,5,28,3,60.0,300,18000.0,6299.999999999999,0.35
2020-01-24,1111110,1,28,3,65.0,200,13000.0,7150.0,0.55
2020-01-25,1111110,4,28,3,80.0,350,28000.0,5600.0,0.2
2020-01-26,1111110,3,28,3,60.0,550,33000.0,14850.0,0.45
2020-01-27,1111110,2,28,3,65.0,400,26000.0,7800.0,0.3
2020-01-28,1111110,6,28,3,65.0,400,26000.0,11700.0,0.45
2020-01-29,1111110,5,28,3,60.0,300,18000.0,7200.0,0.39999999999999997
2020-01-30,1111110,1,28,3,65.0,200,13000.0,7800.000000000002,0.6000000000000001
2020-01-31,1111110,4,28,3,80.0,450,36000.0,9000.0,0.25
2020-02-01,1111110,3,28,3,60.0,700,42000.0,18900.0,0.45
2020-02-02,1111110,2,28,3,65.0,550,35750.0,10725.0,0.3
2020-02-03,1111110,6,28,3,65.0,550,35750.0,16087.5,0.45
2020-02-04,1111110,5,28,3,60.0,425,25500.0,10199.999999999998,0.39999999999999997
2020-02-05,1111110,1,28,3,65.0,300,19500.0,11700.000000000002,0.6000000000000001
2020-02-06,1111110,4,28,3,80.0,600,48000.0,12000.0,0.25
2020-02-07,1111110,3,28,3,60.0,750,45000.0,18000.0,0.4
2020-02-08,1111110,2,28,3,65.0,600,39000.0,9750.0,0.25
2020-02-09,1111110,6,28,1,65.0,550,35750.0,14300.0,0.4
2020-02-10,1111110,5,28,1,60.0,450,27000.0,9450.0,0.35
2020-02-11,1111110,1,28,1,65.0,500,32500.0,17875.0,0.55
2020-02-12,1111110,4,28,1,80.0,500,40000.0,8000.0,0.2
2020-02-13,1111110,3,28,1,65.0,700,45500.0,18200.0,0.4
2020-02-14,1111110,2,28,1,70.0,650,45500.0,11375.0,0.25
2020-02-15,1111110,6,28,1,65.0,525,34125.0,13650.0,0.4
2020-02-16,1111110,5,28,1,65.0,475,30875.0,10806.25,0.35
2020-02-17,1111110,1,28,1,75.0,475,35625.0,19593.750000000004,0.55
2020-02-18,1111110,4,28,1,80.0,400,32000.0,6400.0,0.2
2020-02-19,1111110,3,28,1,60.00000000000001,600,36000.00000000001,12600.000000000004,0.35000000000000003
2020-02-20,1111110,2,28,1,65.00000000000001,600,39000.00000000001,7800.000000000002,0.2
2020-02-21,1111110,6,28,1,60.00000000000001,450,27000.000000000007,9450.000000000004,0.35000000000000003
2020-02-22,1111110,5,28,1,60.00000000000001,400,24000.000000000004,7200.0,0.3
2020-02-23,1111110,1,28,1,70.0,400,28000.0,14000.000000000004,0.5000000000000001
2020-02-24,1111110,4,28,1,75.00000000000001,450,33750.00000000001,5062.500000000002,0.15000000000000002
2020-02-25,1111110,3,28,1,60.00000000000001,550,33000.00000000001,11550.000000000004,0.35000000000000003
2020-02-26,1111110,2,28,1,65.00000000000001,550,35750.00000000001,7150.000000000002,0.2
2020-02-27,1111110,6,28,1,60.00000000000001,375,22500.000000000004,7875.000000000002,0.35000000000000003
2020-02-28,1111110,5,28,1,60.00000000000001,350,21000.000000000004,6300.000000000001,0.3
2020-03-01,1111110,1,28,1,70.0,325,22750.0,11375.000000000004,0.5000000000000001
2020-03-02,1111110,4,28,1,75.00000000000001,375,28125.000000000007,4218.750000000002,0.15000000000000002
2020-03-03,1111110,3,28,1,60.00000000000001,575,34500.00000000001,12075.000000000004,0.35000000000000003
2020-03-04,1111110,2,28,1,65.00000000000001,575,37375.00000000001,7475.000000000002,0.2
2020-03-05,1111110,6,28,1,60.00000000000001,425,25500.000000000004,8925.000000000002,0.35000000000000003
2020-03-06,1111110,5,28,1,60.00000000000001,400,24000.000000000004,7200.0,0.3
2020-03-07,1111110,1,28,1,70.0,350,24500.0,12250.000000000004,0.5000000000000001
2020-03-08,1111110,4,28,1,75.00000000000001,475,35625.00000000001,5343.750000000002,0.15000000000000002
2020-03-09,1111110,3,28,1,60.00000000000001,675,40500.00000000001,14175.000000000004,0.35000000000000003
2020-03-10,1111110,2,28,1,65.00000000000001,675,43875.000000000015,8775.000000000004,0.2
2020-03-11,1111110,6,28,1,60.00000000000001,475,28500.000000000007,9975.000000000004,0.35000000000000003
2020-03-12,1111110,5,28,1,60.00000000000001,475,28500.000000000007,8550.000000000002,0.3
2020-03-13,1111110,1,28,1,70.0,400,28000.0,14000.000000000004,0.5000000000000001
2020-03-14,1111110,4,28,1,75.00000000000001,500,37500.00000000001,5625.000000000002,0.15000000000000002
2020-03-15,1111110,3,28,1,30.0,425,12750.0,4462.500000000001,0.35000000000000003
2020-03-16,1111110,2,28,1,40.0,425,17000.0,3400.0,0.2
2020-03-17,1111110,6,28,1,40.0,425,17000.0,5950.000000000001,0.35000000000000003
2020-03-18,1111110,5,28,1,40.0,275,11000.0,3300.0,0.3
2020-03-19,1111110,1,18,1,45.0,225,10125.0,5062.5,0.5
2020-03-20,1111110,4,18,1,40.0,475,19000.0,2850.0000000000005,0.15000000000000002
2020-03-21,1111110,3,18,1,30.0,525,15750.0,5512.500000000001,0.35000000000000003
2020-03-22,1111110,2,18,1,40.0,425,17000.0,3400.0,0.2
2020-03-23,1111110,6,18,1,40.0,425,17000.0,5950.000000000001,0.35000000000000003
2020-03-24,1111110,5,18,1,40.0,275,11000.0,3300.0,0.3
2020-03-25,1111110,1,18,1,45.0,200,9000.0,4500.0,0.5
2020-03-26,1111110,4,18,1,40.0,400,16000.0,2400.0000000000005,0.15000000000000002
2020-03-27,1111110,3,18,1,40.0,550,22000.0,7700.000000000002,0.35000000000000003
2020-03-28,1111110,2,18,1,49.99999999999999,400,19999.999999999996,4000.0,0.2
2020-03-29,1111110,6,18,1,54.99999999999999,400,21999.999999999996,7700.0,0.35000000000000003
2020-03-30,1111110,5,18,1,54.99999999999999,300,16499.999999999996,4949.999999999999,0.3
2020-03-31,1111110,1,18,1,60.0,150,9000.0,4500.0,0.5
2020-04-01,1111110,4,18,1,54.99999999999999,350,19249.999999999996,2887.5,0.15000000000000002
2020-04-02,1111110,3,18,1,60.0,525,31500.0,11025.000000000002,0.35000000000000003
2020-04-03,1111110,2,18,1,65.0,325,21125.0,4225.0,0.2
2020-04-04,1111110,6,18,1,65.0,375,24375.0,8531.250000000002,0.35000000000000003
2020-04-05,1111110,5,18,1,60.0,275,16500.0,4950.0,0.3
2020-04-06,1111110,1,18,1,65.0,175,11375.0,5687.5,0.5
2020-04-07,1111110,4,18,1,80.0,325,26000.0,3900.000000000001,0.15000000000000002
2020-04-08,1111110,3,18,1,60.0,525,31500.0,15750.0,0.5
2020-04-09,1111110,2,18,1,65.0,375,24375.0,8531.25,0.35
2020-04-10,1111110,6,18,1,65.0,375,24375.0,12187.5,0.5
2020-04-11,1111110,5,18,1,60.0,275,16500.0,7424.999999999998,0.44999999999999996
2020-04-12,1111110,1,18,1,65.0,175,11375.0,7393.750000000002,0.6500000000000001
2020-04-13,1111110,4,18,1,80.0,475,38000.0,11400.0,0.3
2020-04-14,1111110,3,18,1,60.0,725,43500.0,21750.0,0.5
2020-04-15,1111110,2,18,1,65.0,575,37375.0,13081.249999999998,0.35
2020-04-16,1111110,6,18,1,65.0,575,37375.0,18687.5,0.5
2020-04-17,1111110,5,18,1,65.0,450,29250.0,13162.5,0.44999999999999996
2020-04-18,1111110,1,18,1,70.0,325,22750.0,14787.500000000004,0.6500000000000001
2020-04-19,1111110,4,18,1,85.00000000000001,625,53125.000000000015,15937.500000000004,0.3
2020-04-20,1111110,3,18,1,65.0,775,50375.0,22668.75,0.45
2020-04-21,1111110,2,18,1,70.0,625,43750.0,13125.0,0.3
2020-04-22,1111110,6,18,1,70.0,575,40250.0,18112.5,0.45
2020-04-23,1111110,5,18,1,65.0,475,30875.0,12349.999999999998,0.39999999999999997
2020-04-24,1111110,1,18,1,70.0,525,36750.0,22050.000000000004,0.6000000000000001
2020-04-25,1111110,4,18,1,85.00000000000001,525,44625.00000000001,11156.250000000002,0.25
2020-04-26,1111110,3,18,1,70.0,725,50750.0,22837.5,0.45
2020-04-27,1111110,2,18,1,75.00000000000001,675,50625.000000000015,15187.500000000004,0.3
2020-04-28,1111110,6,18,1,70.0,550,38500.0,17325.0,0.45
2020-04-29,1111110,5,18,1,70.0,500,35000.0,14000.0,0.39999999999999997
2020-04-30,1111110,1,18,1,75.0,500,37500.0,22500.000000000004,0.6000000000000001
2020-05-01,1111110,4,18,1,80.0,400,32000.0,8000.0,0.25
2020-05-02,1111110,3,18,1,65.00000000000001,600,39000.00000000001,15600.000000000004,0.4
2020-05-03,1111110,2,18,1,70.00000000000001,600,42000.00000000001,10500.000000000002,0.25
2020-05-04,1111110,6,18,1,65.00000000000001,450,29250.000000000007,11700.000000000004,0.4
2020-05-05,1111110,5,18,1,65.00000000000001,400,26000.000000000007,9100.000000000002,0.35
2020-05-06,1111110,1,18,1,75.00000000000001,400,30000.000000000007,16500.000000000007,0.5500000000000002
2020-05-07,1111110,4,18,1,70.0,425,29750.0,5950.0,0.2
2020-05-08,1111110,3,18,1,55.00000000000001,525,28875.000000000007,11550.000000000004,0.4
2020-05-09,1111110,2,18,1,60.00000000000001,525,31500.000000000007,7875.000000000002,0.25
2020-05-10,1111110,6,18,1,55.00000000000001,350,19250.000000000004,7700.000000000002,0.4
2020-05-11,1111110,5,18,1,55.00000000000001,325,17875.000000000004,6256.250000000001,0.35
2020-05-12,1111110,1,18,1,65.0,300,19500.0,10725.000000000004,0.5500000000000002
2020-05-13,1111110,4,18,1,70.0,350,24500.0,4900.0,0.2
2020-05-14,1111110,3,18,1,55.00000000000001,575,31625.000000000007,12650.000000000004,0.4
2020-05-15,1111110,2,18,1,60.00000000000001,575,34500.00000000001,8625.000000000002,0.25
2020-05-16,1111110,6,18,1,55.00000000000001,425,23375.000000000004,9350.000000000002,0.4
2020-05-17,1111110,5,18,1,65.00000000000001,400,26000.000000000007,9100.000000000002,0.35
2020-05-18,1111110,1,18,1,75.00000000000001,375,28125.000000000007,15468.75000000001,0.5500000000000002
2020-05-19,1111110,4,18,1,80.00000000000001,500,40000.00000000001,8000.000000000002,0.2
2020-05-20,1111110,3,18,1,65.00000000000001,700,45500.000000000015,18200.000000000007,0.4
2020-05-21,1111110,2,18,1,70.00000000000001,700,49000.000000000015,12250.000000000004,0.25
2020-05-22,1111110,6,18,1,65.00000000000001,500,32500.000000000007,13000.000000000004,0.4
2020-05-23,1111110,5,18,1,65.00000000000001,500,32500.000000000007,11375.000000000002,0.35
2020-05-24,1111110,1,18,1,75.00000000000001,425,31875.000000000007,17531.250000000007,0.5500000000000002
2020-05-25,1111110,4,18,1,80.00000000000001,525,42000.00000000001,8400.000000000002,0.2
2020-05-26,1111110,3,18,1,40.0,450,18000.0,5400.0,0.3
2020-05-27,1111110,2,18,1,50.0,450,22500.0,5625.0,0.25
2020-05-28,1111110,6,18,1,50.0,450,22500.0,5625.0,0.25
2020-05-29,1111110,5,18,1,50.0,300,15000.0,4500.0,0.3
2020-05-30,1111110,1,50,1,55.00000000000001,250,13750.000000000004,3437.500000000001,0.25
2020-05-31,1111110,4,50,1,50.0,500,25000.0,5000.0,0.2
2020-06-01,1111110,3,50,1,40.0,550,22000.0,6600.0,0.3
2020-06-02,1111110,2,50,1,50.0,450,22500.0,5625.0,0.25
2020-06-03,1111110,6,50,1,50.0,450,22500.0,5625.0,0.25
2020-06-04,1111110,5,50,1,50.0,300,15000.0,4500.0,0.3
2020-06-05,1111110,1,50,1,55.00000000000001,225,12375.000000000002,3093.7500000000005,0.25
2020-06-06,1111110,4,50,1,50.0,425,21250.0,4250.0,0.2
2020-06-07,1111110,3,50,1,50.0,575,28750.0,8625.0,0.3
2020-06-08,1111110,2,50,1,60.0,425,25500.0,6375.0,0.25
2020-06-09,1111110,6,50,1,64.99999999999999,425,27624.999999999993,6906.249999999998,0.25
2020-06-10,1111110,5,50,1,64.99999999999999,325,21124.999999999993,6337.499999999998,0.3
2020-06-11,1111110,1,50,1,70.0,175,12250.0,3062.5,0.25
2020-06-12,1111110,4,50,1,64.99999999999999,375,24374.999999999993,4874.999999999999,0.2
2020-06-13,1111110,3,50,1,70.0,550,38500.0,11550.0,0.3
2020-06-14,1111110,2,50,1,75.0,350,26250.0,6562.5,0.25
2020-06-15,1111110,6,50,1,75.0,400,30000.0,7500.0,0.25
2020-06-16,1111110,5,50,1,60.0,300,18000.0,5400.0,0.3
2020-06-17,1111110,1,50,1,65.0,200,13000.0,3250.0,0.25
2020-06-18,1111110,4,50,1,80.0,350,28000.0,5600.0,0.2
2020-06-19,1111110,3,50,1,60.0,550,33000.0,9900.0,0.3
2020-06-20,1111110,2,50,1,65.0,400,26000.0,6500.0,0.25
2020-06-21,1111110,6,50,1,65.0,400,26000.0,6500.0,0.25
2020-06-22,1111110,5,50,1,60.0,300,18000.0,5400.0,0.3
2020-06-23,1111110,1,50,1,65.0,200,13000.0,3250.0,0.25
2020-06-24,1111110,4,50,1,80.0,500,40000.0,8000.0,0.2
2020-06-25,1111110,3,50,1,75.0,750,56250.0,16875.0,0.3
2020-06-26,1111110,2,50,1,80.0,625,50000.0,12500.0,0.25
2020-06-27,1111110,6,50,1,80.0,625,50000.0,12500.0,0.25
2020-06-28,1111110,5,50,1,80.0,500,40000.0,12000.0,0.3
2020-06-29,1111110,1,50,1,85.00000000000001,375,31875.000000000007,7968.750000000002,0.25
2020-06-30,1111110,4,50,1,100.0,675,67500.0,13500.0,0.2
2020-07-01,1111110,3,50,1,80.0,825,66000.0,19800.0,0.3
2020-07-02,1111110,2,50,1,85.00000000000001,675,57375.000000000015,14343.750000000004,0.25
2020-07-03,1111110,6,50,1,85.00000000000001,625,53125.000000000015,13281.250000000004,0.25
2020-07-04,1111110,5,50,1,80.0,525,42000.0,12600.0,0.3
2020-07-05,1111110,1,50,1,85.00000000000001,575,48875.00000000001,12218.750000000002,0.25
2020-07-06,1111110,4,50,1,100.0,575,57500.0,11500.0,0.2
2020-07-07,1111110,3,50,1,85.00000000000001,775,65875.00000000001,19762.500000000004,0.3
2020-07-08,1111110,2,50,1,80.00000000000001,750,60000.000000000015,15000.000000000004,0.25
2020-07-09,1111110,6,50,1,75.00000000000001,625,46875.000000000015,11718.750000000004,0.25
2020-07-10,1111110,5,50,1,75.00000000000001,575,43125.00000000001,12937.500000000002,0.3
2020-07-11,1111110,1,50,1,75.0,575,43125.0,10781.25,0.25
2020-07-12,1111110,4,50,1,80.0,400,32000.0,6400.0,0.2
2020-07-13,1111110,3,50,1,70.00000000000001,600,42000.00000000001,12600.000000000002,0.3
2020-07-14,1111110,2,50,1,75.00000000000003,600,45000.000000000015,11250.000000000004,0.25
2020-07-15,1111110,6,50,1,70.00000000000001,450,31500.000000000007,7875.000000000002,0.25
2020-07-16,1111110,5,50,1,70.00000000000001,400,28000.000000000007,8400.000000000002,0.3
2020-07-17,1111110,1,50,1,80.00000000000001,425,34000.00000000001,8500.000000000002,0.25
2020-07-18,1111110,4,50,1,65.0,450,29250.0,5850.0,0.2
2020-07-19,1111110,3,50,1,60.00000000000001,550,33000.00000000001,9900.000000000002,0.3
2020-07-20,1111110,2,50,1,65.00000000000001,550,35750.00000000001,8937.500000000002,0.25
2020-07-21,1111110,6,50,1,60.00000000000001,375,22500.000000000004,5625.000000000001,0.25
2020-07-22,1111110,5,50,1,60.00000000000001,350,21000.000000000004,6300.000000000001,0.3
2020-07-23,1111110,1,50,1,70.0,325,22750.0,5687.5,0.25
2020-07-24,1111110,4,50,1,75.00000000000001,375,28125.000000000007,5625.000000000002,0.2
2020-07-25,1111110,3,50,1,60.00000000000001,600,36000.00000000001,10800.000000000002,0.3
2020-07-26,1111110,2,50,1,65.00000000000001,625,40625.000000000015,10156.250000000004,0.25
2020-07-27,1111110,6,50,1,60.00000000000001,475,28500.000000000007,7125.000000000002,0.25
2020-07-28,1111110,5,50,1,70.00000000000001,450,31500.000000000007,9450.000000000002,0.3
2020-07-29,1111110,1,50,1,90.00000000000001,425,38250.00000000001,9562.500000000002,0.25
2020-07-30,1111110,4,50,1,95.00000000000001,550,52250.00000000001,10450.000000000002,0.2
2020-07-31,1111110,3,50,1,80.00000000000001,750,60000.000000000015,18000.000000000004,0.3
2020-08-01,1111110,2,50,1,85.00000000000001,750,63750.000000000015,15937.500000000004,0.25
2020-08-02,1111110,6,50,1,80.00000000000001,550,44000.00000000001,11000.000000000002,0.25
2020-08-03,1111110,5,50,1,80.00000000000001,550,44000.00000000001,13200.0,0.3
2020-08-04,1111110,1,50,1,90.00000000000001,475,42750.00000000001,10687.500000000002,0.25
2020-08-05,1111110,4,50,1,95.00000000000001,575,54625.000000000015,10925.000000000004,0.2
2020-08-15,1111110,5,33,1,40.0,675,27000.0,8100.0,0.3
2020-04-24,1111110,6,33,1,35.0,725,25375.0,6343.75,0.25
2020-04-24,1111110,5,33,1,40.0,650,26000.0,7800.0,0.3
2020-04-24,1111110,1,33,1,55.00000000000001,675,37125.00000000001,12993.750000000002,0.35
2020-04-24,1111110,4,33,1,45.0,800,36000.0,18000.0,0.5
2020-04-24,1111110,3,33,1,55.00000000000001,1070,58850.000000000015,26482.500000000007,0.45
2020-04-24,1111110,2,33,1,55.00000000000001,775,42625.00000000001,14918.75,0.35
2020-04-24,1111110,6,33,1,50.0,750,37500.0,9375.0,0.25
2020-04-24,1111110,5,33,1,50.0,700,35000.0,10500.0,0.3
2020-04-24,1111110,1,33,1,60.0,725,43500.0,15225.0,0.35
2020-04-24,1111110,4,33,1,65.0,825,53625.0,26812.5,0.5
2020-04-24,1111110,3,33,1,60.0,1075,64500.0,29025.0,0.45
2020-04-24,1111110,2,33,1,55.00000000000001,825,45375.00000000001,15881.25,0.35
2020-09-07,1111110,6,33,1,50.0,800,40000.0,10000.0,0.25
2020-09-08,1111110,5,33,1,50.0,775,38750.0,11625.0,0.3
2020-09-09,1111110,1,33,1,65.0,775,50375.0,17631.25,0.35
2020-09-10,1111110,4,33,1,70.0,925,64750.0,32375.0,0.5
2020-09-11,1111110,3,33,1,65.0,1150,74750.0,33637.5,0.45
2020-09-12,1111110,2,33,1,60.00000000000001,900,54000.000000000015,18900.000000000004,0.35
2020-09-13,1111110,6,33,1,55.00000000000001,825,45375.00000000001,11343.750000000002,0.25
2020-09-14,1111110,5,33,1,55.00000000000001,775,42625.00000000001,12787.500000000002,0.3
2020-09-15,1111110,1,33,1,65.0,800,52000.0,18200.0,0.35
2020-09-16,1111110,4,33,1,70.0,975,68250.0,34125.0,0.5
2020-09-17,1111110,3,33,1,65.0,1125,73125.0,32906.25,0.45
2020-09-18,1111110,2,33,1,60.00000000000001,900,54000.000000000015,18900.000000000004,0.35
2020-09-19,1111110,6,33,1,55.00000000000001,825,45375.00000000001,11343.750000000002,0.25
2021-01-10,1111110,3,44,3,35.0,375,13125.0,3281.25,0.25
2021-01-10,1111110,2,44,3,45.0,375,16875.0,3375.0,0.2
2021-01-10,1111110,6,44,3,45.0,375,16875.0,4218.75,0.25
2021-01-10,1111110,5,44,3,45.0,225,10125.0,2531.25,0.25
2021-12-16,1111110,6,41,1,80.00000000000001,600,48000.00000000001,14400.0,0.3
2021-12-16,1111110,5,41,1,80.00000000000001,600,48000.00000000001,14400.0,0.3
2021-12-16,1111110,1,41,1,90.00000000000001,525,47250.00000000001,9450.000000000002,0.2
2021-12-16,1111110,4,41,1,95.00000000000001,625,59375.000000000015,26718.750000000007,0.45
2021-01-12,1111110,3,41,1,45.0,850,38250.0,17212.5,0.45
2021-01-12,1111110,2,41,1,45.0,650,29250.0,10237.5,0.35
2021-01-12,1111110,6,41,1,35.0,650,22750.0,5687.5,0.25
2021-01-12,1111110,5,41,1,40.0,500,20000.0,6000.0,0.3
2021-01-12,1111110,1,41,1,55.00000000000001,550,30250.000000000007,10587.500000000002,0.35
2021-01-12,1111110,4,41,1,45.0,650,29250.0,14625.0,0.5
2021-02-10,1111110,3,41,1,45.0,900,40500.0,18225.0,0.45
2021-02-10,1111110,2,41,1,45.0,550,24750.0,8662.5,0.35
2021-02-10,1111110,6,41,1,35.0,600,21000.0,5250.0,0.25
2021-02-10,1111110,5,1,1,40.0,475,19000.0,5700.0,0.3
2021-02-10,1111110,1,1,1,55.00000000000001,550,30250.000000000007,10587.500000000002,0.35
2021-02-10,1111110,4,1,1,45.0,650,29250.0,14625.0,0.5
2021-03-08,1111110,3,1,1,45.0,870,39150.0,17617.5,0.45
2021-03-08,1111110,2,1,1,45.0,550,24750.0,8662.5,0.35
2021-03-08,1111110,6,1,1,35.0,575,20125.0,5031.25,0.25
2021-03-08,1111110,5,1,1,40.0,425,17000.0,5100.0,0.3
2021-03-08,1111110,1,1,1,55.00000000000001,475,26125.000000000004,9143.75,0.35
2021-03-08,1111110,4,1,1,45.0,575,25875.0,12937.5,0.5
2021-04-09,1111110,3,1,1,45.0,825,37125.0,16706.25,0.45
2021-04-09,1111110,2,1,1,45.0,525,23625.0,8268.75,0.35
2021-04-09,1111110,6,1,1,35.0,525,18375.0,4593.75,0.25
2021-04-09,1111110,5,1,1,40.0,450,18000.0,5400.0,0.3
2021-04-09,1111110,1,1,1,55.00000000000001,475,26125.000000000004,9143.75,0.35
2021-04-09,1111110,4,1,1,45.0,600,27000.0,13500.0,0.5
2021-05-08,1111110,3,1,1,55.00000000000001,870,47850.00000000001,21532.500000000004,0.45
2021-05-08,1111110,2,1,1,55.00000000000001,575,31625.000000000007,11068.750000000002,0.35
2021-05-08,1111110,6,1,1,50.0,550,27500.0,6875.0,0.25
2021-05-08,1111110,5,1,1,50.0,500,25000.0,7500.0,0.3
2021-05-08,1111110,1,1,1,60.0,525,31500.0,11025.0,0.35
2021-05-08,1111110,4,1,1,65.0,625,40625.0,20312.5,0.5
2021-06-10,1111110,3,1,1,60.0,875,52500.0,23625.0,0.45
2021-06-10,1111110,2,1,1,55.00000000000001,625,34375.00000000001,12031.250000000002,0.35
2021-06-10,1111110,6,1,1,50.0,600,30000.0,7500.0,0.25
2021-06-10,1111110,5,1,1,50.0,575,28750.0,8625.0,0.3
2021-06-10,1111110,1,1,1,65.0,575,37375.0,13081.249999999998,0.35
2021-06-10,1111110,4,1,1,70.0,725,50750.0,25375.0,0.5
2021-07-08,1111110,3,1,1,65.0,950,61750.0,27787.5,0.45
2021-07-08,1111110,2,1,1,60.00000000000001,700,42000.00000000001,14700.0,0.35
2021-07-08,1111110,6,1,1,55.00000000000001,625,34375.00000000001,8593.750000000002,0.25
2021-07-08,1111110,5,1,1,55.00000000000001,575,31625.000000000007,9487.500000000002,0.3
2021-07-08,1111110,1,1,1,65.0,600,39000.0,13650.0,0.35
2021-07-08,1111110,4,1,1,70.0,775,54250.0,27125.0,0.5
2021-08-09,1111110,3,1,1,65.0,925,60125.0,27056.25,0.45
2021-08-09,1111110,2,1,1,60.00000000000001,700,42000.00000000001,14700.0,0.35
2021-08-09,1111110,6,1,1,55.00000000000001,625,34375.00000000001,8593.750000000002,0.25
2021-08-09,1111110,5,1,1,45.0,575,25875.0,7762.5,0.3
2021-08-09,1111110,1,1,1,55.00000000000001,550,30250.000000000007,10587.500000000002,0.35
2021-08-09,1111110,4,1,1,60.00000000000001,725,43500.00000000001,21750.000000000004,0.5
2021-09-08,1111110,3,1,1,55.00000000000001,850,46750.00000000001,21037.500000000004,0.45
2021-09-08,1111110,2,1,1,50.000000000000014,650,32500.00000000001,11375.000000000004,0.35
2021-09-08,1111110,6,1,1,45.0,550,24750.0,6187.5,0.25
2021-09-08,1111110,5,1,1,45.0,525,23625.0,7087.5,0.3
2021-09-08,1111110,1,1,1,55.00000000000001,525,28875.000000000007,10106.250000000002,0.35
2021-09-08,1111110,4,1,1,60.00000000000001,625,37500.00000000001,18750.000000000004,0.5
2021-10-10,1111110,3,1,1,60.00000000000001,800,48000.00000000001,21600.000000000004,0.45
2021-10-10,1111110,2,1,1,50.000000000000014,625,31250.00000000001,10937.500000000004,0.35
2021-10-10,1111110,6,1,1,50.000000000000014,525,26250.000000000007,6562.500000000002,0.25
2021-10-10,1111110,5,1,1,50.000000000000014,500,25000.000000000007,7500.000000000002,0.3
2021-10-10,1111110,1,1,1,60.00000000000001,500,30000.000000000007,10500.000000000002,0.35
2021-10-10,1111110,4,1,1,65.0,625,40625.0,20312.5,0.5
2021-11-09,1111110,3,1,1,60.00000000000001,775,46500.00000000001,20925.000000000004,0.45
2021-11-09,1111110,2,1,1,50.000000000000014,600,30000.000000000007,10500.000000000002,0.35
2021-11-09,1111110,6,1,1,50.000000000000014,545,27250.000000000007,6812.500000000002,0.25
2021-11-09,1111110,5,1,1,50.000000000000014,575,28750.000000000007,8625.000000000002,0.3
2021-11-09,1111110,1,1,1,65.0,550,35750.0,12512.499999999998,0.35
2021-11-09,1111110,4,1,1,70.0,650,45500.0,22750.0,0.5
2021-12-08,1111110,3,1,1,65.0,875,56875.0,25593.75,0.45
2021-12-08,1111110,2,1,1,55.00000000000001,675,37125.00000000001,12993.750000000002,0.35
2021-12-17,1111110,6,52,1,35.0,400,14000.0,4900.0,0.35
2021-12-17,1111110,5,52,1,35.0,350,12250.0,4900.0,0.4
2021-12-17,1111110,1,52,1,44.99999999999999,350,15749.999999999996,5512.499999999998,0.35
2021-12-17,1111110,4,52,1,49.999999999999986,450,22499.999999999993,11249.999999999996,0.5
2021-01-11,1111110,3,52,1,25.0,675,16875.0,6750.0,0.4
2021-01-11,1111110,2,52,1,25.0,475,11875.0,4156.25,0.35
2021-01-11,1111110,6,52,1,15.000000000000002,475,7125.000000000002,2493.7500000000005,0.35
2021-01-11,1111110,5,52,1,20.000000000000007,325,6500.000000000002,2600.000000000001,0.4
2021-01-11,1111110,1,52,1,35.0,375,13125.0,4593.75,0.35
2021-01-11,1111110,4,52,1,25.0,475,11875.0,5937.5,0.5
2021-02-11,1111110,3,52,1,25.0,725,18125.0,7250.0,0.4
2021-02-11,1111110,2,52,1,25.0,375,9375.0,3281.25,0.35
2021-02-11,1111110,6,52,1,15.000000000000002,425,6375.000000000001,2231.25,0.35
2021-02-11,1111110,5,48,1,20.000000000000007,300,6000.000000000002,2400.000000000001,0.4
2021-02-11,1111110,1,48,1,35.0,375,13125.0,4593.75,0.35
2021-02-11,1111110,4,48,1,25.0,450,11250.0,5625.0,0.5
2021-03-10,1111110,3,48,1,30.000000000000004,670,20100.000000000004,8040.000000000002,0.4
2021-03-10,1111110,2,48,1,30.000000000000004,350,10500.000000000002,3675.0,0.35
2021-03-10,1111110,6,48,1,20.000000000000007,400,8000.000000000003,2800.000000000001,0.35
2021-03-10,1111110,5,48,1,25.0,250,6250.0,2500.0,0.4
2021-03-10,1111110,1,48,1,40.0,300,12000.0,4200.0,0.35
2021-03-10,1111110,4,48,1,30.000000000000004,400,12000.000000000002,6000.000000000001,0.5
2021-04-11,1111110,3,48,1,30.000000000000004,625,18750.000000000004,7500.000000000002,0.4
2021-04-11,1111110,2,48,1,25.000000000000007,325,8125.000000000003,2843.750000000001,0.35
2021-04-11,1111110,6,48,1,15.000000000000007,325,4875.000000000002,1706.2500000000007,0.35
2021-04-11,1111110,5,48,1,20.0,250,5000.0,2000.0,0.4
2021-04-11,1111110,1,48,1,35.0,275,9625.0,3368.75,0.35
2021-04-11,1111110,4,48,1,25.000000000000007,400,10000.000000000004,5000.000000000002,0.5
2021-05-12,1111110,3,48,1,35.0,670,23450.0,9380.0,0.4
2021-05-12,1111110,2,48,1,30.00000000000001,375,11250.000000000004,3937.5000000000014,0.35
2021-05-12,1111110,6,48,1,25.000000000000007,350,8750.000000000004,3062.500000000001,0.35
2021-05-12,1111110,5,48,1,25.000000000000007,275,6875.000000000002,2750.000000000001,0.4
2021-05-12,1111110,1,48,1,40.0,300,12000.0,4200.0,0.35
2021-05-12,1111110,4,48,1,44.99999999999999,400,17999.999999999996,8999.999999999998,0.5
2021-06-11,1111110,3,48,1,30.000000000000004,650,19500.000000000004,7800.000000000002,0.4
2021-06-11,1111110,2,48,1,25.00000000000001,400,10000.000000000004,3500.0000000000014,0.35
2021-06-11,1111110,6,48,1,20.000000000000007,425,8500.000000000004,2975.000000000001,0.35
2021-06-11,1111110,5,48,1,20.000000000000007,400,8000.000000000003,3200.0000000000014,0.4
2021-06-11,1111110,1,48,1,35.0,400,14000.0,4900.0,0.35
2021-06-11,1111110,4,48,1,40.0,575,23000.0,11500.0,0.5
2021-07-10,1111110,3,48,1,35.0,800,28000.0,11200.0,0.4
2021-07-10,1111110,2,48,1,30.00000000000001,550,16500.000000000007,5775.000000000002,0.35
2021-07-10,1111110,6,48,1,25.000000000000007,475,11875.000000000004,4156.250000000001,0.35
2021-07-10,1111110,5,48,1,25.000000000000007,425,10625.000000000004,4250.000000000002,0.4
2021-07-10,1111110,1,48,1,35.0,425,14875.0,5206.25,0.35
2021-07-10,1111110,4,48,1,40.0,600,24000.0,12000.0,0.5
2021-08-11,1111110,3,48,1,35.0,750,26250.0,10500.0,0.4
2021-08-11,1111110,2,48,1,35.00000000000001,525,18375.000000000004,6431.250000000001,0.35
2021-08-11,1111110,6,48,1,30.000000000000004,450,13500.000000000004,4725.000000000001,0.35
2021-08-11,1111110,5,48,1,20.000000000000007,375,7500.000000000003,3000.0000000000014,0.4
2021-08-11,1111110,1,48,1,30.000000000000004,350,10500.000000000002,3675.0,0.35
2021-08-11,1111110,4,48,1,35.0,525,18375.0,9187.5,0.5
2021-09-12,1111110,3,48,1,30.000000000000004,650,19500.000000000004,7800.000000000002,0.4
2021-09-12,1111110,2,48,1,25.00000000000001,450,11250.000000000004,3937.5000000000014,0.35
2021-09-12,1111110,6,48,1,10.000000000000002,350,3500.000000000001,1225.0000000000002,0.35
2021-09-12,1111110,5,48,1,10.000000000000002,325,3250.000000000001,1300.0000000000005,0.4
2021-09-12,1111110,1,48,1,20.0,325,6500.0,2275.0,0.35
2021-09-12,1111110,4,48,1,25.000000000000007,400,10000.000000000004,5000.000000000002,0.5
2021-10-11,1111110,3,48,1,30.0,575,17250.0,6900.0,0.4
2021-10-11,1111110,2,48,1,20.0,400,8000.0,2800.0,0.35
2021-10-11,1111110,6,48,1,20.0,300,6000.0,2100.0,0.35
2021-10-11,1111110,5,48,1,20.0,275,5500.0,2200.0,0.4
2021-10-11,1111110,1,48,1,30.0,275,8250.0,2887.4999999999995,0.35
2021-10-11,1111110,4,48,1,34.99999999999999,400,13999.999999999996,6999.999999999998,0.5
2021-11-11,1111110,3,48,1,30.000000000000004,550,16500.000000000004,6600.000000000002,0.4
2021-11-11,1111110,2,48,1,20.000000000000007,400,8000.000000000003,2800.000000000001,0.35
2021-11-11,1111110,6,48,1,20.000000000000007,345,6900.000000000003,2415.000000000001,0.35
2021-11-11,1111110,5,48,1,20.000000000000007,375,7500.000000000003,3000.0000000000014,0.4
2021-11-11,1111110,1,48,1,40.0,350,14000.0,4900.0,0.35
2021-11-11,1111110,4,48,1,44.999999999999986,450,20249.999999999993,10124.999999999996,0.5
2021-12-10,1111110,3,48,1,40.0,700,28000.0,11200.0,0.4
2021-12-10,1111110,2,48,1,30.000000000000004,500,15000.000000000004,5250.000000000001,0.35
2021-12-10,1111110,6,48,1,30.000000000000004,450,13500.000000000004,4725.000000000001,0.35
2021-12-10,1111110,5,48,1,30.000000000000004,400,12000.000000000002,4800.000000000001,0.4
2021-12-10,1111110,1,48,1,40.0,400,16000.0,5600.0,0.35
2021-12-10,1111110,4,48,1,44.999999999999986,500,22499.999999999993,11249.999999999996,0.5
2021-01-24,1111110,3,48,1,30.000000000000004,350,10500.000000000002,3675.0,0.35
2021-01-24,1111110,2,48,1,40.0,350,14000.0,4900.0,0.35
2021-01-24,1111110,6,48,1,40.0,350,14000.0,4900.0,0.35
2021-01-24,1111110,5,48,1,40.0,200,8000.0,2800.0,0.35
2021-01-24,1111110,1,48,1,45.00000000000001,150,6750.000000000002,2700.000000000001,0.4
2021-01-24,1111110,4,48,1,40.0,400,16000.0,4800.0,0.3
2021-02-24,1111110,3,48,1,30.000000000000004,450,13500.000000000004,4725.000000000001,0.35
2021-02-24,1111110,2,48,1,40.0,350,14000.0,4900.0,0.35
2021-02-24,1111110,6,48,1,40.0,350,14000.0,4900.0,0.35
2021-02-24,1111110,5,45,1,40.0,200,8000.0,2800.0,0.35
2021-02-24,1111110,1,45,1,45.00000000000001,125,5625.000000000001,2250.0000000000005,0.4
2021-02-24,1111110,4,45,1,40.0,325,13000.0,3900.0,0.3
2021-03-23,1111110,3,45,1,40.0,475,19000.0,6650.0,0.35
2021-03-23,1111110,2,45,1,50.0,325,16250.0,5687.5,0.35
2021-03-23,1111110,6,45,1,54.99999999999999,350,19249.999999999996,6737.499999999998,0.35
2021-03-23,1111110,5,45,1,50.0,250,12500.0,4375.0,0.35
2021-03-23,1111110,1,45,1,55.00000000000001,100,5500.000000000001,2200.0000000000005,0.4
2021-03-23,1111110,4,45,1,50.0,300,15000.0,4500.0,0.3
2021-04-24,1111110,3,45,1,55.00000000000001,475,26125.000000000004,9143.75,0.35
2021-04-24,1111110,2,45,1,60.00000000000001,275,16500.000000000004,5775.000000000001,0.35
2021-04-24,1111110,6,45,1,60.00000000000001,325,19500.000000000004,6825.0,0.35
2021-04-24,1111110,5,45,1,45.00000000000001,225,10125.000000000002,3543.75,0.35
2021-04-24,1111110,1,45,1,50.000000000000014,125,6250.000000000002,2500.000000000001,0.4
2021-04-24,1111110,4,45,1,65.00000000000001,300,19500.000000000004,5850.000000000001,0.3
2021-05-25,1111110,3,45,1,50.0,500,25000.0,8750.0,0.35
2021-05-25,1111110,2,45,1,55.00000000000001,350,19250.000000000004,6737.5,0.35
2021-05-25,1111110,6,45,1,55.00000000000001,350,19250.000000000004,6737.5,0.35
2021-05-25,1111110,5,45,1,50.0,275,13750.0,4812.5,0.35
2021-05-25,1111110,1,45,1,44.99999999999999,175,7874.999999999998,3149.9999999999995,0.4
2021-05-25,1111110,4,45,1,60.0,525,31500.0,9450.0,0.3
2021-06-24,1111110,3,45,1,54.99999999999999,775,42624.99999999999,14918.749999999996,0.35
2021-06-24,1111110,2,45,1,64.99999999999999,650,42249.999999999985,14787.499999999995,0.35
2021-06-24,1111110,6,45,1,80.0,650,52000.0,18200.0,0.35
2021-06-24,1111110,5,45,1,80.0,525,42000.0,14700.0,0.35
2021-06-24,1111110,1,45,1,90.0,400,36000.0,14400.0,0.4
2021-06-24,1111110,4,45,1,105.0,700,73500.0,22050.0,0.3
2021-07-23,1111110,3,45,1,85.0,850,72250.0,25287.499999999996,0.35
2021-07-23,1111110,2,45,1,90.0,700,63000.0,22050.0,0.35
2021-07-23,1111110,6,45,1,90.0,650,58500.0,20475.0,0.35
2021-07-23,1111110,5,45,1,85.0,550,46750.0,16362.5,0.35
2021-07-23,1111110,1,45,1,90.0,600,54000.0,21600.0,0.4
2021-07-23,1111110,4,45,1,105.0,600,63000.0,18900.0,0.3
2021-08-24,1111110,3,45,1,90.0,800,72000.0,25199.999999999996,0.35
2021-08-24,1111110,2,45,1,80.0,775,62000.0,21700.0,0.35
2021-08-24,1111110,6,45,1,70.0,650,45500.0,15925.0,0.35
2021-08-24,1111110,5,45,1,70.0,425,29750.0,10412.5,0.35
2021-08-24,1111110,1,45,1,70.0,425,29750.0,11900.0,0.4
2021-08-24,1111110,4,45,1,75.0,250,18750.0,5625.0,0.3
2021-09-25,1111110,3,45,1,50.000000000000014,450,22500.000000000007,7875.000000000002,0.35
2021-09-25,1111110,2,45,1,55.000000000000014,450,24750.000000000007,8662.500000000002,0.35
2021-09-25,1111110,6,45,1,50.000000000000014,250,12500.000000000004,4375.000000000001,0.35
2021-09-25,1111110,5,45,1,50.000000000000014,200,10000.000000000004,3500.000000000001,0.35
2021-09-25,1111110,1,45,1,60.00000000000001,225,13500.000000000004,5400.000000000002,0.4
2021-09-25,1111110,4,45,1,44.99999999999999,250,11249.999999999998,3374.999999999999,0.3
2021-10-24,1111110,3,45,1,40.0,350,14000.0,4900.0,0.35
2021-10-24,1111110,2,45,1,55.000000000000014,525,28875.000000000007,10106.250000000002,0.35
2021-10-24,1111110,6,45,1,50.000000000000014,350,17500.000000000007,6125.000000000002,0.35
2021-10-24,1111110,5,45,1,45.00000000000001,325,14625.000000000004,5118.750000000001,0.35
2021-10-24,1111110,1,45,1,55.00000000000001,300,16500.000000000004,6600.000000000002,0.4
2021-10-24,1111110,4,45,1,60.00000000000001,350,21000.000000000004,6300.000000000001,0.3
2021-11-24,1111110,3,45,1,45.00000000000001,575,25875.000000000004,9056.25,0.35
2021-11-24,1111110,2,45,1,50.000000000000014,650,32500.00000000001,11375.000000000004,0.35
2021-11-24,1111110,6,45,1,45.00000000000001,475,21375.000000000004,7481.25,0.35
2021-11-24,1111110,5,45,1,55.000000000000014,450,24750.000000000007,8662.500000000002,0.35
2021-11-24,1111110,1,45,1,75.00000000000001,425,31875.000000000007,12750.000000000004,0.4
2021-11-24,1111110,4,45,1,80.00000000000001,550,44000.00000000001,13200.0,0.3
2021-12-23,1111110,3,45,1,65.00000000000001,750,48750.000000000015,17062.500000000004,0.35
2021-12-23,1111110,2,45,1,75.00000000000003,750,56250.00000000002,19687.500000000007,0.35
2021-12-23,1111110,6,45,1,70.00000000000001,550,38500.00000000001,13475.0,0.35
2021-12-23,1111110,5,45,1,70.00000000000001,550,38500.00000000001,13475.0,0.35
2021-12-23,1111110,1,45,1,80.00000000000001,475,38000.00000000001,15200.000000000004,0.4
2021-12-23,1111110,4,45,1,85.00000000000001,575,48875.00000000001,14662.5,0.3
2021-01-17,1111110,3,45,1,35.0,400,14000.0,5599.999999999999,0.39999999999999997
2021-01-17,1111110,2,45,1,45.0,400,18000.0,7200.0,0.39999999999999997
2021-01-17,1111110,6,45,1,45.0,400,18000.0,7200.0,0.39999999999999997
2021-01-17,1111110,5,45,1,45.0,250,11250.0,4499.999999999999,0.39999999999999997
2021-01-17,1111110,1,45,1,50.000000000000014,200,10000.000000000004,4500.000000000002,0.45
2021-01-17,1111110,4,45,1,45.0,450,20250.0,7087.5,0.35
2021-02-17,1111110,3,45,1,35.0,500,17500.0,7000.0,0.39999999999999997
2021-02-17,1111110,2,45,1,45.0,400,18000.0,7200.0,0.39999999999999997
2021-02-17,1111110,6,45,1,45.0,400,18000.0,7200.0,0.39999999999999997
2021-02-17,1111110,5,36,1,45.0,250,11250.0,4499.999999999999,0.39999999999999997
2021-02-17,1111110,1,36,1,50.000000000000014,175,8750.000000000004,3937.5000000000014,0.45
2021-02-17,1111110,4,36,1,45.0,375,16875.0,5906.249999999999,0.35
2021-03-16,1111110,3,36,1,45.0,525,23625.0,9449.999999999998,0.39999999999999997
2021-03-16,1111110,2,36,1,55.00000000000001,375,20625.000000000004,8250.0,0.39999999999999997
2021-03-16,1111110,6,36,1,60.0,400,24000.0,9599.999999999998,0.39999999999999997
2021-03-16,1111110,5,36,1,55.00000000000001,300,16500.000000000004,6600.0,0.39999999999999997
2021-03-16,1111110,1,36,1,60.00000000000001,150,9000.000000000002,4050.000000000001,0.45
2021-03-16,1111110,4,36,1,45.0,350,15750.0,5512.5,0.35
2021-04-17,1111110,3,36,1,50.0,525,26250.0,10499.999999999998,0.39999999999999997
2021-04-17,1111110,2,36,1,55.00000000000001,325,17875.000000000004,7150.0,0.39999999999999997
2021-04-17,1111110,6,36,1,55.00000000000001,375,20625.000000000004,8250.0,0.39999999999999997
2021-04-17,1111110,5,36,1,40.00000000000001,275,11000.000000000002,4400.0,0.39999999999999997
2021-04-17,1111110,1,36,1,45.000000000000014,175,7875.000000000003,3543.7500000000014,0.45
2021-04-17,1111110,4,36,1,60.00000000000001,350,21000.000000000004,7350.0,0.35
2021-05-18,1111110,3,36,1,45.0,550,24750.0,9899.999999999998,0.39999999999999997
2021-05-18,1111110,2,36,1,50.0,400,20000.0,8000.0,0.39999999999999997
2021-05-18,1111110,6,36,1,50.0,400,20000.0,8000.0,0.39999999999999997
2021-05-18,1111110,5,36,1,45.0,325,14625.0,5849.999999999999,0.39999999999999997
2021-05-18,1111110,1,36,1,40.0,225,9000.0,4050.0,0.45
2021-05-18,1111110,4,36,2,65.0,575,37375.0,13081.249999999998,0.35
2021-06-17,1111110,3,36,2,60.0,825,49500.0,19799.999999999996,0.39999999999999997
2021-06-17,1111110,2,36,2,70.0,700,49000.0,19599.999999999996,0.39999999999999997
2021-06-17,1111110,6,36,2,85.0,700,59500.0,23799.999999999996,0.39999999999999997
2021-06-17,1111110,5,36,2,85.0,575,48875.0,19549.999999999996,0.39999999999999997
2021-06-17,1111110,1,36,2,95.0,450,42750.0,19237.5,0.45
2021-06-17,1111110,4,36,2,110.00000000000001,750,82500.00000000001,28875.0,0.35
2021-07-16,1111110,3,36,2,90.0,900,81000.0,32400.0,0.39999999999999997
2021-07-16,1111110,2,36,2,95.0,750,71250.0,28500.0,0.39999999999999997
2021-07-16,1111110,6,36,2,95.0,700,66500.0,26600.0,0.39999999999999997
2021-07-16,1111110,5,36,2,90.0,600,54000.0,21599.999999999996,0.39999999999999997
2021-07-16,1111110,1,36,2,95.0,650,61750.0,27787.5,0.45
2021-07-16,1111110,4,36,2,110.00000000000001,650,71500.00000000001,25025.000000000004,0.35
2021-08-17,1111110,3,36,2,95.0,850,80750.0,32300.0,0.39999999999999997
2021-08-17,1111110,2,36,2,85.00000000000001,825,70125.00000000001,28050.0,0.39999999999999997
2021-08-17,1111110,6,36,2,75.00000000000001,700,52500.000000000015,21000.000000000004,0.39999999999999997
2021-08-17,1111110,5,36,2,75.00000000000001,475,35625.00000000001,14250.0,0.39999999999999997
2021-08-17,1111110,1,36,2,64.99999999999999,475,30874.999999999993,13893.749999999996,0.45
2021-08-17,1111110,4,36,2,70.0,300,21000.0,7350.0,0.35
2021-09-18,1111110,3,36,2,45.000000000000014,500,22500.000000000007,9000.000000000002,0.39999999999999997
2021-09-18,1111110,2,36,2,50.000000000000014,500,25000.000000000007,10000.000000000002,0.39999999999999997
2021-09-18,1111110,6,36,2,45.000000000000014,300,13500.000000000004,5400.000000000001,0.39999999999999997
2021-09-18,1111110,5,36,2,45.000000000000014,250,11250.000000000004,4500.000000000001,0.39999999999999997
2021-09-18,1111110,1,36,2,55.00000000000001,275,15125.000000000004,6806.250000000002,0.45
2021-09-18,1111110,4,36,2,40.0,300,12000.0,4200.0,0.35
2021-10-17,1111110,3,36,2,35.0,400,14000.0,5599.999999999999,0.39999999999999997
2021-10-17,1111110,2,36,2,50.000000000000014,575,28750.000000000007,11500.000000000002,0.39999999999999997
2021-10-17,1111110,6,36,2,45.000000000000014,400,18000.000000000007,7200.000000000002,0.39999999999999997
2021-10-17,1111110,5,36,2,40.00000000000001,375,15000.000000000004,6000.000000000001,0.39999999999999997
2021-10-17,1111110,1,36,2,50.0,350,17500.0,7875.0,0.45
2021-10-17,1111110,4,36,2,55.00000000000001,400,22000.000000000004,7700.0,0.35
2021-11-17,1111110,3,36,2,40.00000000000001,625,25000.000000000007,10000.000000000002,0.39999999999999997
2021-11-17,1111110,2,36,2,45.000000000000014,700,31500.00000000001,12600.000000000004,0.39999999999999997
2021-11-17,1111110,6,36,2,40.00000000000001,525,21000.000000000004,8400.0,0.39999999999999997
2021-11-17,1111110,5,36,2,50.000000000000014,500,25000.000000000007,10000.000000000002,0.39999999999999997
2021-11-17,1111110,1,36,2,70.0,475,33250.0,14962.5,0.45
2021-11-17,1111110,4,36,2,85.00000000000001,600,51000.00000000001,17850.0,0.35
2021-12-16,1111110,3,36,2,70.00000000000001,800,56000.000000000015,22400.000000000004,0.39999999999999997
2021-12-16,1111110,2,36,2,80.00000000000003,800,64000.00000000002,25600.000000000007,0.39999999999999997
2021-01-05,1111110,4,36,2,35.0,475,16625.0,7481.25,0.45
2021-03-06,1111110,1,8,2,40.0,250,10000.0,3000.0,0.3
2021-03-06,1111110,4,8,2,35.0,400,14000.0,7000.0,0.5
2021-04-05,1111110,3,8,2,20.0,650,13000.0,4550.0,0.35
2021-04-05,1111110,2,8,2,30.000000000000004,650,19500.000000000004,6825.0,0.35
2021-04-05,1111110,6,8,2,24.999999999999996,475,11874.999999999998,4156.249999999999,0.35
2021-04-05,1111110,5,8,2,30.000000000000004,375,11250.000000000002,5062.500000000001,0.45
2021-04-05,1111110,1,8,2,35.0,275,9625.0,2887.5,0.3
2021-04-05,1111110,4,8,2,30.000000000000004,550,16500.000000000004,8250.000000000002,0.5
2021-05-05,1111110,3,8,2,20.0,700,14000.0,4900.0,0.35
2021-05-05,1111110,2,8,2,30.000000000000004,725,21750.000000000004,7612.5,0.35
2021-05-05,1111110,6,8,2,24.999999999999996,575,14374.999999999996,5031.249999999998,0.35
2021-05-05,1111110,5,8,2,35.0,500,17500.0,7875.0,0.45
2021-05-05,1111110,1,8,2,50.0,400,20000.0,6000.0,0.3
2021-05-05,1111110,4,8,2,45.0,750,33750.0,16875.0,0.5
2021-06-04,1111110,3,8,2,45.0,750,33750.0,11812.499999999998,0.35
2021-06-04,1111110,2,8,2,50.0,750,37500.0,13125.0,0.35
2021-06-04,1111110,6,8,2,50.0,600,30000.0,10500.0,0.35
2021-06-04,1111110,5,8,2,50.0,550,27500.0,12375.0,0.45
2021-06-04,1111110,1,8,2,55.00000000000001,450,24750.000000000004,7425.0,0.3
2021-06-04,1111110,4,8,2,60.00000000000001,825,49500.00000000001,24750.000000000004,0.5
2021-07-06,1111110,3,8,2,50.0,775,38750.0,15500.0,0.39999999999999997
2021-07-06,1111110,2,8,2,55.00000000000001,775,42625.00000000001,17050.0,0.39999999999999997
2021-07-06,1111110,6,8,2,50.0,925,46250.0,18499.999999999996,0.39999999999999997
2021-07-06,1111110,5,8,2,50.0,525,26250.0,13125.0,0.5
2021-07-06,1111110,1,8,2,55.00000000000001,525,28875.000000000007,10106.250000000002,0.35
2021-12-09,1111110,6,16,2,65.00000000000001,575,37375.00000000001,14950.000000000004,0.4
2021-12-09,1111110,5,16,2,65.00000000000001,525,34125.00000000001,13650.000000000004,0.4
2021-12-09,1111110,1,16,2,75.00000000000001,525,39375.00000000001,13781.25,0.35
2021-12-09,1111110,4,16,2,80.0,625,50000.0,25000.0,0.5
2021-10-21,1111110,4,29,2,30.000000000000004,400,12000.000000000002,4800.000000000001,0.4
2021-11-20,1111110,3,29,2,25.00000000000001,550,13750.000000000005,5500.000000000003,0.4
2021-11-20,1111110,2,29,2,15.000000000000014,375,5625.0000000000055,1968.7500000000018,0.35
2021-11-20,1111110,6,29,2,25.000000000000018,320,8000.0000000000055,3200.0000000000027,0.4
2021-11-20,1111110,5,29,2,55.000000000000014,375,20625.000000000007,8250.000000000004,0.4
2021-11-20,1111110,1,29,2,75.00000000000001,350,26250.000000000007,9187.500000000002,0.35
2021-11-20,1111110,4,29,2,75.0,450,33750.0,13500.0,0.4
2021-12-19,1111110,3,29,2,70.0,700,49000.0,19600.0,0.4
2021-12-19,1111110,2,29,2,60.00000000000001,500,30000.000000000007,10500.000000000002,0.35
2021-12-19,1111110,6,29,2,60.00000000000001,450,27000.000000000007,10800.000000000004,0.4
2021-12-19,1111110,5,29,2,60.00000000000001,400,24000.000000000004,9600.000000000002,0.4
2021-12-19,1111110,1,29,2,70.0,400,28000.0,9800.0,0.35
2021-12-19,1111110,4,29,2,75.0,500,37500.0,15000.0,0.4
2021-01-23,1111110,3,29,2,25.000000000000007,575,14375.000000000004,5750.000000000002,0.4
2021-01-23,1111110,2,29,2,25.000000000000007,375,9375.000000000004,3281.250000000001,0.35
2021-01-23,1111110,6,29,2,15.000000000000007,375,5625.000000000003,2250.0000000000014,0.4
2021-01-23,1111110,5,29,2,20.0,225,4500.0,1800.0,0.4
2021-01-23,1111110,1,29,2,35.0,275,9625.0,3368.75,0.35
2021-01-23,1111110,4,29,2,25.000000000000007,375,9375.000000000004,3750.0000000000014,0.4
2021-02-21,1111110,3,29,2,25.000000000000007,625,15625.000000000005,6250.000000000003,0.4
2021-02-21,1111110,2,29,2,25.000000000000007,275,6875.000000000002,2406.2500000000005,0.35
2021-02-21,1111110,6,29,2,15.000000000000007,325,4875.000000000002,1950.0000000000011,0.4
2021-02-21,1111110,5,39,2,20.0,175,3500.0,1400.0,0.4
2021-02-21,1111110,1,39,2,35.0,250,8750.0,3062.4999999999995,0.35
2021-02-21,1111110,4,39,2,20.0,350,7000.0,2800.0,0.4
2021-03-19,1111110,3,39,2,20.0,570,11400.0,4560.0,0.4
2021-03-19,1111110,2,39,2,20.0,250,5000.0,1750.0,0.35
2021-03-19,1111110,6,39,2,10.000000000000002,275,2750.0000000000005,1100.0000000000002,0.4
2021-03-19,1111110,5,39,2,19.999999999999996,125,2499.9999999999995,1000.0,0.4
2021-03-19,1111110,1,39,2,35.00000000000001,175,6125.000000000002,2143.7500000000005,0.35
2021-03-19,1111110,4,39,2,25.0,275,6875.0,2750.0,0.4
2021-04-20,1111110,3,39,2,25.0,525,13125.0,5250.0,0.4
2021-04-20,1111110,2,39,2,25.0,225,5625.0,1968.75,0.35
2021-04-20,1111110,6,39,2,15.000000000000002,225,3375.000000000001,1350.0000000000005,0.4
2021-04-20,1111110,5,39,2,19.999999999999996,150,2999.9999999999995,1200.0,0.4
2021-04-20,1111110,1,39,2,40.0,175,7000.0,2450.0,0.35
2021-04-20,1111110,4,39,2,30.000000000000004,325,9750.000000000002,3900.000000000001,0.4
2021-05-19,1111110,3,39,2,40.0,595,23800.0,9520.0,0.4
2021-05-19,1111110,2,39,2,40.0,300,12000.0,4200.0,0.35
2021-05-19,1111110,6,39,2,35.0,275,9625.0,3850.0,0.4
2021-05-19,1111110,5,39,2,35.0,225,7875.0,3150.0,0.4
2021-05-19,1111110,1,39,2,44.99999999999999,250,11249.999999999998,3937.499999999999,0.35
2021-05-19,1111110,4,39,2,44.99999999999999,350,15749.999999999996,6299.999999999999,0.4
2021-06-21,1111110,3,39,2,40.0,600,24000.0,9600.0,0.4
2021-06-21,1111110,2,39,2,35.0,350,12250.0,4287.5,0.35
2021-06-21,1111110,6,39,2,40.0,325,13000.0,5200.0,0.4
2021-06-21,1111110,5,39,2,40.0,300,12000.0,4800.0,0.4
2021-06-21,1111110,1,39,2,54.99999999999999,300,16499.999999999996,5774.999999999998,0.35
2021-06-21,1111110,4,39,2,60.0,475,28500.0,11400.0,0.4
2021-07-19,1111110,3,39,2,54.99999999999999,700,38499.99999999999,15399.999999999996,0.4
2021-07-19,1111110,2,39,2,50.0,450,22500.0,7875.0,0.35
2021-07-19,1111110,6,39,2,45.0,375,16875.0,6750.0,0.4
2021-07-19,1111110,5,39,2,45.0,325,14625.0,5850.0,0.4
2021-07-19,1111110,1,39,2,60.0,350,21000.0,7350.0,0.35
2021-07-19,1111110,4,39,2,65.0,525,34125.0,13650.0,0.4
2021-08-20,1111110,3,39,2,60.0,675,40500.0,16200.0,0.4
2021-08-20,1111110,2,39,2,55.00000000000001,450,24750.000000000004,8662.5,0.35
2021-08-20,1111110,6,39,2,50.0,375,18750.0,7500.0,0.4
2021-08-20,1111110,5,39,2,40.0,325,13000.0,5200.0,0.4
2021-08-20,1111110,1,39,2,50.0,300,15000.0,5250.0,0.35
2021-08-20,1111110,4,39,2,55.00000000000001,475,26125.000000000004,10450.000000000002,0.4
2021-09-19,1111110,3,39,2,50.0,575,28750.0,11500.0,0.4
2021-09-19,1111110,2,39,2,40.000000000000014,375,15000.000000000005,5250.000000000002,0.35
2021-09-19,1111110,6,39,2,15.000000000000007,275,4125.000000000002,1650.0000000000011,0.4
2021-09-19,1111110,5,39,2,15.000000000000007,250,3750.0000000000014,1500.0000000000007,0.4
2021-09-19,1111110,1,39,2,25.000000000000007,250,6250.000000000002,2187.5000000000005,0.35
2021-09-19,1111110,4,39,2,30.00000000000001,350,10500.000000000004,4200.000000000002,0.4
2021-10-21,1111110,3,39,2,30.00000000000001,525,15750.000000000005,6300.000000000003,0.4
2021-10-21,1111110,2,39,2,20.00000000000001,350,7000.000000000005,2450.0000000000014,0.35
2021-10-21,1111110,6,39,2,20.00000000000001,225,4500.000000000002,1800.0000000000011,0.4
2021-10-21,1111110,5,39,2,20.00000000000001,200,4000.0000000000023,1600.000000000001,0.4
2021-10-21,1111110,1,39,2,30.00000000000001,200,6000.000000000002,2100.000000000001,0.35
2021-10-06,1111110,4,19,1,49.999999999999986,250,12499.999999999996,4999.999999999999,0.4
2021-11-06,1111110,3,19,1,44.99999999999999,400,17999.999999999996,5399.999999999999,0.3
2021-11-06,1111110,2,19,1,35.0,275,9625.0,3368.75,0.35
2021-11-06,1111110,6,19,1,35.0,220,7700.0,2310.0,0.3
2021-11-06,1111110,5,19,1,35.0,200,7000.0,2100.0,0.3
2021-11-06,1111110,1,19,1,60.0,175,10500.0,5250.0,0.5
2021-11-06,1111110,4,19,1,64.99999999999999,275,17874.999999999996,7149.999999999998,0.4
2021-12-05,1111110,3,19,1,60.0,525,31500.0,9450.0,0.3
2021-12-05,1111110,2,19,1,50.0,325,16250.0,5687.5,0.35
2021-12-05,1111110,6,19,1,50.0,275,13750.0,4125.0,0.3
2021-12-05,1111110,5,19,1,50.0,225,11250.0,3375.0,0.3
2021-12-05,1111110,1,19,1,60.0,225,13500.0,6750.0,0.5
2021-12-05,1111110,4,19,1,64.99999999999999,325,21124.999999999993,8449.999999999998,0.4
2021-01-03,1111110,3,19,1,30.000000000000004,450,13500.000000000004,4050.000000000001,0.3
2021-01-03,1111110,2,19,1,30.000000000000004,250,7500.000000000002,2625.0000000000005,0.35
2021-01-03,1111110,6,19,1,20.000000000000007,250,5000.000000000002,1500.0000000000005,0.3
2021-01-03,1111110,5,19,1,25.000000000000007,100,2500.000000000001,750.0000000000002,0.3
2021-01-03,1111110,1,19,1,40.0,150,6000.0,3000.0,0.5
2021-01-03,1111110,4,19,1,30.000000000000004,250,7500.000000000002,3000.000000000001,0.4
2021-02-03,1111110,3,19,1,30.000000000000004,500,15000.000000000004,4500.000000000001,0.3
2021-02-03,1111110,2,19,1,30.000000000000004,150,4500.000000000001,1575.0000000000002,0.35
2021-02-03,1111110,6,19,1,20.000000000000007,200,4000.0000000000014,1200.0000000000005,0.3
2021-02-03,1111110,5,34,1,25.000000000000007,75,1875.0000000000005,562.5000000000001,0.3
2021-02-03,1111110,1,34,1,40.0,150,6000.0,3000.0,0.5
2021-02-03,1111110,4,34,1,14.999999999999996,250,3749.999999999999,1499.9999999999998,0.4
2021-03-02,1111110,3,34,1,20.000000000000004,470,9400.000000000002,2820.0000000000005,0.3
2021-03-02,1111110,2,34,1,20.000000000000004,175,3500.000000000001,1225.0000000000002,0.35
2021-03-02,1111110,6,34,1,10.000000000000004,225,2250.000000000001,675.0000000000002,0.3
2021-03-02,1111110,5,34,1,14.999999999999996,75,1124.9999999999998,337.49999999999994,0.3
2021-03-02,1111110,1,34,1,30.000000000000004,125,3750.000000000001,1875.0000000000005,0.5
2021-03-02,1111110,4,34,1,20.000000000000004,225,4500.000000000001,1800.0000000000005,0.4
2021-04-03,1111110,3,34,1,20.000000000000004,450,9000.000000000002,2700.0000000000005,0.3
2021-04-03,1111110,2,34,1,20.000000000000004,150,3000.0000000000005,1050.0,0.35
2021-04-03,1111110,6,34,1,10.000000000000004,150,1500.0000000000005,450.00000000000017,0.3
2021-04-03,1111110,5,34,1,14.999999999999996,75,1124.9999999999998,337.49999999999994,0.3
2021-04-03,1111110,1,34,1,60.0,100,6000.0,3000.0,0.5
2021-04-03,1111110,4,34,1,50.0,225,11250.0,4500.0,0.4
2021-05-04,1111110,3,34,1,60.0,495,29700.0,8910.0,0.3
2021-05-04,1111110,2,34,1,40.0,200,8000.0,2800.0,0.35
2021-05-04,1111110,6,34,1,35.0,175,6125.0,1837.5,0.3
2021-05-04,1111110,5,34,1,35.0,150,5250.0,1575.0,0.3
2021-05-04,1111110,1,34,1,44.99999999999999,175,7874.999999999998,3937.499999999999,0.5
2021-05-04,1111110,4,34,1,49.99999999999999,300,14999.999999999996,5999.999999999999,0.4
2021-06-03,1111110,3,34,1,35.0,550,19250.0,5775.0,0.3
2021-06-03,1111110,2,34,1,30.00000000000001,300,9000.000000000004,3150.000000000001,0.35
2021-06-03,1111110,6,34,1,25.000000000000007,200,5000.000000000002,1500.0000000000005,0.3
2021-06-03,1111110,5,34,1,25.000000000000007,175,4375.000000000002,1312.5000000000005,0.3
2021-06-03,1111110,1,34,1,35.0,175,6125.0,3062.5,0.5
2021-06-03,1111110,4,34,1,55.00000000000001,325,17875.000000000004,7150.000000000002,0.4
2021-07-02,1111110,3,34,1,50.0,550,27500.0,8250.0,0.3
2021-07-02,1111110,2,34,1,45.00000000000001,300,13500.000000000004,4725.000000000001,0.35
2021-07-02,1111110,6,34,1,40.0,225,9000.0,2700.0,0.3
2021-07-02,1111110,5,34,1,40.0,175,7000.0,2100.0,0.3
2021-07-02,1111110,1,34,1,50.0,200,10000.0,5000.0,0.5
2021-07-02,1111110,4,34,1,55.00000000000001,375,20625.000000000004,8250.000000000002,0.4
2021-08-03,1111110,3,34,1,50.0,525,26250.0,7875.0,0.3
2021-08-03,1111110,2,34,1,45.00000000000001,300,13500.000000000004,4725.000000000001,0.35
2021-08-03,1111110,6,34,1,40.0,225,9000.0,2700.0,0.3
2021-08-03,1111110,5,34,1,40.0,200,8000.0,2400.0,0.3
2021-08-03,1111110,1,34,1,50.0,175,8750.0,4375.0,0.5
2021-08-03,1111110,4,34,1,55.00000000000001,350,19250.000000000004,7700.000000000002,0.4
2021-09-04,1111110,3,34,1,35.0,475,16625.0,4987.5,0.3
2021-09-04,1111110,2,34,1,30.00000000000001,250,7500.000000000003,2625.000000000001,0.35
2021-09-04,1111110,6,34,1,25.000000000000007,150,3750.000000000001,1125.0000000000002,0.3
2021-09-04,1111110,5,34,1,25.000000000000007,125,3125.000000000001,937.5000000000002,0.3
2021-09-04,1111110,1,34,1,35.0,125,4375.0,2187.5,0.5
2021-09-04,1111110,4,34,1,40.0,200,8000.0,3200.0,0.4
2021-10-03,1111110,3,34,1,44.99999999999999,375,16874.999999999996,5062.499999999999,0.3
2021-10-03,1111110,2,34,1,35.0,225,7875.0,2756.25,0.35
2021-10-03,1111110,6,34,1,35.0,125,4375.0,1312.5,0.3
2021-10-03,1111110,5,34,1,35.0,125,4375.0,1312.5,0.3
2021-10-03,1111110,1,34,1,44.99999999999999,125,5624.999999999999,2812.4999999999995,0.5
2021-10-03,1111110,4,34,1,49.999999999999986,250,12499.999999999996,4999.999999999999,0.4
2021-11-03,1111110,3,34,1,44.99999999999999,400,17999.999999999996,5399.999999999999,0.3
2021-11-03,1111110,2,34,1,35.0,300,10500.0,3675.0,0.35
2021-11-03,1111110,6,34,1,35.0,245,8575.0,2572.5,0.3
2021-11-03,1111110,5,34,1,35.0,225,7875.0,2362.5,0.3
2021-11-03,1111110,1,34,1,60.0,200,12000.0,6000.0,0.5
2021-11-03,1111110,4,34,1,64.99999999999999,300,19499.999999999996,7799.999999999998,0.4
2021-12-02,1111110,3,34,1,60.0,550,33000.0,9900.0,0.3
2021-12-02,1111110,2,34,1,50.0,350,17500.0,6124.999999999999,0.35
2021-12-02,1111110,6,34,1,50.0,300,15000.0,4500.0,0.3
2021-12-02,1111110,5,34,1,50.0,250,12500.0,3750.0,0.3
2021-12-02,1111110,1,34,1,60.0,250,15000.0,7500.0,0.5
2021-12-02,1111110,4,34,1,64.99999999999999,350,22749.999999999993,9099.999999999998,0.4
2021-01-10,1111110,3,34,1,35.0,500,17500.0,7000.0,0.4
2021-01-10,1111110,2,34,1,35.0,300,10500.0,4200.0,0.4
2021-01-10,1111110,6,34,1,25.000000000000007,300,7500.000000000002,2625.0000000000005,0.35
2021-01-10,1111110,5,34,1,30.000000000000004,150,4500.000000000001,1575.0000000000002,0.35
2021-01-10,1111110,1,34,1,44.99999999999999,200,8999.999999999998,2699.9999999999995,0.3
2021-01-10,1111110,4,34,1,35.0,300,10500.0,4200.0,0.4
2021-02-10,1111110,3,34,1,35.0,550,19250.0,7700.0,0.4
2021-02-10,1111110,2,34,1,35.0,200,7000.0,2800.0,0.4
2021-02-10,1111110,6,34,1,25.000000000000007,250,6250.000000000002,2187.5000000000005,0.35
2021-02-10,1111110,5,25,1,30.000000000000004,125,3750.000000000001,1312.5000000000002,0.35
2021-02-10,1111110,1,25,1,44.99999999999999,200,8999.999999999998,2699.9999999999995,0.3
2021-02-10,1111110,4,25,1,19.999999999999996,300,5999.999999999999,2400.0,0.4
2021-03-09,1111110,3,25,1,25.000000000000007,520,13000.000000000004,5200.000000000002,0.4
2021-03-09,1111110,2,25,1,25.000000000000007,225,5625.000000000002,2250.000000000001,0.4
2021-03-09,1111110,6,25,1,15.000000000000002,275,4125.000000000001,1443.7500000000002,0.35
2021-03-09,1111110,5,25,1,19.999999999999996,125,2499.9999999999995,874.9999999999998,0.35
2021-03-09,1111110,1,25,1,35.0,175,6125.0,1837.5,0.3
2021-03-09,1111110,4,25,1,25.000000000000007,275,6875.000000000002,2750.000000000001,0.4
2021-04-10,1111110,3,25,1,25.000000000000007,500,12500.000000000004,5000.000000000002,0.4
2021-04-10,1111110,2,25,1,25.000000000000007,200,5000.000000000002,2000.0000000000007,0.4
2021-04-10,1111110,6,25,1,15.000000000000002,200,3000.0000000000005,1050.0,0.35
2021-04-10,1111110,5,25,1,19.999999999999996,125,2499.9999999999995,874.9999999999998,0.35
2021-04-10,1111110,1,25,1,65.0,150,9750.0,2925.0,0.3
2021-04-10,1111110,4,25,1,50.0,275,13750.0,5500.0,0.4
2021-05-11,1111110,3,25,1,60.0,545,32700.0,13080.0,0.4
2021-05-11,1111110,2,25,1,40.0,250,10000.0,4000.0,0.4
2021-05-11,1111110,6,25,1,35.0,225,7875.0,2756.25,0.35
2021-05-11,1111110,5,25,1,35.0,175,6125.0,2143.75,0.35
2021-05-11,1111110,1,25,1,44.99999999999999,200,8999.999999999998,2699.9999999999995,0.3
2021-05-11,1111110,4,25,1,54.99999999999999,325,17874.999999999996,7149.999999999998,0.4
2021-06-10,1111110,3,25,1,40.0,575,23000.0,9200.0,0.4
2021-06-10,1111110,2,25,1,35.00000000000001,325,11375.000000000004,4550.000000000002,0.4
2021-06-10,1111110,6,25,1,30.000000000000004,200,6000.000000000001,2100.0,0.35
2021-06-10,1111110,5,25,1,30.000000000000004,175,5250.000000000001,1837.5,0.35
2021-06-10,1111110,1,25,1,40.0,175,7000.0,2100.0,0.3
2021-06-10,1111110,4,25,1,60.00000000000001,325,19500.000000000004,7800.000000000002,0.4
2021-07-09,1111110,3,25,1,55.00000000000001,550,30250.000000000007,12100.000000000004,0.4
2021-07-09,1111110,2,25,1,50.000000000000014,300,15000.000000000004,6000.000000000002,0.4
2021-07-09,1111110,6,25,1,45.0,225,10125.0,3543.75,0.35
2021-07-09,1111110,5,25,1,45.0,175,7875.0,2756.25,0.35
2021-07-09,1111110,1,25,1,55.00000000000001,200,11000.000000000002,3300.0,0.3
2021-07-09,1111110,4,25,1,60.00000000000001,375,22500.000000000004,9000.000000000002,0.4
2021-08-10,1111110,3,25,1,50.0,525,26250.0,10500.0,0.4
2021-08-10,1111110,2,25,1,45.00000000000001,300,13500.000000000004,5400.000000000002,0.4
2021-08-10,1111110,6,25,1,40.0,225,9000.0,3149.9999999999995,0.35
2021-08-10,1111110,5,25,1,40.0,200,8000.0,2800.0,0.35
2021-08-10,1111110,1,25,1,50.0,175,8750.0,2625.0,0.3
2021-08-10,1111110,4,25,1,55.00000000000001,350,19250.000000000004,7700.000000000002,0.4
2021-09-11,1111110,3,25,1,35.0,475,16625.0,6650.0,0.4
2021-09-11,1111110,2,25,1,30.00000000000001,275,8250.000000000004,3300.0000000000014,0.4
2021-09-11,1111110,6,25,1,25.000000000000007,175,4375.000000000002,1531.2500000000005,0.35
2021-09-11,1111110,5,25,1,25.000000000000007,150,3750.000000000001,1312.5000000000002,0.35
2021-09-11,1111110,1,25,1,35.0,150,5250.0,1575.0,0.3
2021-09-11,1111110,4,25,1,40.0,225,9000.0,3600.0,0.4
2021-10-10,1111110,3,25,1,44.99999999999999,400,17999.999999999996,7199.999999999998,0.4
2021-10-10,1111110,2,25,1,35.0,250,8750.0,3500.0,0.4
2021-10-10,1111110,6,25,1,35.0,150,5250.0,1837.5,0.35
2021-10-10,1111110,5,25,1,35.0,150,5250.0,1837.5,0.35
2021-10-10,1111110,1,25,1,44.99999999999999,150,6749.999999999998,2024.9999999999995,0.3
2021-10-10,1111110,4,25,1,49.999999999999986,275,13749.999999999996,5499.999999999999,0.4
2021-11-10,1111110,3,25,1,44.99999999999999,425,19124.999999999996,7649.999999999998,0.4
2021-11-10,1111110,2,25,1,35.0,325,11375.0,4550.0,0.4
2021-11-10,1111110,6,25,1,35.0,270,9450.0,3307.5,0.35
2021-11-10,1111110,5,25,1,35.0,275,9625.0,3368.75,0.35
2021-11-10,1111110,1,25,1,60.0,250,15000.0,4500.0,0.3
2021-11-10,1111110,4,25,1,64.99999999999999,350,22749.999999999993,9099.999999999998,0.4
2021-12-09,1111110,3,25,1,60.0,600,36000.0,14400.0,0.4
2021-12-09,1111110,2,25,1,50.0,400,20000.0,8000.0,0.4
2021-12-09,1111110,6,25,1,50.0,350,17500.0,6124.999999999999,0.35
2021-12-09,1111110,5,25,1,50.0,300,15000.0,5250.0,0.35
2021-12-09,1111110,1,25,1,60.0,300,18000.0,5400.0,0.3
2021-12-09,1111110,4,25,1,64.99999999999999,400,25999.999999999993,10399.999999999998,0.4
2021-01-17,1111110,3,25,1,35.0,500,17500.0,7000.0,0.4
2021-01-17,1111110,2,25,1,35.0,300,10500.0,4200.0,0.4
2021-01-17,1111110,6,25,1,25.000000000000007,300,7500.000000000002,3000.000000000001,0.4
2021-01-17,1111110,5,25,1,30.000000000000004,150,4500.000000000001,1800.0000000000005,0.4
2021-01-17,1111110,1,25,1,44.99999999999999,200,8999.999999999998,3599.999999999999,0.4
2021-01-17,1111110,4,25,1,35.0,300,10500.0,4200.0,0.4
2021-02-17,1111110,3,25,1,35.0,550,19250.0,7700.0,0.4
2021-02-17,1111110,2,25,1,40.0,200,8000.0,3200.0,0.4
2021-02-17,1111110,6,25,1,30.000000000000004,300,9000.000000000002,3600.000000000001,0.4
2021-02-17,1111110,5,12,1,35.0,175,6125.0,2450.0,0.4
2021-02-17,1111110,1,12,1,49.99999999999999,250,12499.999999999998,5000.0,0.4
2021-02-17,1111110,4,12,1,24.999999999999993,350,8749.999999999996,3499.999999999999,0.4
2021-03-16,1111110,3,12,1,30.000000000000004,570,17100.000000000004,6840.000000000002,0.4
2021-03-16,1111110,2,12,1,30.000000000000004,275,8250.000000000002,3300.000000000001,0.4
2021-03-16,1111110,6,12,1,20.0,325,6500.0,2600.0,0.4
2021-03-16,1111110,5,12,1,24.999999999999993,175,4374.999999999998,1749.9999999999995,0.4
2021-03-16,1111110,1,12,1,40.0,225,9000.0,3600.0,0.4
2021-03-16,1111110,4,12,1,30.000000000000004,325,9750.000000000002,3900.000000000001,0.4
2021-04-17,1111110,3,12,1,30.000000000000004,550,16500.000000000004,6600.000000000002,0.4
2021-04-17,1111110,2,12,1,30.000000000000004,250,7500.000000000002,3000.000000000001,0.4
2021-04-17,1111110,6,12,1,20.0,250,5000.0,2000.0,0.4
2021-04-17,1111110,5,12,1,24.999999999999993,175,4374.999999999998,1749.9999999999995,0.4
2021-04-17,1111110,1,12,1,65.0,200,13000.0,5200.0,0.4
2021-04-17,1111110,4,12,1,50.0,325,16250.0,6500.0,0.4
2021-05-18,1111110,3,12,1,60.0,595,35700.0,14280.0,0.4
2021-05-18,1111110,2,12,1,40.0,300,12000.0,4800.0,0.4
2021-05-18,1111110,6,12,1,35.0,275,9625.0,3850.0,0.4
2021-05-18,1111110,5,12,1,35.0,200,7000.0,2800.0,0.4
2021-05-18,1111110,1,12,1,44.99999999999999,225,10124.999999999998,4050.0,0.4
2021-05-18,1111110,4,12,1,54.99999999999999,350,19249.999999999996,7699.999999999998,0.4
2021-06-17,1111110,3,12,1,45.0,600,27000.0,10800.0,0.4
2021-06-17,1111110,2,12,1,40.00000000000001,425,17000.000000000004,6800.000000000002,0.4
2021-06-17,1111110,6,12,1,35.0,300,10500.0,4200.0,0.4
2021-06-17,1111110,5,12,1,35.0,275,9625.0,3850.0,0.4
2021-06-17,1111110,1,12,1,45.0,275,12375.0,4950.0,0.4
2021-06-17,1111110,4,12,1,65.00000000000001,425,27625.000000000007,11050.000000000004,0.4
2021-07-16,1111110,3,12,1,60.00000000000001,650,39000.00000000001,15600.000000000004,0.4
2021-07-16,1111110,2,12,1,55.000000000000014,400,22000.000000000007,8800.000000000004,0.4
2021-07-16,1111110,6,12,1,50.0,325,16250.0,6500.0,0.4
2021-07-16,1111110,5,12,1,50.0,275,13750.0,5500.0,0.4
2021-07-16,1111110,1,12,1,60.00000000000001,300,18000.000000000004,7200.000000000002,0.4
2021-07-16,1111110,4,12,1,65.00000000000001,475,30875.000000000007,12350.000000000004,0.4
2021-08-17,1111110,3,12,1,50.0,525,26250.0,10500.0,0.4
2021-08-17,1111110,2,12,1,45.00000000000001,300,13500.000000000004,5400.000000000002,0.4
2021-08-17,1111110,6,12,1,40.0,300,12000.0,4800.0,0.4
2021-08-17,1111110,5,12,1,40.0,275,11000.0,4400.0,0.4
2021-08-17,1111110,1,12,1,50.0,250,12500.0,5000.0,0.4
2021-08-17,1111110,4,12,1,55.00000000000001,425,23375.000000000004,9350.000000000002,0.4
2021-09-18,1111110,3,12,1,35.0,550,19250.0,7700.0,0.4
2021-09-18,1111110,2,12,1,30.00000000000001,350,10500.000000000004,4200.000000000002,0.4
2021-09-18,1111110,6,12,1,25.000000000000007,250,6250.000000000002,2500.000000000001,0.4
2021-09-18,1111110,5,12,1,25.000000000000007,225,5625.000000000002,2250.000000000001,0.4
2021-09-18,1111110,1,12,1,35.0,225,7875.0,3150.0,0.4
2021-09-18,1111110,4,12,1,40.0,300,12000.0,4800.0,0.4
2021-10-17,1111110,3,12,1,44.99999999999999,425,19124.999999999996,7649.999999999998,0.4
2021-10-17,1111110,2,12,1,35.0,275,9625.0,3850.0,0.4
2021-10-17,1111110,6,12,1,35.0,175,6125.0,2450.0,0.4
2021-10-17,1111110,5,12,1,35.0,175,6125.0,2450.0,0.4
2021-10-17,1111110,1,12,1,44.99999999999999,175,7874.999999999998,3149.9999999999995,0.4
2021-12-16,1111110,6,12,1,55.00000000000001,400,22000.000000000004,8800.000000000002,0.4
2021-02-22,1111110,2,12,1,35.0,125,4375.0,1531.2499999999998,0.35
2021-02-22,1111110,6,12,1,25.000000000000007,175,4375.000000000002,1531.2500000000005,0.35
2021-02-22,1111110,5,5,1,30.0,50,1500.0,525.0,0.35
2021-02-22,1111110,1,5,1,45.0,125,5625.0,1687.5,0.3
2021-02-22,1111110,4,5,1,35.0,225,7875.0,2362.5,0.3
2021-03-20,1111110,3,5,1,35.0,445,15575.0,6230.0,0.4
2021-03-20,1111110,2,5,1,35.0,150,5250.0,1837.5,0.35
2021-03-20,1111110,6,5,1,25.000000000000007,175,4375.000000000002,1531.2500000000005,0.35
2021-03-20,1111110,5,5,1,30.0,25,750.0,262.5,0.35
2021-03-20,1111110,1,5,1,45.0,75,3375.0,1012.5,0.3
2021-03-20,1111110,4,5,1,35.0,175,6125.0,1837.5,0.3
2021-04-21,1111110,3,5,1,35.0,425,14875.0,5950.0,0.4
2021-04-21,1111110,2,5,1,35.0,125,4375.0,1531.2499999999998,0.35
2021-04-21,1111110,6,5,1,25.000000000000007,125,3125.000000000001,1093.7500000000002,0.35
2021-04-21,1111110,5,5,1,30.0,50,1500.0,525.0,0.35
2021-04-21,1111110,1,5,1,45.0,50,2250.0,675.0,0.3
2021-04-21,1111110,4,5,1,35.0,200,7000.0,2100.0,0.3
2021-05-20,1111110,3,5,1,49.99999999999999,470,23499.999999999996,9400.0,0.4
2021-05-20,1111110,2,5,1,45.0,175,7875.0,2756.25,0.35
2021-05-20,1111110,6,5,1,40.0,150,6000.0,2100.0,0.35
2021-05-20,1111110,5,5,1,40.0,100,4000.0,1400.0,0.35
2021-05-20,1111110,1,5,1,49.99999999999999,125,6249.999999999999,1874.9999999999995,0.3
2021-05-20,1111110,4,5,1,54.99999999999999,250,13749.999999999996,4124.999999999999,0.3
2021-06-22,1111110,3,5,1,49.99999999999999,500,24999.999999999996,10000.0,0.4
2021-06-22,1111110,2,5,1,45.0,250,11250.0,3937.5,0.35
2021-10-12,1111110,4,10,1,75.0,300,22500.0,8999.999999999998,0.39999999999999997
2021-11-11,1111110,3,10,1,70.0,450,31500.0,14175.0,0.45
2021-11-11,1111110,2,10,1,60.00000000000001,325,19500.000000000004,8775.000000000002,0.45
2021-11-11,1111110,6,10,1,60.00000000000001,320,19200.000000000004,6720.0,0.35
2020-11-01,1111110,3,24,2,37.0,209,773.3,347.985,0.45000000000000007
2020-11-02,1111110,2,24,2,49.0,194,950.6,294.68600000000004,0.31
2020-11-03,1111110,6,24,2,46.0,217,998.2,449.19000000000005,0.45000000000000007
2020-11-04,1111110,5,24,2,48.0,175,840.0,336.0,0.4
2020-11-05,1111110,1,49,2,51.0,161,821.1,517.293,0.63
2020-11-06,1111110,4,49,2,49.0,233,1141.7,285.425,0.25
2020-11-07,1111110,3,49,2,37.0,223,825.1,412.55,0.5
2020-11-08,1111110,2,49,2,49.0,210,1029.0,318.99,0.31
2020-11-09,1111110,6,49,2,49.0,196,960.4,470.596,0.49000000000000005
2020-11-10,1111110,5,49,2,47.0,150,705.0,296.1,0.42
2020-11-11,1111110,1,49,2,50.0,140,700.0,427.0,0.61
2020-11-12,1111110,4,49,2,46.0,182,837.2,234.41600000000003,0.28
2020-11-13,1111110,3,49,2,49.0,230,1127.0,507.1500000000001,0.45000000000000007
2020-11-14,1111110,2,49,2,58.0,175,1015.0,304.50000000000006,0.30000000000000004
2020-11-15,1111110,6,49,2,55.0,203,1116.5,524.755,0.47000000000000003
2020-12-22,1111110,5,49,2,58.0,174,1009.2,433.95599999999996,0.43
2020-12-23,1111110,1,49,2,62.0,145,899.0,566.37,0.63
2020-12-24,1111110,4,49,2,54.0,210,1134.0,306.18,0.27
2020-12-25,1111110,3,49,2,56.0,228,1276.8,600.096,0.47000000000000003
2020-12-26,1111110,2,49,2,62.0,203,1258.6,377.58000000000004,0.30000000000000004
2020-12-27,1111110,6,49,2,64.0,210,1344.0,672.0,0.5
2020-12-28,1111110,5,49,2,54.0,188,1015.2,416.23199999999997,0.41
2020-12-29,1111110,1,49,2,59.0,152,896.8,582.92,0.65
2020-12-30,1111110,4,49,2,72.0,203,1461.6,394.632,0.27
2020-12-31,1111110,3,49,2,56.0,252,1411.2,705.6,0.5
2021-01-01,1111110,2,49,2,64.0,225,1440.0,518.4,0.36
2021-01-02,1111110,6,49,2,60.0,218,1308.0,667.08,0.51
2021-01-03,1111110,5,49,2,56.0,182,1019.2,458.64,0.44999999999999996
2021-01-04,1111110,1,49,2,60.0,154,924.0,609.84,0.66
2021-01-05,1111110,4,49,2,72.0,189,1360.8,449.064,0.33
2021-01-06,1111110,3,49,2,56.0,273,1528.8,764.4,0.5
2021-01-07,1111110,2,49,2,63.0,248,1562.4,578.088,0.37
2021-01-08,1111110,6,49,2,64.0,206,1318.4,725.1200000000001,0.55
2021-01-09,1111110,5,49,2,59.0,210,1239.0,607.1099999999999,0.49
2021-01-10,1111110,1,49,2,62.0,155,961.0,634.26,0.66
2021-01-11,1111110,4,49,2,72.0,219,1576.8,551.8799999999999,0.35
2021-01-12,1111110,3,49,2,56.0,277,1551.2,698.0400000000002,0.45000000000000007
2021-01-13,1111110,2,49,2,59.0,245,1445.5,491.4700000000001,0.34
2021-01-14,1111110,6,49,2,62.0,248,1537.6,707.296,0.46
2021-01-15,1111110,5,49,2,55.0,218,1199.0,479.6,0.4
2021-01-16,1111110,1,49,2,64.0,233,1491.2,954.368,0.64
2021-01-17,1111110,4,49,2,72.0,233,1677.6,486.5040000000001,0.29000000000000004
2021-01-18,1111110,3,49,2,62.0,273,1692.6,778.596,0.46
2021-01-19,1111110,2,49,2,66.0,259,1709.4,512.82,0.30000000000000004
2021-01-20,1111110,6,49,2,60.0,200,1200.0,564.0,0.47000000000000003
2021-01-21,1111110,5,49,2,59.0,188,1109.2,454.77199999999993,0.41
2021-01-22,1111110,1,49,2,69.0,188,1297.2,791.292,0.61
2021-01-23,1111110,4,49,2,76.0,181,1375.6,343.9,0.25
2021-01-24,1111110,3,49,2,51.0,241,1229.1,516.222,0.42000000000000004
2021-01-25,1111110,2,49,2,56.0,268,1500.8,420.22400000000005,0.28
2021-01-26,1111110,6,49,2,52.0,225,1170.0,468.0,0.4
2021-01-27,1111110,5,49,2,53.0,203,1075.9,376.56499999999994,0.35
2021-01-28,1111110,1,49,2,63.0,218,1373.4,796.5720000000001,0.5800000000000001
2021-01-29,1111110,4,49,2,65.0,217,1410.5,338.52000000000004,0.24000000000000002
2021-01-30,1111110,3,49,2,51.0,236,1203.6,541.6200000000001,0.45000000000000007
2021-01-31,1111110,2,49,2,59.0,219,1292.1,374.70900000000006,0.29000000000000004
2021-02-01,1111110,6,49,2,50.0,182,910.0,382.20000000000005,0.42000000000000004
2021-02-02,1111110,5,49,2,51.0,203,1035.3,372.70799999999997,0.36
2021-02-03,1111110,1,49,2,59.0,182,1073.8,622.8040000000001,0.5800000000000001
2021-02-04,1111110,4,49,2,63.0,196,1234.8,284.004,0.23
2021-02-05,1111110,3,49,2,52.0,263,1367.6,601.744,0.44000000000000006
2021-02-06,1111110,2,49,2,58.0,236,1368.8,342.2,0.25
2021-02-07,1111110,6,49,2,50.0,210,1050.0,420.0,0.4
2021-02-08,1111110,5,49,2,53.0,210,1113.0,445.2,0.39999999999999997
2021-02-09,1111110,1,49,2,63.0,163,1026.9,585.3330000000001,0.5700000000000001
2021-02-10,1111110,4,49,2,67.0,202,1353.4,284.21400000000006,0.21000000000000002
2021-02-11,1111110,3,49,2,51.0,293,1494.3,597.72,0.4
2021-02-12,1111110,2,49,2,58.0,273,1583.4,427.51800000000003,0.27
2021-02-13,1111110,6,49,2,52.0,233,1211.6,484.64000000000004,0.4
2021-02-14,1111110,5,49,2,51.0,194,989.4,395.75999999999993,0.39999999999999997
2021-02-15,1111110,1,49,2,59.0,175,1032.5,619.5000000000001,0.6000000000000001
2021-02-16,1111110,4,49,2,67.0,208,1393.6,320.528,0.23
2020-01-02,1111110,3,42,2,32.0,122,390.4,199.10399999999998,0.51
2020-01-03,1111110,2,42,2,44.0,117,514.8,190.476,0.37
2020-01-04,1111110,6,42,2,41.0,117,479.7,259.038,0.54
2020-01-05,1111110,5,42,2,43.0,87,374.1,187.05,0.5
2020-01-06,1111110,1,28,2,47.0,70,329.0,213.85,0.65
2020-01-07,1111110,4,28,2,41.0,128,524.8,157.44000000000003,0.30000000000000004
2020-01-08,1111110,3,28,2,34.0,158,537.2,268.6,0.5
2020-01-09,1111110,2,28,2,43.0,128,550.4,220.16,0.4
2020-01-10,1111110,6,28,2,41.0,119,487.9,258.58700000000005,0.53
2020-01-11,1111110,5,28,2,44.0,74,325.6,149.776,0.45999999999999996
2020-01-12,1111110,1,28,2,46.0,52,239.2,167.44,0.7000000000000001
2020-01-13,1111110,4,28,2,41.0,116,475.6,161.704,0.34
2020-01-14,1111110,3,28,2,43.0,160,688.0,378.40000000000003,0.55
2020-01-15,1111110,2,28,2,50.0,120,600.0,240.0,0.4
2020-01-16,1111110,6,28,2,52.0,104,540.8,286.624,0.53
2020-01-17,1111110,5,28,2,50.0,84,420.0,197.4,0.47
2020-01-18,1111110,1,28,2,55.0,47,258.5,180.95000000000002,0.7000000000000001
2020-01-19,1111110,4,28,2,54.0,94,507.6,172.584,0.34
2020-01-20,1111110,3,28,2,58.0,143,829.4,422.994,0.51
2020-01-21,1111110,2,28,2,62.0,102,632.4,240.31199999999998,0.38
2020-01-22,1111110,6,28,2,61.0,120,732.0,387.96000000000004,0.53
2020-01-23,1111110,5,28,2,59.0,75,442.5,203.54999999999998,0.45999999999999996
2020-01-24,1111110,1,28,2,63.0,52,327.6,216.21600000000004,0.66
2020-01-25,1111110,4,28,2,78.0,95,741.0,251.94,0.34
2020-01-26,1111110,3,28,2,58.0,149,864.2,501.23600000000005,0.5800000000000001
2020-01-27,1111110,2,28,2,60.0,104,624.0,268.32,0.43
2020-01-28,1111110,6,28,2,63.0,116,730.8,416.55600000000004,0.5700000000000001
2020-01-29,1111110,5,28,2,57.0,90,513.0,256.5,0.5
2020-01-30,1111110,1,28,2,60.0,60,360.0,252.00000000000006,0.7000000000000001
2020-01-31,1111110,4,28,2,78.0,131,1021.8,357.63,0.35
2020-02-01,1111110,3,28,2,56.0,189,1058.4,603.2880000000001,0.5700000000000001
2020-02-02,1111110,2,28,2,62.0,165,1023.0,419.43,0.41
2020-02-03,1111110,6,28,2,62.0,165,1023.0,603.57,0.5900000000000001
2020-02-04,1111110,5,28,2,58.0,111,643.8,328.338,0.51
2020-02-05,1111110,1,28,2,59.0,81,477.9,353.6460000000001,0.7400000000000001
2020-02-06,1111110,4,28,2,73.0,174,1270.2,508.08000000000004,0.4
2020-02-07,1111110,3,28,2,58.0,218,1264.4,670.1320000000001,0.53
2020-02-08,1111110,2,28,2,61.0,174,1061.4,382.104,0.36
2020-02-09,1111110,6,28,2,61.0,143,872.3,462.3190000000001,0.53
2020-02-10,1111110,5,28,2,55.0,117,643.5,315.315,0.49
2020-02-11,1111110,1,28,2,60.0,130,780.0,546.0000000000001,0.7000000000000001
2020-02-12,1111110,4,28,2,78.0,145,1131.0,339.30000000000007,0.30000000000000004
2020-02-13,1111110,3,28,2,62.0,210,1302.0,690.0600000000001,0.53
2020-02-14,1111110,2,28,2,64.0,182,1164.8,454.27200000000005,0.39
2020-02-15,1111110,6,28,2,60.0,152,912.0,474.24000000000007,0.52
2020-02-16,1111110,5,28,2,64.0,124,793.6,372.99199999999996,0.47
2020-02-17,1111110,1,28,2,68.0,138,938.4,638.1120000000001,0.68
2020-02-18,1111110,4,28,2,78.0,108,842.4,286.41600000000005,0.34
2020-02-19,1111110,3,28,2,56.0,174,974.4,467.7120000000001,0.48000000000000004
2020-02-20,1111110,2,28,2,61.0,162,988.2,335.988,0.34
2020-02-21,1111110,6,28,2,57.0,117,666.9,333.45,0.5
2020-02-22,1111110,5,28,2,58.0,112,649.6,285.824,0.44
2020-02-23,1111110,1,28,2,67.0,120,804.0,490.44000000000005,0.6100000000000001
2020-02-24,1111110,4,28,2,74.0,113,836.2,250.86000000000004,0.30000000000000004
2020-02-25,1111110,3,28,2,56.0,138,772.8,378.672,0.49000000000000005
2020-02-26,1111110,2,28,2,59.0,165,973.5,340.725,0.35
2020-02-27,1111110,6,28,2,54.0,109,588.6,264.87,0.45000000000000007
2020-02-28,1111110,5,28,2,54.0,105,567.0,238.14000000000001,0.42
2020-03-01,1111110,1,28,2,63.0,81,510.3,311.283,0.6100000000000001
2020-03-02,1111110,4,28,2,68.0,94,639.2,159.8,0.25
2020-03-03,1111110,3,28,2,57.0,155,883.5,424.08000000000004,0.48000000000000004
2020-03-04,1111110,2,28,2,64.0,150,960.0,326.40000000000003,0.34
2020-03-05,1111110,6,28,2,55.0,106,583.0,268.18,0.46
2020-03-06,1111110,5,28,2,56.0,108,604.8,247.968,0.41
2020-03-07,1111110,1,28,2,64.0,88,563.2,360.44800000000004,0.6400000000000001
2020-03-08,1111110,4,28,2,68.0,133,904.4,235.144,0.26
2020-03-09,1111110,3,28,2,58.0,196,1136.8,534.296,0.47000000000000003
2020-03-10,1111110,2,28,2,62.0,189,1171.8,398.41200000000003,0.34
2020-03-11,1111110,6,28,2,59.0,119,702.1,329.987,0.47000000000000003
2020-03-12,1111110,5,28,2,57.0,133,758.1,333.56399999999996,0.44
2020-03-13,1111110,1,28,2,69.0,112,772.8,463.6800000000001,0.6000000000000001
2020-03-14,1111110,4,28,2,74.0,150,1110.0,299.7,0.27
2020-03-15,1111110,3,28,2,28.0,123,344.4,172.2,0.5
2020-03-16,1111110,2,28,2,38.0,123,467.4,154.24200000000002,0.33
2020-03-17,1111110,6,28,2,39.0,115,448.5,206.31,0.46
2020-03-18,1111110,5,28,2,38.0,72,273.6,123.11999999999998,0.44999999999999996
2020-03-19,1111110,1,18,2,41.0,56,229.6,146.94400000000002,0.64
2020-03-20,1111110,4,18,2,37.0,128,473.6,123.13600000000001,0.26
2020-03-21,1111110,3,18,2,27.0,131,353.7,169.776,0.48000000000000004
2020-03-22,1111110,2,18,2,38.0,111,421.8,126.54,0.30000000000000004
2020-03-23,1111110,6,18,2,38.0,123,467.4,233.7,0.5
2020-03-24,1111110,5,18,2,36.0,72,259.2,116.63999999999999,0.44999999999999996
2020-03-25,1111110,1,18,2,43.0,58,249.4,154.628,0.62
2020-03-26,1111110,4,18,2,37.0,116,429.2,115.88400000000001,0.27
2020-03-27,1111110,3,18,2,37.0,165,610.5,293.04,0.48000000000000004
2020-03-28,1111110,2,18,2,48.0,112,537.6,182.78400000000002,0.34
2020-03-29,1111110,6,18,2,51.0,116,591.6,289.884,0.49000000000000005
2020-03-30,1111110,5,18,2,51.0,90,459.0,197.37,0.43
2020-03-31,1111110,1,18,2,56.0,39,218.4,131.04,0.6
2020-04-01,1111110,4,18,2,52.0,95,494.0,143.26000000000002,0.29000000000000004
2020-04-02,1111110,3,18,2,55.0,131,720.5,338.63500000000005,0.47000000000000003
2020-04-03,1111110,2,18,2,59.0,94,554.6,194.10999999999999,0.35
2020-04-04,1111110,6,18,2,61.0,113,689.3,344.65,0.5
2020-04-05,1111110,5,18,2,56.0,74,414.4,178.192,0.43
2020-04-06,1111110,1,18,2,62.0,44,272.8,166.408,0.61
2020-04-07,1111110,4,18,2,72.0,98,705.6,176.4,0.25
2020-04-08,1111110,3,18,2,55.0,131,720.5,439.505,0.61
2020-04-09,1111110,2,18,2,60.0,105,630.0,289.8,0.45999999999999996
2020-04-10,1111110,6,18,2,59.0,98,578.2,346.91999999999996,0.6
2020-04-11,1111110,5,18,2,58.0,69,400.2,236.118,0.59
2020-04-12,1111110,1,18,2,63.0,44,277.2,210.67200000000003,0.7600000000000001
2020-04-13,1111110,4,18,2,74.0,133,984.2,423.20599999999996,0.43
2020-04-14,1111110,3,18,2,54.0,189,1020.6,653.184,0.64
2020-04-15,1111110,2,18,2,59.0,144,849.6,424.8,0.5
2020-04-16,1111110,6,18,2,64.0,150,960.0,614.4,0.64
2020-04-17,1111110,5,18,2,62.0,135,837.0,502.2,0.6
2020-04-18,1111110,1,18,2,66.0,91,600.6,462.4620000000001,0.7700000000000001
2020-04-19,1111110,4,18,2,83.0,181,1502.3,645.989,0.43
2020-04-20,1111110,3,18,2,64.0,202,1292.8,775.68,0.6
2020-04-21,1111110,2,18,2,67.0,188,1259.6,503.84000000000003,0.4
2020-04-22,1111110,6,18,2,67.0,161,1078.7,593.2850000000001,0.55
2020-04-23,1111110,5,18,2,61.0,143,872.3,453.596,0.52
2020-04-24,1111110,1,18,2,67.0,131,877.7,614.3900000000001,0.7000000000000001
2020-04-25,1111110,4,18,2,78.0,137,1068.6,427.44000000000005,0.4
2020-04-26,1111110,3,18,2,63.0,196,1234.8,728.532,0.5900000000000001
2020-04-27,1111110,2,18,2,73.0,189,1379.7,579.4739999999999,0.42
2020-04-28,1111110,6,18,2,67.0,143,958.1,546.1170000000001,0.5700000000000001
2020-04-29,1111110,5,18,2,63.0,135,850.5,459.2700000000001,0.54
2020-04-30,1111110,1,18,2,74.0,140,1036.0,756.2800000000001,0.7300000000000001
2020-05-01,1111110,4,18,2,74.0,100,740.0,259.0,0.35
2020-05-02,1111110,3,18,2,59.0,162,955.8,506.57400000000007,0.53
2020-05-03,1111110,2,18,2,69.0,168,1159.2,417.312,0.36
2020-05-04,1111110,6,18,2,60.0,113,678.0,339.0,0.5
2020-05-05,1111110,5,18,2,59.0,100,590.0,283.2,0.48
2020-05-06,1111110,1,18,2,74.0,120,888.0,612.7200000000001,0.6900000000000002
2020-05-07,1111110,4,18,2,65.0,106,689.0,213.59,0.31
2020-05-08,1111110,3,18,2,51.0,137,698.7,349.35,0.5
2020-05-09,1111110,2,18,2,54.0,152,820.8,287.28,0.35
2020-05-10,1111110,6,18,2,51.0,102,520.2,260.1,0.5
2020-05-11,1111110,5,18,2,53.0,85,450.5,207.22999999999996,0.45999999999999996
2020-05-12,1111110,1,18,2,64.0,75,480.0,316.80000000000007,0.6600000000000001
2020-05-13,1111110,4,18,2,65.0,105,682.5,204.75000000000003,0.30000000000000004
2020-05-14,1111110,3,18,2,52.0,150,780.0,429.0,0.55
2020-05-15,1111110,2,18,2,55.0,150,825.0,305.25,0.37
2020-05-16,1111110,6,18,2,51.0,128,652.8,345.98400000000004,0.53
2020-05-17,1111110,5,18,2,60.0,116,696.0,334.08,0.48
2020-05-18,1111110,1,18,2,68.0,105,714.0,492.66000000000014,0.6900000000000002
2020-05-19,1111110,4,18,2,73.0,130,949.0,294.19,0.31
2020-05-20,1111110,3,18,2,59.0,203,1197.7,622.804,0.52
2020-05-21,1111110,2,18,2,64.0,182,1164.8,442.62399999999997,0.38
2020-05-22,1111110,6,18,2,60.0,125,750.0,412.5,0.55
2020-05-23,1111110,5,18,2,63.0,125,787.5,354.37499999999994,0.44999999999999996
2020-05-24,1111110,1,18,2,68.0,115,782.0,523.9400000000002,0.6700000000000002
2020-05-25,1111110,4,18,2,75.0,137,1027.5,339.075,0.33
2020-05-26,1111110,3,18,2,36.0,117,421.2,172.69199999999998,0.41
2020-05-27,1111110,2,18,2,48.0,131,628.8,251.52000000000004,0.4
2020-05-28,1111110,6,18,2,46.0,135,621.0,217.35,0.35
2020-05-29,1111110,5,18,2,49.0,78,382.2,156.702,0.41
2020-05-30,1111110,1,50,2,51.0,73,372.3,145.197,0.39
2020-05-31,1111110,4,50,2,46.0,125,575.0,178.25,0.31
2020-06-01,1111110,3,50,2,36.0,138,496.8,213.62399999999997,0.43
2020-06-02,1111110,2,50,2,47.0,131,615.7,240.123,0.39
2020-06-03,1111110,6,50,2,47.0,122,573.4,223.62600000000003,0.39
2020-06-04,1111110,5,50,2,48.0,87,417.6,175.392,0.42
2020-06-05,1111110,1,50,2,52.0,65,338.0,135.2,0.4
2020-06-06,1111110,4,50,2,46.0,123,565.8,175.398,0.31
2020-06-07,1111110,3,50,2,46.0,167,768.2,345.68999999999994,0.44999999999999996
2020-06-08,1111110,2,50,2,58.0,115,667.0,240.11999999999998,0.36
2020-06-09,1111110,6,50,2,60.0,115,690.0,276.0,0.4
2020-06-10,1111110,5,50,2,64.0,85,544.0,228.47999999999996,0.42
2020-06-11,1111110,1,50,2,69.0,46,317.4,120.61200000000001,0.38
2020-06-12,1111110,4,50,2,62.0,105,651.0,221.34,0.34
2020-06-13,1111110,3,50,2,68.0,160,1088.0,478.71999999999997,0.44
2020-06-14,1111110,2,50,2,71.0,88,624.8,243.67200000000003,0.39
2020-06-15,1111110,6,50,2,74.0,120,888.0,346.32000000000005,0.39
2020-06-16,1111110,5,50,2,55.0,90,495.0,207.9,0.42
2020-06-17,1111110,1,50,2,59.0,56,330.4,132.16000000000003,0.4
2020-06-18,1111110,4,50,2,78.0,88,686.4,219.648,0.32
2020-06-19,1111110,3,50,2,55.0,165,907.5,372.075,0.41
2020-06-20,1111110,2,50,2,60.0,108,648.0,246.24,0.38
2020-06-21,1111110,6,50,2,61.0,120,732.0,278.15999999999997,0.38
2020-06-22,1111110,5,50,2,59.0,90,531.0,233.64000000000001,0.44
2020-06-23,1111110,1,50,2,60.0,52,312.0,118.55999999999999,0.38
2020-06-24,1111110,4,50,2,75.0,125,937.5,309.375,0.33
2020-06-25,1111110,3,50,2,71.0,195,1384.5,581.49,0.42
2020-06-26,1111110,2,50,2,74.0,188,1391.2,514.7439999999999,0.37
2020-06-27,1111110,6,50,2,72.0,163,1173.6,445.968,0.38
2020-06-28,1111110,5,50,2,75.0,125,937.5,375.0,0.4
2020-06-29,1111110,1,50,2,82.0,105,861.0,335.79,0.39
2020-06-30,1111110,4,50,2,98.0,182,1783.6,606.4240000000001,0.34
2020-07-01,1111110,3,50,2,73.0,239,1744.7,697.88,0.4
2020-07-02,1111110,2,50,2,82.0,182,1492.4,537.2639999999999,0.36
2020-07-03,1111110,6,50,2,78.0,175,1365.0,477.75,0.35
2020-07-04,1111110,5,50,2,78.0,137,1068.6,438.1259999999999,0.41
2020-07-05,1111110,1,50,2,77.0,144,1108.8,388.08,0.35
2020-07-06,1111110,4,50,2,95.0,155,1472.5,515.375,0.35
2020-07-07,1111110,3,50,2,80.0,217,1736.0,781.1999999999999,0.44999999999999996
2020-07-08,1111110,2,50,2,77.0,210,1617.0,630.63,0.39
2020-07-09,1111110,6,50,2,73.0,163,1189.9,416.465,0.35
2020-07-10,1111110,5,50,2,74.0,155,1147.0,504.68,0.44
2020-07-11,1111110,1,50,2,71.0,155,1100.5,429.195,0.39
2020-07-12,1111110,4,50,2,76.0,108,820.8,270.86400000000003,0.33
2020-07-13,1111110,3,50,2,64.0,156,998.4,409.34399999999994,0.41
2020-07-14,1111110,2,50,2,71.0,174,1235.4,432.39,0.35
2020-07-15,1111110,6,50,2,63.0,135,850.5,314.685,0.37
2020-07-16,1111110,5,50,2,67.0,112,750.4,300.16,0.4
2020-07-17,1111110,1,50,2,72.0,111,799.2,319.68,0.4
2020-07-18,1111110,4,50,2,62.0,113,700.6,245.20999999999998,0.35
2020-07-19,1111110,3,50,2,58.0,149,864.2,345.68,0.4
2020-07-20,1111110,2,50,2,64.0,138,883.2,326.784,0.37
2020-07-21,1111110,6,50,2,56.0,113,632.8,227.808,0.36
2020-07-22,1111110,5,50,2,58.0,98,568.4,250.096,0.44
2020-07-23,1111110,1,50,2,69.0,94,648.6,227.01,0.35
2020-07-24,1111110,4,50,2,71.0,101,717.1,250.98499999999999,0.35
2020-07-25,1111110,3,50,2,54.0,162,874.8,384.912,0.44
2020-07-26,1111110,2,50,2,60.0,188,1128.0,417.36,0.37
2020-07-27,1111110,6,50,2,54.0,124,669.6,247.752,0.37
2020-07-28,1111110,5,50,2,69.0,117,807.3,347.139,0.43
2020-07-29,1111110,1,50,2,85.0,115,977.5,391.0,0.4
2020-07-30,1111110,4,50,2,88.0,138,1214.4,376.464,0.31
2020-07-31,1111110,3,50,2,78.0,188,1466.4,586.5600000000001,0.4
2020-08-01,1111110,2,50,2,77.0,195,1501.5,570.5699999999999,0.38
2020-08-02,1111110,6,50,2,73.0,138,1007.4,392.886,0.39
2020-08-03,1111110,5,50,2,76.0,138,1048.8,450.98400000000004,0.43
2020-08-04,1111110,1,50,2,82.0,133,1090.6,414.428,0.38
2020-08-05,1111110,4,50,2,86.0,150,1290.0,438.6,0.34
2020-08-15,1111110,5,33,2,38.0,169,642.2,282.568,0.44
2020-04-24,1111110,6,33,2,32.0,203,649.6,259.84000000000003,0.4
2020-04-24,1111110,5,33,2,38.0,189,718.2,323.18999999999994,0.44999999999999996
2020-04-24,1111110,1,33,2,52.0,196,1019.2,458.64,0.44999999999999996
2020-04-24,1111110,4,33,2,44.0,208,915.2,549.12,0.6
2020-04-24,1111110,3,33,2,52.0,300,1560.0,873.6,0.56
2020-04-24,1111110,2,33,2,54.0,194,1047.6,523.8,0.5
2020-04-24,1111110,6,33,2,47.0,188,883.6,326.932,0.37
2020-04-24,1111110,5,33,2,49.0,175,857.5,368.725,0.43
2020-04-24,1111110,1,33,2,58.0,196,1136.8,534.296,0.47
2020-04-24,1111110,4,33,2,64.0,248,1587.2,1015.808,0.64
2020-04-24,1111110,3,33,2,55.0,290,1595.0,941.0500000000002,0.5900000000000001
2020-04-24,1111110,2,33,2,54.0,206,1112.4,545.076,0.49
2020-09-07,1111110,6,33,2,49.0,208,1019.2,356.71999999999997,0.35
2020-09-08,1111110,5,33,2,47.0,217,1019.9,407.96000000000004,0.4
2020-09-09,1111110,1,33,2,62.0,233,1444.6,707.854,0.49
2020-09-10,1111110,4,33,2,63.0,259,1631.7,1060.605,0.65
2020-09-11,1111110,3,33,2,60.0,299,1794.0,1076.4,0.6
2020-09-12,1111110,2,33,2,57.0,225,1282.5,589.9499999999999,0.45999999999999996
2020-09-13,1111110,6,33,2,50.0,215,1075.0,397.75,0.37
2020-09-14,1111110,5,33,2,53.0,233,1234.9,531.007,0.43
2020-09-15,1111110,1,33,2,61.0,208,1268.8,621.712,0.49
2020-09-16,1111110,4,33,2,67.0,244,1634.8,1062.6200000000001,0.65
2020-09-17,1111110,3,33,2,60.0,304,1824.0,1039.68,0.5700000000000001
2020-09-18,1111110,2,33,2,55.0,252,1386.0,623.6999999999999,0.44999999999999996
2020-09-19,1111110,6,33,2,53.0,231,1224.3,452.991,0.37
2021-01-10,1111110,3,44,2,33.0,98,323.4,113.18999999999998,0.35
2021-01-10,1111110,2,44,2,41.0,109,446.9,147.477,0.33
2021-01-10,1111110,6,44,2,43.0,101,434.3,173.72,0.4
2021-01-10,1111110,5,44,2,43.0,59,253.7,98.94300000000001,0.39
2021-12-16,1111110,6,41,2,75.0,174,1305.0,522.0,0.4
2021-12-16,1111110,5,41,2,78.0,180,1404.0,575.64,0.41
2021-12-16,1111110,1,41,2,86.0,147,1264.2,442.46999999999997,0.35
2021-12-16,1111110,4,41,2,87.0,156,1357.2,746.46,0.55
2021-01-12,1111110,3,41,2,41.0,255,1045.5,575.0250000000001,0.55
2021-01-12,1111110,2,41,2,44.0,189,831.6,390.852,0.47
2021-01-12,1111110,6,41,2,32.0,169,540.8,205.504,0.38
2021-01-12,1111110,5,41,2,37.0,145,536.5,219.965,0.41
2021-01-12,1111110,1,41,2,51.0,165,841.5,378.67499999999995,0.44999999999999996
2021-01-12,1111110,4,41,2,44.0,176,774.4,503.36,0.65
2021-02-10,1111110,3,41,2,44.0,234,1029.6,566.28,0.55
2021-02-10,1111110,2,41,2,42.0,138,579.6,284.004,0.49
2021-02-10,1111110,6,41,2,33.0,174,574.2,212.454,0.37
2021-02-10,1111110,5,1,2,37.0,133,492.1,206.68199999999996,0.42
2021-02-10,1111110,1,1,2,50.0,154,770.0,354.19999999999993,0.45999999999999996
2021-02-10,1111110,4,1,2,42.0,182,764.4,489.216,0.64
2021-03-08,1111110,3,1,2,44.0,252,1108.8,654.1920000000001,0.5900000000000001
2021-03-08,1111110,2,1,2,44.0,165,726.0,333.96,0.45999999999999996
2021-03-08,1111110,6,1,2,33.0,161,531.3,191.26799999999997,0.36
2021-03-08,1111110,5,1,2,39.0,106,413.4,169.49399999999997,0.41
2021-03-08,1111110,1,1,2,51.0,133,678.3,332.367,0.49
2021-03-08,1111110,4,1,2,43.0,161,692.3,415.38,0.6
2021-04-09,1111110,3,1,2,42.0,248,1041.6,583.296,0.56
2021-04-09,1111110,2,1,2,43.0,147,632.1,284.445,0.44999999999999996
2021-04-09,1111110,6,1,2,34.0,152,516.8,186.048,0.36
2021-04-09,1111110,5,1,2,37.0,135,499.5,204.795,0.41
2021-04-09,1111110,1,1,2,50.0,124,620.0,291.4,0.47
2021-04-09,1111110,4,1,2,41.0,156,639.6,415.74000000000007,0.65
2021-05-08,1111110,3,1,2,50.0,261,1305.0,783.0,0.6
2021-05-08,1111110,2,1,2,53.0,161,853.3,401.051,0.47
2021-05-08,1111110,6,1,2,49.0,160,784.0,282.24,0.36
2021-05-08,1111110,5,1,2,47.0,130,611.0,244.4,0.4
2021-05-08,1111110,1,1,2,56.0,137,767.2,375.928,0.49
2021-05-08,1111110,4,1,2,59.0,169,997.1,628.173,0.63
2021-06-10,1111110,3,1,2,59.0,263,1551.7,868.952,0.56
2021-06-10,1111110,2,1,2,54.0,175,945.0,453.6,0.48
2021-06-10,1111110,6,1,2,48.0,150,720.0,273.6,0.38
2021-06-10,1111110,5,1,2,49.0,144,705.6,289.296,0.41
2021-06-10,1111110,1,1,2,62.0,150,930.0,455.7,0.49
2021-06-10,1111110,4,1,2,69.0,181,1248.9,774.318,0.62
2021-07-08,1111110,3,1,2,59.0,247,1457.3,801.5150000000001,0.55
2021-07-08,1111110,2,1,2,56.0,196,1097.6,493.91999999999996,0.44999999999999996
2021-07-08,1111110,6,1,2,51.0,169,861.9,301.66499999999996,0.35
2021-07-08,1111110,5,1,2,53.0,150,795.0,341.85,0.43
2021-07-08,1111110,1,1,2,62.0,168,1041.6,479.13599999999997,0.45999999999999996
2021-07-08,1111110,4,1,2,66.0,194,1280.4,832.26,0.65
2021-08-09,1111110,3,1,2,62.0,250,1550.0,868.0,0.56
2021-08-09,1111110,2,1,2,55.0,210,1155.0,519.7499999999999,0.44999999999999996
2021-08-09,1111110,6,1,2,51.0,188,958.8,345.168,0.36
2021-08-09,1111110,5,1,2,41.0,150,615.0,246.0,0.4
2021-08-09,1111110,1,1,2,52.0,149,774.8,371.904,0.48
2021-08-09,1111110,4,1,2,55.0,218,1199.0,719.4,0.6
2021-09-08,1111110,3,1,2,50.0,238,1190.0,702.1000000000001,0.5900000000000001
2021-09-08,1111110,2,1,2,48.0,163,782.4,352.08,0.44999999999999996
2021-09-08,1111110,6,1,2,41.0,138,565.8,198.03,0.35
2021-09-08,1111110,5,1,2,44.0,137,602.8,247.148,0.41
2021-09-08,1111110,1,1,2,51.0,131,668.1,320.688,0.48
2021-09-08,1111110,4,1,2,59.0,156,920.4,552.24,0.6
2021-10-10,1111110,3,1,2,57.0,208,1185.6,675.7920000000001,0.5700000000000001
2021-10-10,1111110,2,1,2,46.0,156,717.6,330.09599999999995,0.45999999999999996
2021-10-10,1111110,6,1,2,46.0,137,630.2,252.08,0.4
2021-10-10,1111110,5,1,2,45.0,135,607.5,249.075,0.41
2021-10-10,1111110,1,1,2,59.0,150,885.0,415.95,0.47
2021-10-10,1111110,4,1,2,64.0,156,998.4,619.008,0.62
2021-11-09,1111110,3,1,2,56.0,217,1215.2,668.36,0.55
2021-11-09,1111110,2,1,2,49.0,162,793.8,388.962,0.49
2021-11-09,1111110,6,1,2,45.0,147,661.5,238.14000000000001,0.36
2021-11-09,1111110,5,1,2,47.0,144,676.8,270.72,0.4
2021-11-09,1111110,1,1,2,62.0,154,954.8,429.65999999999997,0.44999999999999996
2021-11-09,1111110,4,1,2,68.0,176,1196.8,765.952,0.64
2021-12-08,1111110,3,1,2,59.0,245,1445.5,838.3900000000001,0.5800000000000001
2021-12-08,1111110,2,1,2,51.0,169,861.9,430.95,0.5
2021-12-17,1111110,6,52,2,32.0,120,384.0,180.48,0.47
2021-12-17,1111110,5,52,2,34.0,88,299.2,155.584,0.52
2021-12-17,1111110,1,52,2,42.0,88,369.6,184.8,0.5
2021-12-17,1111110,4,52,2,47.0,126,592.2,361.242,0.61
2021-01-11,1111110,3,52,2,23.0,196,450.8,247.94,0.55
2021-01-11,1111110,2,52,2,23.0,133,305.9,143.773,0.47
2021-01-11,1111110,6,52,2,14.0,143,200.2,94.094,0.47
2021-01-11,1111110,5,52,2,18.0,88,158.4,82.36800000000001,0.52
2021-01-11,1111110,1,52,2,33.0,98,323.4,151.998,0.47
2021-01-11,1111110,4,52,2,24.0,138,331.2,211.968,0.64
2021-02-11,1111110,3,52,2,25.0,218,545.0,288.85,0.53
2021-02-11,1111110,2,52,2,24.0,101,242.4,113.928,0.47
2021-02-11,1111110,6,52,2,14.0,115,161.0,72.44999999999999,0.44999999999999996
2021-02-11,1111110,5,48,2,19.0,87,165.3,82.65,0.5
2021-02-11,1111110,1,48,2,32.0,101,323.2,145.44,0.44999999999999996
2021-02-11,1111110,4,48,2,24.0,131,314.4,194.928,0.62
2021-03-10,1111110,3,48,2,29.0,168,487.2,253.344,0.52
2021-03-10,1111110,2,48,2,28.0,102,285.6,142.8,0.5
2021-03-10,1111110,6,48,2,18.0,112,201.6,100.8,0.5
2021-03-10,1111110,5,48,2,23.0,73,167.9,88.987,0.53
2021-03-10,1111110,1,48,2,38.0,75,285.0,142.5,0.5
2021-03-10,1111110,4,48,2,29.0,100,290.0,185.6,0.64
2021-04-11,1111110,3,48,2,27.0,181,488.7,244.35,0.5
2021-04-11,1111110,2,48,2,25.0,94,235.0,105.75,0.44999999999999996
2021-04-11,1111110,6,48,2,14.0,98,137.2,63.112,0.45999999999999996
2021-04-11,1111110,5,48,2,18.0,70,126.0,66.78,0.53
2021-04-11,1111110,1,48,2,33.0,74,244.2,112.332,0.45999999999999996
2021-04-11,1111110,4,48,2,24.0,112,268.8,161.28,0.6
2021-05-12,1111110,3,48,2,32.0,174,556.8,283.96799999999996,0.51
2021-05-12,1111110,2,48,2,29.0,101,292.9,143.52100000000002,0.49
2021-05-12,1111110,6,48,2,25.0,98,245.0,122.5,0.5
2021-05-12,1111110,5,48,2,23.0,72,165.6,91.08000000000001,0.55
2021-05-12,1111110,1,48,2,39.0,75,292.5,146.25,0.5
2021-05-12,1111110,4,48,2,44.0,120,528.0,343.2,0.65
2021-06-11,1111110,3,48,2,28.0,182,509.6,259.896,0.51
2021-06-11,1111110,2,48,2,24.0,112,268.8,131.712,0.49
2021-06-11,1111110,6,48,2,19.0,115,218.5,107.06500000000001,0.49
2021-06-11,1111110,5,48,2,19.0,108,205.2,104.652,0.51
2021-06-11,1111110,1,48,2,34.0,108,367.2,165.23999999999998,0.44999999999999996
2021-06-11,1111110,4,48,2,38.0,150,570.0,342.0,0.6
2021-07-10,1111110,3,48,2,34.0,224,761.6,396.03200000000004,0.52
2021-07-10,1111110,2,48,2,29.0,160,464.0,222.71999999999997,0.48
2021-07-10,1111110,6,48,2,24.0,138,331.2,158.976,0.48
2021-07-10,1111110,5,48,2,23.0,115,264.5,132.25,0.5
2021-07-10,1111110,1,48,2,32.0,128,409.6,188.416,0.45999999999999996
2021-07-10,1111110,4,48,2,38.0,150,570.0,370.5,0.65
2021-08-11,1111110,3,48,2,33.0,203,669.9,334.95,0.5
2021-08-11,1111110,2,48,2,34.0,131,445.4,209.33799999999997,0.47
2021-08-11,1111110,6,48,2,29.0,113,327.7,160.573,0.49
2021-08-11,1111110,5,48,2,19.0,101,191.9,101.70700000000001,0.53
2021-08-11,1111110,1,48,2,29.0,105,304.5,140.07,0.45999999999999996
2021-08-11,1111110,4,48,2,32.0,152,486.4,291.84000000000003,0.6
2021-09-12,1111110,3,48,2,29.0,169,490.1,254.852,0.52
2021-09-12,1111110,2,48,2,23.0,122,280.6,126.26999999999998,0.44999999999999996
2021-09-12,1111110,6,48,2,9.0,91,81.9,40.95,0.5
2021-09-12,1111110,5,48,2,10.0,88,88.0,44.88,0.51
2021-09-12,1111110,1,48,2,19.0,88,167.2,83.6,0.5
2021-09-12,1111110,4,48,2,24.0,120,288.0,184.32,0.64
2021-10-11,1111110,3,48,2,28.0,173,484.4,247.044,0.51
2021-10-11,1111110,2,48,2,19.0,100,190.0,95.0,0.5
2021-10-11,1111110,6,48,2,19.0,87,165.3,80.997,0.49
2021-10-11,1111110,5,48,2,19.0,72,136.8,75.24000000000001,0.55
2021-10-11,1111110,1,48,2,29.0,83,240.7,120.35,0.5
2021-10-11,1111110,4,48,2,32.0,104,332.8,206.336,0.62
2021-11-11,1111110,3,48,2,29.0,149,432.1,216.05,0.5
2021-11-11,1111110,2,48,2,20.0,108,216.0,99.35999999999999,0.45999999999999996
2021-11-11,1111110,6,48,2,19.0,93,176.7,84.816,0.48
2021-11-11,1111110,5,48,2,19.0,113,214.7,109.497,0.51
2021-11-11,1111110,1,48,2,39.0,91,354.9,173.901,0.49
2021-11-11,1111110,4,48,2,43.0,113,485.9,315.835,0.65
2021-12-10,1111110,3,48,2,39.0,203,791.7,435.43500000000006,0.55
2021-12-10,1111110,2,48,2,28.0,145,406.0,198.94,0.49
2021-12-10,1111110,6,48,2,29.0,113,327.7,154.01899999999998,0.47
2021-12-10,1111110,5,48,2,27.0,112,302.4,154.224,0.51
2021-12-10,1111110,1,48,2,38.0,112,425.6,212.8,0.5
2021-12-10,1111110,4,48,2,42.0,125,525.0,320.25,0.61
2021-01-24,1111110,3,48,2,27.0,98,264.6,127.008,0.48
2021-01-24,1111110,2,48,2,39.0,105,409.5,200.655,0.49
2021-01-24,1111110,6,48,2,39.0,105,409.5,196.56,0.48
2021-01-24,1111110,5,48,2,39.0,58,226.2,104.05199999999999,0.45999999999999996
2021-01-24,1111110,1,48,2,42.0,44,184.8,101.64000000000001,0.55
2021-01-24,1111110,4,48,2,39.0,108,421.2,181.116,0.43
2021-02-24,1111110,3,48,2,29.0,117,339.3,152.685,0.44999999999999996
2021-02-24,1111110,2,48,2,39.0,91,354.9,170.352,0.48
2021-02-24,1111110,6,48,2,36.0,88,316.8,142.56,0.44999999999999996
2021-02-24,1111110,5,45,2,39.0,58,226.2,108.576,0.48
2021-02-24,1111110,1,45,2,42.0,38,159.6,82.992,0.52
2021-02-24,1111110,4,45,2,37.0,85,314.5,125.8,0.4
2021-03-23,1111110,3,45,2,38.0,128,486.4,238.336,0.49
2021-03-23,1111110,2,45,2,45.0,85,382.5,183.6,0.48
2021-03-23,1111110,6,45,2,54.0,88,475.2,213.83999999999997,0.44999999999999996
2021-03-23,1111110,5,45,2,49.0,65,318.5,152.88,0.48
2021-03-23,1111110,1,45,2,54.0,26,140.4,74.412,0.53
2021-03-23,1111110,4,45,2,49.0,87,426.3,179.046,0.42
2021-04-24,1111110,3,45,2,51.0,124,632.4,290.904,0.45999999999999996
2021-04-24,1111110,2,45,2,54.0,83,448.2,219.618,0.49
2021-04-24,1111110,6,45,2,55.0,85,467.5,224.4,0.48
2021-04-24,1111110,5,45,2,41.0,63,258.3,129.15,0.5
2021-04-24,1111110,1,45,2,48.0,36,172.8,86.4,0.5
2021-04-24,1111110,4,45,2,59.0,84,495.6,223.01999999999998,0.44999999999999996
2021-05-25,1111110,3,45,2,48.0,145,696.0,313.19999999999993,0.44999999999999996
2021-05-25,1111110,2,45,2,50.0,105,525.0,241.5,0.45999999999999996
2021-05-25,1111110,6,45,2,50.0,95,475.0,237.5,0.5
2021-05-25,1111110,5,45,2,49.0,83,406.7,195.21599999999998,0.48
2021-05-25,1111110,1,45,2,41.0,44,180.4,99.22,0.55
2021-05-25,1111110,4,45,2,54.0,158,853.2,383.93999999999994,0.44999999999999996
2021-06-24,1111110,3,45,2,51.0,225,1147.5,562.275,0.49
2021-06-24,1111110,2,45,2,62.0,169,1047.8,513.422,0.49
2021-06-24,1111110,6,45,2,78.0,189,1474.2,678.132,0.45999999999999996
2021-06-24,1111110,5,45,2,74.0,158,1169.2,584.6,0.5
2021-06-24,1111110,1,45,2,86.0,108,928.8,492.264,0.53
2021-06-24,1111110,4,45,2,95.0,189,1795.5,807.9749999999999,0.44999999999999996
2021-07-23,1111110,3,45,2,79.0,255,2014.5,966.96,0.48
2021-07-23,1111110,2,45,2,85.0,196,1666.0,783.02,0.47
2021-07-23,1111110,6,45,2,86.0,163,1401.8,658.846,0.47
2021-07-23,1111110,5,45,2,82.0,165,1353.0,649.4399999999999,0.48
2021-07-23,1111110,1,45,2,84.0,156,1310.4,655.2,0.5
2021-07-23,1111110,4,45,2,97.0,150,1455.0,611.1,0.42
2021-08-24,1111110,3,45,2,81.0,200,1620.0,777.6,0.48
2021-08-24,1111110,2,45,2,76.0,233,1770.8,867.692,0.49
2021-08-24,1111110,6,45,2,68.0,195,1326.0,649.74,0.49
2021-08-24,1111110,5,45,2,68.0,119,809.2,372.23199999999997,0.45999999999999996
2021-08-24,1111110,1,45,2,65.0,128,832.0,440.96000000000004,0.53
2021-08-24,1111110,4,45,2,69.0,73,503.7,221.62800000000001,0.44
2021-09-25,1111110,3,45,2,46.0,122,561.2,252.53999999999996,0.44999999999999996
2021-09-25,1111110,2,45,2,51.0,122,622.2,286.212,0.45999999999999996
2021-09-25,1111110,6,45,2,49.0,75,367.5,165.37499999999997,0.44999999999999996
2021-09-25,1111110,5,45,2,49.0,52,254.8,117.208,0.45999999999999996
2021-09-25,1111110,1,45,2,58.0,59,342.2,181.366,0.53
2021-09-25,1111110,4,45,2,41.0,73,299.3,125.70599999999999,0.42
2021-10-24,1111110,3,45,2,38.0,102,387.6,182.17199999999997,0.47
2021-10-24,1111110,2,45,2,50.0,142,710.0,326.59999999999997,0.45999999999999996
2021-10-24,1111110,6,45,2,46.0,91,418.6,205.11399999999998,0.49
2021-10-24,1111110,5,45,2,44.0,81,356.4,171.072,0.48
2021-10-24,1111110,1,45,2,51.0,75,382.5,206.55,0.54
2021-10-24,1111110,4,45,2,58.0,105,609.0,261.87,0.43
2021-11-24,1111110,3,45,2,44.0,173,761.2,350.15199999999993,0.45999999999999996
2021-11-24,1111110,2,45,2,48.0,195,936.0,468.0,0.5
2021-11-24,1111110,6,45,2,42.0,128,537.6,268.8,0.5
2021-11-24,1111110,5,45,2,51.0,131,668.1,307.32599999999996,0.45999999999999996
2021-11-24,1111110,1,45,2,68.0,111,754.8,407.592,0.54
2021-11-24,1111110,4,45,2,76.0,149,1132.4,475.608,0.42
2021-12-23,1111110,3,45,2,61.0,188,1146.8,550.4639999999999,0.48
2021-12-23,1111110,2,45,2,72.0,218,1569.6,737.712,0.47
2021-12-23,1111110,6,45,2,67.0,165,1105.5,497.4749999999999,0.44999999999999996
2021-12-23,1111110,5,45,2,67.0,143,958.1,431.145,0.44999999999999996
2021-12-23,1111110,1,45,2,72.0,133,957.6,478.8,0.5
2021-12-23,1111110,4,45,2,77.0,173,1332.1,532.84,0.4
2021-01-17,1111110,3,45,2,33.0,100,330.0,168.3,0.51
2021-01-17,1111110,2,45,2,42.0,100,420.0,226.8,0.54
2021-01-17,1111110,6,45,2,43.0,112,481.6,260.064,0.54
2021-01-17,1111110,5,45,2,41.0,68,278.8,153.33999999999997,0.5499999999999999
2021-01-17,1111110,1,45,2,46.0,58,266.8,157.412,0.5900000000000001
2021-01-17,1111110,4,45,2,41.0,122,500.2,240.096,0.48
2021-02-17,1111110,3,45,2,33.0,140,462.0,244.85999999999999,0.53
2021-02-17,1111110,2,45,2,41.0,116,475.6,242.55599999999998,0.51
2021-02-17,1111110,6,45,2,41.0,120,492.0,255.84,0.52
2021-02-17,1111110,5,36,2,44.0,73,321.2,176.65999999999997,0.5499999999999999
2021-02-17,1111110,1,36,2,48.0,51,244.8,146.88,0.6
2021-02-17,1111110,4,36,2,44.0,105,462.0,221.76,0.48
2021-03-16,1111110,3,36,2,44.0,147,646.8,329.868,0.51
2021-03-16,1111110,2,36,2,51.0,101,515.1,283.30499999999995,0.5499999999999999
2021-03-16,1111110,6,36,2,56.0,116,649.6,357.28,0.5499999999999999
2021-03-16,1111110,5,36,2,50.0,84,420.0,230.99999999999994,0.5499999999999999
2021-03-16,1111110,1,36,2,56.0,39,218.4,131.04,0.6
2021-03-16,1111110,4,36,2,41.0,95,389.5,175.27499999999998,0.44999999999999996
2021-04-17,1111110,3,36,2,48.0,142,681.6,354.432,0.52
2021-04-17,1111110,2,36,2,52.0,88,457.6,228.8,0.5
2021-04-17,1111110,6,36,2,52.0,105,546.0,278.46,0.51
2021-04-17,1111110,5,36,2,39.0,74,288.6,152.95800000000003,0.53
2021-04-17,1111110,1,36,2,43.0,53,227.9,129.90300000000002,0.5700000000000001
2021-04-17,1111110,4,36,2,55.0,105,577.5,288.75,0.5
2021-05-18,1111110,3,36,2,43.0,160,688.0,364.64,0.53
2021-05-18,1111110,2,36,2,47.0,100,470.0,244.4,0.52
2021-05-18,1111110,6,36,2,49.0,112,548.8,279.88800000000003,0.51
2021-05-18,1111110,5,36,2,44.0,85,374.0,190.74,0.51
2021-05-18,1111110,1,36,2,36.0,65,234.0,138.06,0.5900000000000001
2021-05-18,1111110,4,36,2,59.0,167,985.3,443.38499999999993,0.44999999999999996
2021-06-17,1111110,3,36,2,58.0,248,1438.4,733.5840000000001,0.51
2021-06-17,1111110,2,36,2,65.0,210,1365.0,709.8,0.52
2021-06-17,1111110,6,36,2,83.0,203,1684.9,926.6949999999999,0.5499999999999999
2021-06-17,1111110,5,36,2,82.0,161,1320.2,726.1099999999999,0.5499999999999999
2021-06-17,1111110,1,36,2,92.0,117,1076.4,613.548,0.5700000000000001
2021-06-17,1111110,4,36,2,100.0,195,1950.0,936.0,0.48
2021-07-16,1111110,3,36,2,86.0,270,2322.0,1230.66,0.53
2021-07-16,1111110,2,36,2,92.0,203,1867.6,1027.1799999999998,0.5499999999999999
2021-07-16,1111110,6,36,2,90.0,196,1764.0,952.5600000000001,0.54
2021-07-16,1111110,5,36,2,86.0,168,1444.8,780.192,0.54
2021-07-16,1111110,1,36,2,86.0,189,1625.4,942.7320000000002,0.5800000000000001
2021-07-16,1111110,4,36,2,103.0,163,1678.9,805.872,0.48
2021-08-17,1111110,3,36,2,86.0,255,2193.0,1118.43,0.51
2021-08-17,1111110,2,36,2,77.0,239,1840.3,938.5530000000001,0.51
2021-08-17,1111110,6,36,2,70.0,189,1323.0,727.6499999999999,0.5499999999999999
2021-08-17,1111110,5,36,2,74.0,128,947.2,502.01599999999996,0.53
2021-08-17,1111110,1,36,2,64.0,138,883.2,521.0880000000001,0.5900000000000001
2021-08-17,1111110,4,36,2,63.0,90,567.0,277.83,0.49
2021-09-18,1111110,3,36,2,43.0,145,623.5,342.92499999999995,0.5499999999999999
2021-09-18,1111110,2,36,2,46.0,125,575.0,293.25,0.51
2021-09-18,1111110,6,36,2,43.0,78,335.4,174.40800000000002,0.52
2021-09-18,1111110,5,36,2,41.0,63,258.3,131.733,0.51
2021-09-18,1111110,1,36,2,51.0,77,392.7,215.98500000000004,0.55
2021-09-18,1111110,4,36,2,39.0,75,292.5,146.25,0.5
2021-10-17,1111110,3,36,2,34.0,112,380.8,205.632,0.54
2021-10-17,1111110,2,36,2,45.0,155,697.5,383.62499999999994,0.5499999999999999
2021-10-17,1111110,6,36,2,42.0,100,420.0,210.0,0.5
2021-10-17,1111110,5,36,2,36.0,105,378.0,189.0,0.5
2021-10-17,1111110,1,36,2,47.0,95,446.5,263.43500000000006,0.5900000000000001
2021-10-17,1111110,4,36,2,50.0,108,540.0,253.8,0.47
2021-11-17,1111110,3,36,2,39.0,188,733.2,366.6,0.5
2021-11-17,1111110,2,36,2,42.0,210,882.0,458.64000000000004,0.52
2021-11-17,1111110,6,36,2,38.0,137,520.6,270.712,0.52
2021-11-17,1111110,5,36,2,48.0,125,600.0,300.0,0.5
2021-11-17,1111110,1,36,2,68.0,119,809.2,445.06000000000006,0.55
2021-11-17,1111110,4,36,2,81.0,174,1409.4,676.512,0.48
2021-12-16,1111110,3,36,2,69.0,240,1656.0,861.1200000000001,0.52
2021-12-16,1111110,2,36,2,72.0,216,1555.2,777.6,0.5
2021-01-05,1111110,4,36,2,34.0,143,486.2,291.71999999999997,0.6
2021-03-06,1111110,1,8,2,37.0,75,277.5,124.87499999999997,0.44999999999999996
2021-03-06,1111110,4,8,2,33.0,116,382.8,248.82000000000002,0.65
2021-04-05,1111110,3,8,2,19.0,195,370.5,174.135,0.47
2021-04-05,1111110,2,8,2,29.0,195,565.5,271.44,0.48
2021-04-05,1111110,6,8,2,24.0,138,331.2,155.664,0.47
2021-04-05,1111110,5,8,2,29.0,113,327.7,180.235,0.55
2021-04-05,1111110,1,8,2,34.0,72,244.8,105.26399999999998,0.43
2021-04-05,1111110,4,8,2,28.0,138,386.4,235.704,0.61
2021-05-05,1111110,3,8,2,18.0,203,365.4,182.7,0.5
2021-05-05,1111110,2,8,2,28.0,196,548.8,263.424,0.48
2021-05-05,1111110,6,8,2,23.0,167,384.1,180.527,0.47
2021-05-05,1111110,5,8,2,33.0,130,429.0,235.95,0.55
2021-05-05,1111110,1,8,2,47.0,120,564.0,225.6,0.4
2021-05-05,1111110,4,8,2,42.0,218,915.6,576.828,0.63
2021-06-04,1111110,3,8,2,42.0,195,819.0,401.31,0.49
2021-06-04,1111110,2,8,2,46.0,188,864.8,415.104,0.48
2021-06-04,1111110,6,8,2,47.0,174,817.8,392.544,0.48
2021-06-04,1111110,5,8,2,48.0,143,686.4,404.97600000000006,0.5900000000000001
2021-06-04,1111110,1,8,2,52.0,117,608.4,261.61199999999997,0.43
2021-06-04,1111110,4,8,2,55.0,231,1270.5,775.005,0.61
2021-07-06,1111110,3,8,2,48.0,217,1041.6,520.8,0.5
2021-07-06,1111110,2,8,2,52.0,202,1050.4,546.208,0.52
2021-07-06,1111110,6,8,2,46.0,241,1108.6,609.7299999999999,0.5499999999999999
2021-07-06,1111110,5,8,2,47.0,137,643.9,412.096,0.64
2021-07-06,1111110,1,8,2,53.0,131,694.3,333.264,0.48
2021-12-09,1111110,6,16,2,59.0,161,949.9,493.94800000000004,0.52
2021-12-09,1111110,5,16,2,63.0,147,926.1,463.05,0.5
2021-12-09,1111110,1,16,2,68.0,142,965.6,473.14399999999995,0.49
2021-12-09,1111110,4,16,2,74.0,156,1154.4,692.64,0.6
2021-10-21,1111110,4,29,2,29.0,104,301.6,159.848,0.53
2021-11-20,1111110,3,29,2,24.0,143,343.2,171.6,0.5
2021-11-20,1111110,2,29,2,14.0,94,131.6,65.8,0.5
2021-11-20,1111110,6,29,2,23.0,90,207.0,105.57000000000001,0.51
2021-11-20,1111110,5,29,2,51.0,109,555.9,277.95,0.5
2021-11-20,1111110,1,29,2,69.0,91,627.9,295.11299999999994,0.47
2021-11-20,1111110,4,29,2,73.0,117,854.1,452.67300000000006,0.53
2021-12-19,1111110,3,29,2,67.0,203,1360.1,748.0550000000001,0.55
2021-12-19,1111110,2,29,2,54.0,140,756.0,355.32,0.47
2021-12-19,1111110,6,29,2,55.0,126,693.0,374.22,0.54
2021-12-19,1111110,5,29,2,57.0,120,684.0,348.84000000000003,0.51
2021-12-19,1111110,1,29,2,64.0,112,716.8,351.23199999999997,0.49
2021-12-19,1111110,4,29,2,70.0,150,1050.0,535.5,0.51
2021-01-23,1111110,3,29,2,24.0,167,400.8,212.42400000000004,0.53
2021-01-23,1111110,2,29,2,25.0,109,272.5,122.62499999999997,0.44999999999999996
2021-01-23,1111110,6,29,2,15.0,98,147.0,80.85000000000001,0.55
2021-01-23,1111110,5,29,2,18.0,65,117.0,64.35,0.55
2021-01-23,1111110,1,29,2,33.0,80,264.0,132.0,0.5
2021-01-23,1111110,4,29,2,23.0,101,232.3,120.796,0.52
2021-02-21,1111110,3,29,2,24.0,169,405.6,210.91199999999998,0.52
2021-02-21,1111110,2,29,2,23.0,80,184.0,84.64,0.45999999999999996
2021-02-21,1111110,6,29,2,15.0,91,136.5,68.25,0.5
2021-02-21,1111110,5,39,2,19.0,49,93.1,47.481,0.51
2021-02-21,1111110,1,39,2,34.0,75,255.0,119.85,0.47
2021-02-21,1111110,4,39,2,18.0,98,176.4,89.964,0.51
2021-03-19,1111110,3,39,2,19.0,154,292.6,146.3,0.5
2021-03-19,1111110,2,39,2,19.0,73,138.7,66.576,0.48
2021-03-19,1111110,6,39,2,9.0,80,72.0,36.0,0.5
2021-03-19,1111110,5,39,2,20.0,34,68.0,34.0,0.5
2021-03-19,1111110,1,39,2,34.0,49,166.6,78.30199999999999,0.47
2021-03-19,1111110,4,39,2,23.0,69,158.7,85.69800000000001,0.54
2021-04-20,1111110,3,39,2,24.0,152,364.8,193.344,0.53
2021-04-20,1111110,2,39,2,23.0,65,149.5,71.76,0.48
2021-04-20,1111110,6,39,2,14.0,68,95.2,50.456,0.53
2021-04-20,1111110,5,39,2,18.0,45,81.0,42.93,0.53
2021-04-20,1111110,1,39,2,38.0,53,201.4,100.7,0.5
2021-04-20,1111110,4,39,2,28.0,94,263.2,144.76000000000002,0.55
2021-05-19,1111110,3,39,2,36.0,167,601.2,324.648,0.54
2021-05-19,1111110,2,39,2,39.0,87,339.3,152.685,0.44999999999999996
2021-05-19,1111110,6,39,2,34.0,72,244.8,127.296,0.52
2021-05-19,1111110,5,39,2,34.0,59,200.6,110.33000000000001,0.55
2021-05-19,1111110,1,39,2,43.0,75,322.5,145.12499999999997,0.44999999999999996
2021-05-19,1111110,4,39,2,42.0,98,411.6,214.032,0.52
2021-06-21,1111110,3,39,2,38.0,156,592.8,302.32800000000003,0.51
2021-06-21,1111110,2,39,2,33.0,88,290.4,130.68,0.44999999999999996
2021-06-21,1111110,6,39,2,36.0,88,316.8,164.73600000000002,0.52
2021-06-21,1111110,5,39,2,38.0,87,330.6,165.3,0.5
2021-06-21,1111110,1,39,2,51.0,87,443.7,208.539,0.47
2021-06-21,1111110,4,39,2,55.0,124,682.0,347.82000000000005,0.51
2021-07-19,1111110,3,39,2,50.0,182,910.0,473.2,0.52
2021-07-19,1111110,2,39,2,45.0,117,526.5,263.25,0.5
2021-07-19,1111110,6,39,2,44.0,94,413.6,223.344,0.54
2021-07-19,1111110,5,39,2,41.0,85,348.5,184.705,0.53
2021-07-19,1111110,1,39,2,59.0,98,578.2,265.972,0.45999999999999996
2021-07-19,1111110,4,39,2,61.0,142,866.2,467.74800000000005,0.54
2021-08-20,1111110,3,39,2,56.0,189,1058.4,539.784,0.51
2021-08-20,1111110,2,39,2,51.0,113,576.3,270.861,0.47
2021-08-20,1111110,6,39,2,47.0,113,531.1,281.483,0.53
2021-08-20,1111110,5,39,2,37.0,88,325.6,169.312,0.52
2021-08-20,1111110,1,39,2,47.0,81,380.7,171.315,0.44999999999999996
2021-08-20,1111110,4,39,2,50.0,124,620.0,322.4,0.52
2021-09-19,1111110,3,39,2,49.0,150,735.0,396.90000000000003,0.54
2021-09-19,1111110,2,39,2,38.0,98,372.4,167.57999999999998,0.44999999999999996
2021-09-19,1111110,6,39,2,14.0,69,96.6,49.266000000000005,0.51
2021-09-19,1111110,5,39,2,14.0,63,88.2,44.982,0.51
2021-09-19,1111110,1,39,2,23.0,68,156.4,70.38,0.44999999999999996
2021-09-19,1111110,4,39,2,28.0,91,254.8,132.496,0.52
2021-10-21,1111110,3,39,2,29.0,137,397.3,214.542,0.54
2021-10-21,1111110,2,39,2,19.0,88,167.2,76.91199999999999,0.45999999999999996
2021-10-21,1111110,6,39,2,20.0,56,112.0,57.120000000000005,0.51
2021-10-21,1111110,5,39,2,18.0,52,93.6,48.672000000000004,0.52
2021-10-21,1111110,1,39,2,29.0,50,145.0,69.6,0.48
2021-10-06,1111110,4,19,2,49.0,73,357.7,189.58100000000002,0.53
2021-11-06,1111110,3,19,2,41.0,112,459.2,202.048,0.44
2021-11-06,1111110,2,19,2,32.0,72,230.4,112.896,0.49
2021-11-06,1111110,6,19,2,32.0,57,182.4,80.256,0.44
2021-11-06,1111110,5,19,2,34.0,52,176.8,72.488,0.41
2021-11-06,1111110,1,19,2,55.0,49,269.5,161.7,0.6
2021-11-06,1111110,4,19,2,59.0,72,424.8,220.89600000000002,0.52
2021-12-05,1111110,3,19,2,54.0,147,793.8,333.396,0.42
2021-12-05,1111110,2,19,2,47.0,91,427.7,201.01899999999998,0.47
2021-12-05,1111110,6,19,2,47.0,83,390.1,163.84199999999998,0.42
2021-12-05,1111110,5,19,2,49.0,61,298.9,128.527,0.43
2021-12-05,1111110,1,19,2,59.0,59,348.1,212.34099999999998,0.61
2021-12-05,1111110,4,19,2,59.0,88,519.2,285.56000000000006,0.55
2021-01-03,1111110,3,19,2,28.0,126,352.8,158.76,0.44999999999999996
2021-01-03,1111110,2,19,2,29.0,70,203.0,93.38,0.45999999999999996
2021-01-03,1111110,6,19,2,18.0,65,117.0,47.97,0.41
2021-01-03,1111110,5,19,2,23.0,29,66.7,30.014999999999997,0.44999999999999996
2021-01-03,1111110,1,19,2,38.0,45,171.0,106.02000000000001,0.62
2021-01-03,1111110,4,19,2,28.0,73,204.4,112.42,0.55
2021-02-03,1111110,3,19,2,29.0,140,406.0,166.45999999999998,0.41
2021-02-03,1111110,2,19,2,29.0,39,113.1,55.419,0.49
2021-02-03,1111110,6,19,2,20.0,60,120.0,51.6,0.43
2021-02-03,1111110,5,34,2,23.0,20,46.0,19.779999999999998,0.43
2021-02-03,1111110,1,34,2,38.0,38,144.4,88.084,0.61
2021-02-03,1111110,4,34,2,14.0,65,91.0,46.410000000000004,0.51
2021-03-02,1111110,3,34,2,19.0,141,267.9,109.83899999999998,0.41
2021-03-02,1111110,2,34,2,19.0,44,83.6,41.8,0.5
2021-03-02,1111110,6,34,2,9.0,59,53.1,23.364,0.44
2021-03-02,1111110,5,34,2,14.0,20,28.0,11.48,0.41
2021-03-02,1111110,1,34,2,29.0,34,98.6,60.146,0.61
2021-03-02,1111110,4,34,2,18.0,63,113.4,61.236000000000004,0.54
2021-04-03,1111110,3,34,2,18.0,122,219.6,90.03599999999999,0.41
2021-04-03,1111110,2,34,2,20.0,39,78.0,35.879999999999995,0.45999999999999996
2021-04-03,1111110,6,34,2,9.0,41,36.9,15.866999999999999,0.43
2021-04-03,1111110,5,34,2,15.0,22,33.0,13.529999999999998,0.41
2021-04-03,1111110,1,34,2,55.0,26,143.0,88.66,0.62
2021-04-03,1111110,4,34,2,49.0,61,298.9,164.395,0.55
2021-05-04,1111110,3,34,2,58.0,134,777.2,318.652,0.41
2021-05-04,1111110,2,34,2,39.0,50,195.0,95.55,0.49
2021-05-04,1111110,6,34,2,33.0,49,161.7,72.765,0.44999999999999996
2021-05-04,1111110,5,34,2,32.0,38,121.6,53.504,0.44
2021-05-04,1111110,1,34,2,44.0,53,233.2,142.252,0.61
2021-05-04,1111110,4,34,2,47.0,90,423.0,215.73000000000002,0.51
2021-06-03,1111110,3,34,2,32.0,160,512.0,225.28000000000003,0.44
2021-06-03,1111110,2,34,2,27.0,90,243.0,119.07000000000001,0.49
2021-06-03,1111110,6,34,2,24.0,52,124.8,54.912,0.44
2021-06-03,1111110,5,34,2,24.0,47,112.8,46.248,0.41
2021-06-03,1111110,1,34,2,34.0,46,156.4,93.84,0.6
2021-06-03,1111110,4,34,2,51.0,98,499.8,274.89,0.55
2021-07-02,1111110,3,34,2,45.0,149,670.5,281.61,0.42
2021-07-02,1111110,2,34,2,42.0,87,365.4,179.046,0.49
2021-07-02,1111110,6,34,2,38.0,61,231.8,99.674,0.43
2021-07-02,1111110,5,34,2,38.0,51,193.8,81.39599999999999,0.42
2021-07-02,1111110,1,34,2,48.0,50,240.0,148.8,0.62
2021-07-02,1111110,4,34,2,52.0,94,488.8,263.952,0.54
2021-08-03,1111110,3,34,2,46.0,158,726.8,305.256,0.42
2021-08-03,1111110,2,34,2,43.0,84,361.2,169.76399999999998,0.47
2021-08-03,1111110,6,34,2,39.0,56,218.4,87.36,0.4
2021-08-03,1111110,5,34,2,39.0,50,195.0,87.74999999999999,0.44999999999999996
2021-08-03,1111110,1,34,2,48.0,46,220.8,143.52,0.65
2021-08-03,1111110,4,34,2,52.0,102,530.4,270.504,0.51
2021-09-04,1111110,3,34,2,33.0,143,471.9,193.47899999999998,0.41
2021-09-04,1111110,2,34,2,29.0,65,188.5,84.82499999999999,0.44999999999999996
2021-09-04,1111110,6,34,2,24.0,44,105.6,47.519999999999996,0.44999999999999996
2021-09-04,1111110,5,34,2,23.0,34,78.2,35.19,0.44999999999999996
2021-09-04,1111110,1,34,2,33.0,33,108.9,70.785,0.65
2021-09-04,1111110,4,34,2,38.0,52,197.6,98.8,0.5
2021-10-03,1111110,3,34,2,43.0,113,485.9,204.078,0.42
2021-10-03,1111110,2,34,2,33.0,68,224.4,107.71199999999999,0.48
2021-10-03,1111110,6,34,2,34.0,33,112.2,48.245999999999995,0.43
2021-10-03,1111110,5,34,2,32.0,33,105.6,43.296,0.41
2021-10-03,1111110,1,34,2,44.0,33,145.2,91.476,0.63
2021-10-03,1111110,4,34,2,46.0,65,299.0,152.49,0.51
2021-11-03,1111110,3,34,2,41.0,104,426.4,183.352,0.43
2021-11-03,1111110,2,34,2,32.0,78,249.6,117.31199999999998,0.47
2021-11-03,1111110,6,34,2,33.0,69,227.7,95.63399999999999,0.42
2021-11-03,1111110,5,34,2,33.0,65,214.5,96.52499999999999,0.44999999999999996
2021-11-03,1111110,1,34,2,58.0,56,324.8,201.376,0.62
2021-11-03,1111110,4,34,2,61.0,75,457.5,233.325,0.51
2021-12-02,1111110,3,34,2,58.0,138,800.4,328.164,0.41
2021-12-02,1111110,2,34,2,49.0,102,499.8,234.906,0.47
2021-12-02,1111110,6,34,2,45.0,87,391.5,172.26,0.44
2021-12-02,1111110,5,34,2,48.0,73,350.4,157.68,0.44999999999999996
2021-12-02,1111110,1,34,2,57.0,73,416.1,249.66,0.6
2021-12-02,1111110,4,34,2,59.0,88,519.2,269.98400000000004,0.52
2021-01-10,1111110,3,34,2,32.0,140,448.0,232.95999999999998,0.52
2021-01-10,1111110,2,34,2,32.0,78,249.6,127.296,0.51
2021-01-10,1111110,6,34,2,24.0,87,208.8,93.96,0.44999999999999996
2021-01-10,1111110,5,34,2,28.0,44,123.2,59.136,0.48
2021-01-10,1111110,1,34,2,41.0,58,237.8,104.63199999999999,0.44
2021-01-10,1111110,4,34,2,32.0,84,268.8,134.4,0.5
2021-02-10,1111110,3,34,2,34.0,160,544.0,299.20000000000005,0.55
2021-02-10,1111110,2,34,2,34.0,52,176.8,90.168,0.51
2021-02-10,1111110,6,34,2,24.0,73,175.2,87.6,0.5
2021-02-10,1111110,5,25,2,29.0,36,104.4,49.068,0.47
2021-02-10,1111110,1,25,2,41.0,58,237.8,104.63199999999999,0.44
2021-02-10,1111110,4,25,2,19.0,75,142.5,72.675,0.51
2021-03-09,1111110,3,25,2,23.0,151,347.3,177.123,0.51
2021-03-09,1111110,2,25,2,23.0,61,140.3,77.165,0.55
2021-03-09,1111110,6,25,2,14.0,72,100.8,50.4,0.5
2021-03-09,1111110,5,25,2,19.0,31,58.9,26.504999999999995,0.44999999999999996
2021-03-09,1111110,1,25,2,32.0,44,140.8,60.544,0.43
2021-03-09,1111110,4,25,2,24.0,74,177.6,92.352,0.52
2021-04-10,1111110,3,25,2,23.0,125,287.5,158.12500000000003,0.55
2021-04-10,1111110,2,25,2,23.0,54,124.2,64.584,0.52
2021-04-10,1111110,6,25,2,14.0,52,72.8,36.4,0.5
2021-04-10,1111110,5,25,2,19.0,36,68.4,32.832,0.48
2021-04-10,1111110,1,25,2,61.0,45,274.5,120.78,0.44
2021-04-10,1111110,4,25,2,47.0,72,338.4,186.12,0.55
2021-05-11,1111110,3,25,2,54.0,164,885.6,442.8,0.5
2021-05-11,1111110,2,25,2,37.0,73,270.1,148.555,0.55
2021-05-11,1111110,6,25,2,34.0,56,190.4,89.488,0.47
2021-05-11,1111110,5,25,2,34.0,49,166.6,81.634,0.49
2021-05-11,1111110,1,25,2,44.0,58,255.2,114.83999999999999,0.44999999999999996
2021-05-11,1111110,4,25,2,53.0,91,482.3,250.796,0.52
2021-06-10,1111110,3,25,2,36.0,155,558.0,306.90000000000003,0.55
2021-06-10,1111110,2,25,2,32.0,94,300.8,159.424,0.53
2021-06-10,1111110,6,25,2,27.0,50,135.0,60.749999999999986,0.44999999999999996
2021-06-10,1111110,5,25,2,29.0,46,133.4,62.698,0.47
2021-06-10,1111110,1,25,2,36.0,53,190.8,85.85999999999999,0.44999999999999996
2021-06-10,1111110,4,25,2,56.0,91,509.6,259.896,0.51
2021-07-09,1111110,3,25,2,51.0,149,759.9,402.747,0.53
2021-07-09,1111110,2,25,2,49.0,84,411.6,205.8,0.5
2021-07-09,1111110,6,25,2,42.0,68,285.6,128.51999999999998,0.44999999999999996
2021-07-09,1111110,5,25,2,42.0,49,205.8,96.726,0.47
2021-07-09,1111110,1,25,2,51.0,50,255.0,107.1,0.42
2021-07-09,1111110,4,25,2,54.0,101,545.4,278.154,0.51
2021-08-10,1111110,3,25,2,47.0,152,714.4,392.92,0.55
2021-08-10,1111110,2,25,2,41.0,87,356.7,192.618,0.54
2021-08-10,1111110,6,25,2,37.0,56,207.2,97.38399999999999,0.47
2021-08-10,1111110,5,25,2,38.0,60,228.0,107.16,0.47
2021-08-10,1111110,1,25,2,47.0,53,249.1,112.09499999999998,0.44999999999999996
2021-08-10,1111110,4,25,2,54.0,91,491.4,260.442,0.53
2021-09-11,1111110,3,25,2,33.0,133,438.9,237.006,0.54
2021-09-11,1111110,2,25,2,29.0,74,214.6,107.3,0.5
2021-09-11,1111110,6,25,2,23.0,49,112.7,52.968999999999994,0.47
2021-09-11,1111110,5,25,2,24.0,41,98.4,46.248,0.47
2021-09-11,1111110,1,25,2,33.0,42,138.6,55.44,0.4
2021-09-11,1111110,4,25,2,36.0,68,244.8,127.296,0.52
2021-10-10,1111110,3,25,2,41.0,116,475.6,252.06800000000004,0.53
2021-10-10,1111110,2,25,2,32.0,65,208.0,114.4,0.55
2021-10-10,1111110,6,25,2,32.0,38,121.6,57.152,0.47
2021-10-10,1111110,5,25,2,33.0,44,145.2,66.792,0.45999999999999996
2021-10-10,1111110,1,25,2,41.0,38,155.8,68.55199999999999,0.44
2021-10-10,1111110,4,25,2,48.0,83,398.4,211.152,0.53
2021-11-10,1111110,3,25,2,41.0,123,504.3,257.193,0.51
2021-11-10,1111110,2,25,2,33.0,98,323.4,177.87,0.55
2021-11-10,1111110,6,25,2,32.0,81,259.2,124.41599999999998,0.48
2021-11-10,1111110,5,25,2,34.0,83,282.2,141.1,0.5
2021-11-10,1111110,1,25,2,55.0,75,412.5,165.0,0.4
2021-11-10,1111110,4,25,2,61.0,91,555.1,299.754,0.54
2021-12-09,1111110,3,25,2,58.0,150,870.0,443.7,0.51
2021-12-09,1111110,2,25,2,49.0,108,529.2,291.06000000000006,0.55
2021-12-09,1111110,6,25,2,49.0,105,514.5,236.67,0.45999999999999996
2021-12-09,1111110,5,25,2,45.0,87,391.5,195.75,0.5
2021-12-09,1111110,1,25,2,54.0,84,453.6,195.048,0.43
2021-12-09,1111110,4,25,2,62.0,120,744.0,372.0,0.5
2021-01-17,1111110,3,25,2,32.0,125,400.0,208.0,0.52
2021-01-17,1111110,2,25,2,32.0,75,240.0,132.0,0.55
2021-01-17,1111110,6,25,2,25.0,87,217.5,119.625,0.55
2021-01-17,1111110,5,25,2,29.0,45,130.5,70.47,0.54
2021-01-17,1111110,1,25,2,41.0,54,221.4,112.91400000000002,0.51
2021-01-17,1111110,4,25,2,34.0,75,255.0,127.5,0.5
2021-02-17,1111110,3,25,2,33.0,149,491.7,265.51800000000003,0.54
2021-02-17,1111110,2,25,2,38.0,50,190.0,104.5,0.55
2021-02-17,1111110,6,25,2,27.0,75,202.5,103.275,0.51
2021-02-17,1111110,5,12,2,34.0,49,166.6,88.298,0.53
2021-02-17,1111110,1,12,2,48.0,65,312.0,165.36,0.53
2021-02-17,1111110,4,12,2,24.0,105,252.0,136.08,0.54
2021-03-16,1111110,3,12,2,28.0,165,462.0,235.61999999999998,0.51
2021-03-16,1111110,2,12,2,27.0,69,186.3,100.602,0.54
2021-03-16,1111110,6,12,2,19.0,91,172.9,93.36600000000001,0.54
2021-03-16,1111110,5,12,2,23.0,49,112.7,59.73100000000001,0.53
2021-03-16,1111110,1,12,2,37.0,59,218.3,109.15,0.5
2021-03-16,1111110,4,12,2,29.0,81,234.9,126.846,0.54
2021-04-17,1111110,3,12,2,27.0,143,386.1,196.911,0.51
2021-04-17,1111110,2,12,2,28.0,75,210.0,115.5,0.55
2021-04-17,1111110,6,12,2,19.0,68,129.2,69.768,0.54
2021-04-17,1111110,5,12,2,25.0,47,117.5,61.1,0.52
2021-04-17,1111110,1,12,2,60.0,56,336.0,184.8,0.55
2021-04-17,1111110,4,12,2,47.0,94,441.8,225.31799999999998,0.51
2021-05-18,1111110,3,12,2,58.0,179,1038.2,539.864,0.52
2021-05-18,1111110,2,12,2,37.0,87,321.9,164.169,0.51
2021-05-18,1111110,6,12,2,32.0,77,246.4,135.52,0.55
2021-05-18,1111110,5,12,2,33.0,50,165.0,90.75000000000001,0.55
2021-05-18,1111110,1,12,2,42.0,68,285.6,154.224,0.54
2021-05-18,1111110,4,12,2,52.0,95,494.0,271.7,0.55
2021-06-17,1111110,3,12,2,43.0,150,645.0,335.4,0.52
2021-06-17,1111110,2,12,2,37.0,119,440.3,220.15,0.5
2021-06-17,1111110,6,12,2,33.0,81,267.3,144.342,0.54
2021-06-17,1111110,5,12,2,33.0,69,227.7,118.404,0.52
2021-06-17,1111110,1,12,2,41.0,74,303.4,166.87,0.55
2021-06-17,1111110,4,12,2,59.0,115,678.5,352.82000000000005,0.52
2021-07-16,1111110,3,12,2,55.0,182,1001.0,520.52,0.52
2021-07-16,1111110,2,12,2,50.0,116,580.0,307.4,0.53
2021-07-16,1111110,6,12,2,49.0,98,480.2,254.506,0.53
2021-07-16,1111110,5,12,2,48.0,77,369.6,188.496,0.51
2021-07-16,1111110,1,12,2,54.0,87,469.8,253.692,0.54
2021-07-16,1111110,4,12,2,63.0,133,837.9,452.466,0.54
2021-08-17,1111110,3,12,2,46.0,131,602.6,313.352,0.52
2021-08-17,1111110,2,12,2,42.0,90,378.0,207.9,0.55
2021-08-17,1111110,6,12,2,38.0,87,330.6,171.912,0.52
2021-08-17,1111110,5,12,2,36.0,72,259.2,132.192,0.51
2021-08-17,1111110,1,12,2,49.0,68,333.2,179.92800000000003,0.54
2021-08-17,1111110,4,12,2,54.0,115,621.0,335.34000000000003,0.54
2021-09-18,1111110,3,12,2,34.0,154,523.6,267.036,0.51
2021-09-18,1111110,2,12,2,29.0,91,263.9,139.86700000000002,0.53
2021-09-18,1111110,6,12,2,24.0,68,163.2,88.12800000000001,0.54
2021-09-18,1111110,5,12,2,23.0,59,135.7,67.85,0.5
2021-09-18,1111110,1,12,2,32.0,61,195.2,101.504,0.52
2021-09-18,1111110,4,12,2,36.0,75,270.0,137.7,0.51
2021-10-17,1111110,3,12,2,41.0,115,471.5,254.61000000000004,0.54
2021-10-17,1111110,2,12,2,32.0,80,256.0,133.12,0.52
2021-10-17,1111110,6,12,2,33.0,44,145.2,76.956,0.53
2021-10-17,1111110,5,12,2,32.0,47,150.4,79.712,0.53
2021-10-17,1111110,1,12,2,41.0,53,217.3,119.51500000000001,0.55
2021-12-16,1111110,6,12,2,50.0,112,560.0,296.8,0.53
2021-02-22,1111110,2,12,2,34.0,38,129.2,59.431999999999995,0.45999999999999996
2021-02-22,1111110,6,12,2,24.0,46,110.4,51.888,0.47
2021-02-22,1111110,5,5,2,28.0,14,39.2,19.6,0.5
2021-02-22,1111110,1,5,2,41.0,31,127.1,57.19499999999999,0.44999999999999996
2021-02-22,1111110,4,5,2,34.0,63,214.2,92.106,0.43
2021-03-20,1111110,3,5,2,32.0,125,400.0,212.0,0.53
2021-03-20,1111110,2,5,2,34.0,39,132.6,62.32199999999999,0.47
2021-03-20,1111110,6,5,2,24.0,53,127.2,62.327999999999996,0.49
2021-03-20,1111110,5,5,2,29.0,7,20.3,9.338,0.45999999999999996
2021-03-20,1111110,1,5,2,43.0,22,94.6,40.678,0.43
2021-03-20,1111110,4,5,2,33.0,49,161.7,72.765,0.44999999999999996
2021-04-21,1111110,3,5,2,33.0,128,422.4,215.42400000000004,0.51
2021-04-21,1111110,2,5,2,32.0,31,99.2,46.623999999999995,0.47
2021-04-21,1111110,6,5,2,24.0,33,79.2,38.808,0.49
2021-04-21,1111110,5,5,2,27.0,13,35.1,16.497,0.47
2021-04-21,1111110,1,5,2,41.0,15,61.5,27.675,0.44999999999999996
2021-04-21,1111110,4,5,2,32.0,52,166.4,73.216,0.44
2021-05-20,1111110,3,5,2,49.0,118,578.2,300.66400000000004,0.52
2021-05-20,1111110,2,5,2,42.0,47,197.4,90.804,0.45999999999999996
2021-05-20,1111110,6,5,2,36.0,38,136.8,65.664,0.48
2021-05-20,1111110,5,5,2,37.0,30,111.0,53.279999999999994,0.48
2021-05-20,1111110,1,5,2,49.0,36,176.4,74.088,0.42
2021-05-20,1111110,4,5,2,52.0,63,327.6,134.31599999999997,0.41
2021-06-22,1111110,3,5,2,47.0,125,587.5,293.75,0.5
2021-06-22,1111110,2,5,2,41.0,75,307.5,144.525,0.47
2021-10-12,1111110,4,10,2,71.0,81,575.1,304.803,0.53
2021-11-11,1111110,3,10,2,64.0,126,806.4,483.84,0.6
2021-11-11,1111110,2,10,2,55.0,81,445.5,258.39,0.5800000000000001
2021-11-11,1111110,6,10,2,57.0,96,547.2,262.656,0.48
2020-11-01,1111110,3,24,3,30.0,264,792.0,308.88,0.39
2020-11-02,1111110,2,24,3,33.0,248,818.4,188.23200000000003,0.23
2020-11-03,1111110,6,24,3,33.0,271,894.3,375.60600000000005,0.42000000000000004
2020-11-04,1111110,5,24,3,35.0,219,766.5,275.94,0.36
2020-11-05,1111110,1,49,3,38.0,173,657.4,354.996,0.54
2020-11-06,1111110,4,49,3,36.0,233,838.8,176.14800000000002,0.21000000000000002
2020-11-07,1111110,3,49,3,28.0,289,809.2,339.86400000000003,0.42000000000000004
2020-11-08,1111110,2,49,3,36.0,239,860.4,215.1,0.25
2020-11-09,1111110,6,49,3,40.0,247,988.0,405.08000000000004,0.41000000000000003
2020-11-10,1111110,5,49,3,39.0,190,741.0,251.93999999999997,0.33999999999999997
2020-11-11,1111110,1,49,3,42.0,165,693.0,395.01000000000005,0.5700000000000001
2020-11-12,1111110,4,49,3,33.0,210,693.0,152.46,0.22000000000000003
2020-11-13,1111110,3,49,3,36.0,272,979.2,381.88800000000003,0.39
2020-11-14,1111110,2,49,3,39.0,231,900.9,207.20700000000002,0.23
2020-11-15,1111110,6,49,3,47.0,210,987.0,414.5400000000001,0.42000000000000004
2020-12-22,1111110,5,49,3,48.0,204,979.2,313.344,0.32
2020-12-23,1111110,1,49,3,51.0,170,867.0,468.18,0.54
2020-12-24,1111110,4,49,3,41.0,245,1004.5,200.9,0.2
2020-12-25,1111110,3,49,3,40.0,271,1084.0,411.91999999999996,0.38
2020-12-26,1111110,2,49,3,51.0,216,1101.6,275.4,0.25
2020-12-27,1111110,6,49,3,46.0,254,1168.4,455.67600000000004,0.39
2020-12-28,1111110,5,49,3,48.0,188,902.4,306.816,0.33999999999999997
2020-12-29,1111110,1,49,3,47.0,158,742.6,415.85600000000005,0.56
2020-12-30,1111110,4,49,3,62.0,245,1519.0,288.61,0.19000000000000003
2020-12-31,1111110,3,49,3,44.0,270,1188.0,522.72,0.44
2021-01-01,1111110,2,49,3,51.0,233,1188.3,320.841,0.27
2021-01-02,1111110,6,49,3,46.0,225,1035.0,455.4,0.44
2021-01-03,1111110,5,49,3,42.0,228,957.6,402.192,0.42
2021-01-04,1111110,1,49,3,49.0,182,891.8,508.326,0.5700000000000001
2021-01-05,1111110,4,49,3,58.0,225,1305.0,300.15,0.23
2021-01-06,1111110,3,49,3,41.0,341,1398.1,601.1830000000001,0.43000000000000005
2021-01-07,1111110,2,49,3,50.0,256,1280.0,384.0,0.3
2021-01-08,1111110,6,49,3,42.0,281,1180.2,531.09,0.45
2021-01-09,1111110,5,49,3,41.0,224,918.4,376.544,0.41
2021-01-10,1111110,1,49,3,44.0,196,862.4,526.0640000000001,0.6100000000000001
2021-01-11,1111110,4,49,3,60.0,306,1836.0,477.36,0.26
2021-01-12,1111110,3,49,3,41.0,338,1385.8,526.604,0.38
2021-01-13,1111110,2,49,3,49.0,263,1288.7,309.288,0.24000000000000002
2021-01-14,1111110,6,49,3,46.0,264,1214.4,485.76000000000005,0.4
2021-01-15,1111110,5,49,3,46.0,247,1136.2,409.032,0.36
2021-01-16,1111110,1,49,3,44.0,240,1056.0,591.36,0.56
2021-01-17,1111110,4,49,3,56.0,264,1478.4,280.8960000000001,0.19000000000000003
2021-01-18,1111110,3,49,3,45.0,302,1359.0,543.6,0.4
2021-01-19,1111110,2,49,3,47.0,278,1306.6,287.452,0.22
2021-01-20,1111110,6,49,3,51.0,248,1264.8,493.27200000000005,0.39
2021-01-21,1111110,5,49,3,52.0,255,1326.0,450.84,0.33999999999999997
2021-01-22,1111110,1,49,3,59.0,263,1551.7,884.469,0.5700000000000001
2021-01-23,1111110,4,49,3,60.0,254,1524.0,335.2800000000001,0.22000000000000003
2021-01-24,1111110,3,49,3,40.0,287,1148.0,401.80000000000007,0.35000000000000003
2021-01-25,1111110,2,49,3,42.0,287,1205.4,204.91799999999998,0.16999999999999998
2021-01-26,1111110,6,49,3,39.0,248,967.2,328.848,0.34
2021-01-27,1111110,5,49,3,39.0,247,963.3,260.091,0.26999999999999996
2021-01-28,1111110,1,49,3,43.0,225,967.5,464.4000000000001,0.4800000000000001
2021-01-29,1111110,4,49,3,51.0,264,1346.4,201.96000000000004,0.15000000000000002
2021-01-30,1111110,3,49,3,36.0,289,1040.4,343.33200000000005,0.33000000000000007
2021-01-31,1111110,2,49,3,39.0,280,1092.0,196.56,0.18
2021-02-01,1111110,6,49,3,42.0,210,882.0,291.06000000000006,0.33000000000000007
2021-02-02,1111110,5,49,3,42.0,223,936.6,290.34599999999995,0.30999999999999994
2021-02-03,1111110,1,49,3,50.0,221,1105.0,519.3500000000001,0.4700000000000001
2021-02-04,1111110,4,49,3,46.0,224,1030.4,123.648,0.12000000000000001
2021-02-05,1111110,3,49,3,39.0,263,1025.7,358.995,0.35000000000000003
2021-02-06,1111110,2,49,3,46.0,306,1407.6,281.52000000000004,0.2
2021-02-07,1111110,6,49,3,40.0,247,988.0,335.92,0.34
2021-02-08,1111110,5,49,3,37.0,210,777.0,225.32999999999998,0.29
2021-02-09,1111110,1,49,3,51.0,228,1162.8,546.5160000000001,0.4700000000000001
2021-02-10,1111110,4,49,3,56.0,256,1433.6,215.04000000000005,0.15000000000000002
2021-02-11,1111110,3,49,3,40.0,322,1288.0,425.0400000000001,0.33000000000000007
2021-02-12,1111110,2,49,3,46.0,332,1527.2,320.712,0.21
2021-02-13,1111110,6,49,3,44.0,256,1126.4,371.7120000000001,0.33000000000000007
2021-02-14,1111110,5,49,3,40.0,271,1084.0,325.2,0.3
2021-02-15,1111110,1,49,3,43.0,245,1053.5,547.8199999999999,0.52
2021-02-16,1111110,4,49,3,50.0,256,1280.0,217.6,0.17
2020-01-02,1111110,3,42,3,27.0,158,426.6,179.17200000000003,0.42000000000000004
2020-01-03,1111110,2,42,3,35.0,135,472.5,146.475,0.31
2020-01-04,1111110,6,42,3,36.0,140,504.0,236.88000000000002,0.47000000000000003
2020-01-05,1111110,5,42,3,34.0,90,306.0,125.46,0.41
2020-01-06,1111110,1,28,3,37.0,80,296.0,168.72000000000003,0.5700000000000001
2020-01-07,1111110,4,28,3,36.0,166,597.6,143.424,0.24000000000000002
2020-01-08,1111110,3,28,3,27.0,173,467.1,200.853,0.43000000000000005
2020-01-09,1111110,2,28,3,35.0,145,507.5,157.325,0.31
2020-01-10,1111110,6,28,3,31.0,140,434.0,186.62000000000003,0.43000000000000005
2020-01-11,1111110,5,28,3,30.0,85,255.0,104.55,0.41
2020-01-12,1111110,1,28,3,37.0,70,259.0,157.99000000000004,0.6100000000000001
2020-01-13,1111110,4,28,3,31.0,140,434.0,99.82000000000001,0.23
2020-01-14,1111110,3,28,3,31.0,182,564.2,253.89000000000001,0.45
2020-01-15,1111110,2,28,3,42.0,124,520.8,166.656,0.32
2020-01-16,1111110,6,28,3,43.0,128,550.4,258.688,0.47000000000000003
2020-01-17,1111110,5,28,3,41.0,93,381.3,156.333,0.41
2020-01-18,1111110,1,28,3,44.0,60,264.0,163.68,0.6200000000000001
2020-01-19,1111110,4,28,3,39.0,124,483.6,125.73600000000002,0.26
2020-01-20,1111110,3,28,3,41.0,171,701.1,294.46200000000005,0.42000000000000004
2020-01-21,1111110,2,28,3,46.0,116,533.6,154.74399999999997,0.29
2020-01-22,1111110,6,28,3,47.0,120,564.0,253.8,0.45
2020-01-23,1111110,5,28,3,40.0,90,360.0,147.6,0.41
2020-01-24,1111110,1,28,3,47.0,62,291.4,177.75400000000002,0.6100000000000001
2020-01-25,1111110,4,28,3,54.0,123,664.2,179.334,0.27
2020-01-26,1111110,3,28,3,43.0,171,735.3,352.944,0.48
2020-01-27,1111110,2,28,3,43.0,120,516.0,180.59999999999997,0.35
2020-01-28,1111110,6,28,3,49.0,132,646.8,303.996,0.47000000000000003
2020-01-29,1111110,5,28,3,47.0,105,493.5,227.01,0.45999999999999996
2020-01-30,1111110,1,28,3,43.0,66,283.8,187.30800000000005,0.6600000000000001
2020-01-31,1111110,4,28,3,54.0,140,756.0,241.92000000000002,0.32
2020-02-01,1111110,3,28,3,47.0,245,1151.5,575.75,0.5
2020-02-02,1111110,2,28,3,51.0,182,928.2,334.152,0.36
2020-02-03,1111110,6,28,3,46.0,176,809.6,388.608,0.48
2020-02-04,1111110,5,28,3,47.0,145,681.5,306.67499999999995,0.44999999999999996
2020-02-05,1111110,1,28,3,47.0,105,493.5,320.77500000000003,0.6500000000000001
2020-02-06,1111110,4,28,3,57.0,192,1094.4,306.432,0.28
2020-02-07,1111110,3,28,3,48.0,233,1118.4,492.096,0.44
2020-02-08,1111110,2,28,3,46.0,204,938.4,253.36800000000002,0.27
2020-02-09,1111110,6,28,3,47.0,171,803.7,361.665,0.45
2020-02-10,1111110,5,28,3,46.0,140,644.0,270.47999999999996,0.42
2020-02-11,1111110,1,28,3,47.0,150,705.0,415.9500000000001,0.5900000000000001
2020-02-12,1111110,4,28,3,61.0,170,1037.0,279.99,0.27
2020-02-13,1111110,3,28,3,44.0,238,1047.2,481.712,0.46
2020-02-14,1111110,2,28,3,56.0,208,1164.8,337.792,0.29
2020-02-15,1111110,6,28,3,44.0,179,787.6,330.79200000000003,0.42000000000000004
2020-02-16,1111110,5,28,3,42.0,152,638.4,268.128,0.42
2020-02-17,1111110,1,28,3,50.0,152,760.0,448.4000000000001,0.5900000000000001
2020-02-18,1111110,4,28,3,55.0,128,704.0,183.04000000000002,0.26
2020-02-19,1111110,3,28,3,41.0,186,762.6,289.788,0.38
2020-02-20,1111110,2,28,3,51.0,180,918.0,247.86000000000004,0.27
2020-02-21,1111110,6,28,3,46.0,144,662.4,271.584,0.41000000000000003
2020-02-22,1111110,5,28,3,43.0,124,533.2,186.61999999999998,0.35
2020-02-23,1111110,1,28,3,53.0,128,678.4,359.5520000000001,0.5300000000000001
2020-02-24,1111110,4,28,3,54.0,140,756.0,158.76000000000002,0.21000000000000002
2020-02-25,1111110,3,28,3,47.0,171,803.7,321.48,0.4
2020-02-26,1111110,2,28,3,50.0,193,965.0,241.25,0.25
2020-02-27,1111110,6,28,3,47.0,113,531.1,223.06200000000004,0.42000000000000004
2020-02-28,1111110,5,28,3,43.0,119,511.7,168.861,0.32999999999999996
2020-03-01,1111110,1,28,3,48.0,107,513.6,277.3440000000001,0.5400000000000001
2020-03-02,1111110,4,28,3,53.0,120,636.0,139.92000000000002,0.22000000000000003
2020-03-03,1111110,3,28,3,47.0,196,921.2,386.90400000000005,0.42000000000000004
2020-03-04,1111110,2,28,3,52.0,201,1045.2,261.3,0.25
2020-03-05,1111110,6,28,3,44.0,140,616.0,258.72,0.42000000000000004
2020-03-06,1111110,5,28,3,43.0,132,567.6,198.66,0.35
2020-03-07,1111110,1,28,3,46.0,119,547.4,295.5960000000001,0.5400000000000001
2020-03-08,1111110,4,28,3,51.0,162,826.2,173.502,0.21000000000000002
2020-03-09,1111110,3,28,3,47.0,216,1015.2,375.6240000000001,0.37000000000000005
2020-03-10,1111110,2,28,3,50.0,209,1045.0,261.25,0.25
2020-03-11,1111110,6,28,3,47.0,166,780.2,327.684,0.42000000000000004
2020-03-12,1111110,5,28,3,40.0,166,664.0,239.04000000000002,0.36
2020-03-13,1111110,1,28,3,49.0,136,666.4,359.8560000000001,0.5400000000000001
2020-03-14,1111110,4,28,3,56.0,170,952.0,171.36,0.18000000000000002
2020-03-15,1111110,3,28,3,20.0,149,298.0,119.2,0.4
2020-03-16,1111110,2,28,3,31.0,145,449.5,112.375,0.25
2020-03-17,1111110,6,28,3,26.0,128,332.8,139.776,0.42000000000000004
2020-03-18,1111110,5,28,3,26.0,96,249.6,84.86399999999999,0.33999999999999997
2021-12-16,1111110,6,41,3,64.0,204,1305.6,430.84799999999996,0.32999999999999996
2021-12-16,1111110,5,41,3,58.0,204,1183.2,402.28799999999995,0.33999999999999997
2021-12-16,1111110,1,41,3,64.0,179,1145.6,297.856,0.26
2021-12-16,1111110,4,41,3,64.0,200,1280.0,614.4,0.48
2021-01-12,1111110,3,41,3,30.0,272,816.0,416.16,0.51
2021-01-12,1111110,2,41,3,36.0,221,795.6,318.23999999999995,0.39999999999999997
2021-01-12,1111110,6,41,3,26.0,202,525.2,152.308,0.29
2021-01-12,1111110,5,41,3,30.0,170,510.0,188.7,0.37
2021-01-12,1111110,1,41,3,36.0,193,694.8,284.868,0.41
2021-01-12,1111110,4,41,3,35.0,221,773.5,425.425,0.55
2021-02-10,1111110,3,41,3,36.0,288,1036.8,487.296,0.47000000000000003
2021-02-10,1111110,2,41,3,31.0,165,511.5,209.715,0.41
2021-02-10,1111110,6,41,3,23.0,204,469.2,150.144,0.32
2021-02-11,1111110,5,48,3,16.0,93,148.8,62.496,0.42000000000000004
2021-02-11,1111110,1,48,3,28.0,120,336.0,141.12,0.42
2021-02-11,1111110,4,48,3,18.0,149,268.2,147.51000000000002,0.55
2021-03-10,1111110,3,48,3,20.0,228,456.0,196.08,0.43000000000000005
2021-03-10,1111110,2,48,3,22.0,105,231.0,92.39999999999999,0.39999999999999997
2021-03-10,1111110,6,48,3,16.0,140,224.0,87.35999999999999,0.38999999999999996
2021-03-10,1111110,5,48,3,20.0,75,150.0,63.000000000000014,0.42000000000000004
2021-03-10,1111110,1,48,3,28.0,90,252.0,100.79999999999998,0.39999999999999997
2021-03-10,1111110,4,48,3,21.0,140,294.0,167.58,0.5700000000000001
2021-04-11,1111110,3,48,3,20.0,194,388.0,178.48000000000002,0.46
2021-04-11,1111110,2,48,3,20.0,111,222.0,82.14,0.37
2021-04-11,1111110,6,48,3,10.0,107,107.0,43.87,0.41
2021-04-11,1111110,5,48,3,14.0,75,105.0,47.25,0.45
2021-04-11,1111110,1,48,3,24.0,88,211.2,82.368,0.38999999999999996
2021-04-11,1111110,4,48,3,20.0,136,272.0,141.44,0.52
2021-05-12,1111110,3,48,3,27.0,228,615.6,264.708,0.43000000000000005
2021-05-12,1111110,2,48,3,22.0,128,281.6,118.272,0.42
2021-05-12,1111110,6,48,3,19.0,109,207.1,78.69800000000001,0.38
2021-05-12,1111110,5,48,3,19.0,94,178.6,76.79800000000002,0.43000000000000005
2021-05-12,1111110,1,48,3,29.0,90,261.0,109.62,0.42
2021-05-12,1111110,4,48,3,32.0,128,409.6,233.47200000000004,0.5700000000000001
2021-06-11,1111110,3,48,3,21.0,208,436.8,187.824,0.43000000000000005
2021-06-11,1111110,2,48,3,18.0,132,237.6,95.03999999999999,0.39999999999999997
2021-06-11,1111110,6,48,3,13.0,128,166.4,61.568,0.37
2021-06-11,1111110,5,48,3,13.0,132,171.6,73.78800000000001,0.43000000000000005
2021-06-11,1111110,1,48,3,24.0,132,316.8,117.21600000000001,0.37
2021-06-11,1111110,4,48,3,32.0,190,608.0,328.32000000000005,0.54
2021-07-10,1111110,3,48,3,28.0,248,694.4,298.59200000000004,0.43000000000000005
2021-07-10,1111110,2,48,3,20.0,182,364.0,141.95999999999998,0.38999999999999996
2021-07-10,1111110,6,48,3,19.0,157,298.3,116.33699999999999,0.38999999999999996
2021-07-10,1111110,5,48,3,16.0,128,204.8,96.256,0.47000000000000003
2021-07-10,1111110,1,48,3,28.0,140,392.0,148.95999999999998,0.38
2021-07-10,1111110,4,48,3,32.0,204,652.8,359.04,0.55
2021-08-11,1111110,3,48,3,27.0,248,669.6,314.71200000000005,0.47000000000000003
2021-08-11,1111110,2,48,3,28.0,179,501.2,210.504,0.42
2021-08-11,1111110,6,48,3,23.0,158,363.4,148.99399999999997,0.41
2021-08-11,1111110,5,48,3,14.0,124,173.6,81.59200000000001,0.47000000000000003
2021-08-11,1111110,1,48,3,23.0,109,250.7,97.773,0.38999999999999996
2021-08-11,1111110,4,48,3,27.0,184,496.8,283.17600000000004,0.5700000000000001
2021-09-12,1111110,3,48,3,23.0,228,524.4,235.98000000000002,0.45
2021-09-12,1111110,2,48,3,19.0,158,300.2,114.076,0.38
2021-09-12,1111110,6,48,3,7.0,105,73.5,30.869999999999997,0.42
2021-09-12,1111110,5,48,3,7.0,111,77.7,35.742000000000004,0.46
2021-09-12,1111110,1,48,3,16.0,114,182.4,74.78399999999999,0.41
2021-09-12,1111110,4,48,3,18.0,132,237.6,135.43200000000002,0.5700000000000001
2021-10-11,1111110,3,48,3,24.0,201,482.4,226.728,0.47000000000000003
2021-10-11,1111110,2,48,3,14.0,132,184.8,73.91999999999999,0.39999999999999997
2021-10-11,1111110,6,48,3,13.0,90,117.0,47.97,0.41
2021-10-11,1111110,5,48,3,13.0,94,122.2,56.212,0.46
2021-10-11,1111110,1,48,3,20.0,85,170.0,66.29999999999998,0.38999999999999996
2021-10-11,1111110,4,48,3,25.0,140,350.0,189.00000000000003,0.54
2021-11-11,1111110,3,48,3,22.0,165,363.0,156.09,0.43000000000000005
2021-11-11,1111110,2,48,3,14.0,136,190.4,74.256,0.38999999999999996
2021-11-11,1111110,6,48,3,14.0,107,149.8,62.916,0.42
2021-11-11,1111110,5,48,3,15.0,124,186.0,78.12,0.42000000000000004
2021-11-11,1111110,1,48,3,28.0,123,344.4,130.872,0.38
2021-11-11,1111110,4,48,3,35.0,158,553.0,304.15000000000003,0.55
2021-12-10,1111110,3,48,3,29.0,231,669.9,308.154,0.46
2021-12-10,1111110,2,48,3,22.0,170,374.0,157.07999999999998,0.42
2021-12-10,1111110,6,48,3,20.0,153,306.0,113.22,0.37
2021-12-10,1111110,5,48,3,22.0,136,299.2,125.66400000000002,0.42000000000000004
2021-12-10,1111110,1,48,3,27.0,124,334.8,137.26799999999997,0.41
2021-12-10,1111110,4,48,3,29.0,170,493.0,256.36,0.52
2021-01-24,1111110,3,48,3,24.0,109,261.6,96.792,0.37
2021-01-24,1111110,2,48,3,29.0,123,356.7,142.68,0.39999999999999997
2021-01-24,1111110,6,48,3,31.0,105,325.5,126.94499999999998,0.38999999999999996
2021-01-24,1111110,5,48,3,30.0,68,204.0,77.52000000000001,0.38
2021-01-24,1111110,1,48,3,35.0,53,185.5,85.33000000000001,0.46
2021-01-24,1111110,4,48,3,28.0,132,369.6,125.66399999999999,0.33999999999999997
2021-02-24,1111110,3,48,3,22.0,153,336.6,138.006,0.41
2021-02-24,1111110,2,48,3,29.0,123,356.7,149.814,0.42
2021-02-24,1111110,6,48,3,28.0,123,344.4,127.428,0.37
2021-02-24,1111110,5,45,3,29.0,64,185.6,76.09599999999999,0.41
2021-02-24,1111110,1,45,3,32.0,43,137.6,60.544000000000004,0.44
2021-02-24,1111110,4,45,3,28.0,98,274.4,96.03999999999999,0.35
2021-03-23,1111110,3,45,3,28.0,143,400.4,160.16,0.39999999999999997
2021-03-23,1111110,2,45,3,40.0,98,392.0,160.71999999999997,0.41
2021-03-23,1111110,6,45,3,41.0,112,459.2,174.496,0.38
2021-03-23,1111110,5,45,3,39.0,75,292.5,108.225,0.37
2021-03-23,1111110,1,45,3,43.0,30,129.0,56.760000000000005,0.44
2021-03-23,1111110,4,45,3,40.0,90,360.0,126.0,0.35
2021-04-24,1111110,3,45,3,44.0,166,730.4,284.85599999999994,0.38999999999999996
2021-04-24,1111110,2,45,3,39.0,88,343.2,140.712,0.41
2021-04-24,1111110,6,45,3,47.0,114,535.8,219.67799999999997,0.41
2021-04-24,1111110,5,45,3,34.0,70,238.0,88.06,0.37
2021-04-24,1111110,1,45,3,36.0,39,140.4,58.968,0.42000000000000004
2021-04-24,1111110,4,45,3,49.0,90,441.0,149.94,0.33999999999999997
2021-05-25,1111110,3,45,3,39.0,155,604.5,253.89000000000001,0.42
2021-05-25,1111110,2,45,3,36.0,109,392.4,156.95999999999998,0.39999999999999997
2021-05-25,1111110,6,45,3,39.0,119,464.1,180.99899999999997,0.38999999999999996
2021-05-25,1111110,5,45,3,33.0,94,310.2,120.978,0.38999999999999996
2021-05-25,1111110,1,45,3,33.0,58,191.4,84.216,0.44
2021-05-25,1111110,4,45,3,46.0,173,795.8,286.488,0.36
2021-06-24,1111110,3,45,3,43.0,240,1032.0,392.15999999999997,0.38
2021-06-24,1111110,2,45,3,47.0,202,949.4,389.254,0.41
2021-06-24,1111110,6,45,3,53.0,208,1102.4,429.936,0.38999999999999996
2021-06-24,1111110,5,45,3,62.0,179,1109.8,455.0179999999999,0.41
2021-06-24,1111110,1,45,3,67.0,140,938.0,431.48,0.46
2021-06-24,1111110,4,45,3,74.0,231,1709.4,564.102,0.32999999999999996
2021-07-23,1111110,3,45,3,60.0,298,1788.0,750.9599999999999,0.42
2021-07-23,1111110,2,45,3,66.0,217,1432.2,587.202,0.41
2021-07-23,1111110,6,45,3,66.0,221,1458.6,612.612,0.42
2021-07-23,1111110,5,45,3,61.0,171,1043.1,427.671,0.41
2021-07-23,1111110,1,45,3,68.0,198,1346.4,619.344,0.46
2021-07-23,1111110,4,45,3,78.0,204,1591.2,556.92,0.35
2021-08-24,1111110,3,45,3,69.0,256,1766.4,653.568,0.37
2021-08-24,1111110,2,45,3,62.0,256,1587.2,666.624,0.42
2021-08-24,1111110,6,45,3,50.0,215,1075.0,430.0,0.39999999999999997
2021-08-24,1111110,5,45,3,50.0,128,640.0,243.2,0.38
2021-08-24,1111110,1,45,3,53.0,136,720.8,302.736,0.42000000000000004
2021-08-24,1111110,4,45,3,53.0,88,466.4,172.568,0.37
2021-09-25,1111110,3,45,3,34.0,149,506.6,187.442,0.37
2021-09-25,1111110,2,45,3,43.0,158,679.4,258.172,0.38
2021-09-25,1111110,6,45,3,39.0,83,323.7,135.954,0.42
2021-09-25,1111110,5,45,3,38.0,62,235.6,98.952,0.42
2021-09-25,1111110,1,45,3,48.0,77,369.6,155.23200000000003,0.42000000000000004
2021-09-25,1111110,4,45,3,36.0,85,306.0,97.92,0.32
2021-10-24,1111110,3,45,3,29.0,119,345.1,134.589,0.38999999999999996
2021-10-24,1111110,2,45,3,37.0,179,662.3,251.67400000000004,0.38
2021-10-24,1111110,6,45,3,37.0,109,403.3,149.221,0.37
2021-10-24,1111110,5,45,3,34.0,114,387.6,151.164,0.38999999999999996
2021-10-24,1111110,1,45,3,40.0,93,372.0,167.4,0.45
2021-10-24,1111110,4,45,3,41.0,123,504.3,186.591,0.37
2021-11-24,1111110,3,45,3,34.0,190,646.0,239.01999999999998,0.37
2021-11-24,1111110,2,45,3,37.0,202,747.4,291.486,0.38999999999999996
2021-11-24,1111110,6,45,3,32.0,152,486.4,204.28799999999998,0.42
2021-11-24,1111110,5,45,3,39.0,149,581.1,238.25099999999998,0.41
2021-11-24,1111110,1,45,3,50.0,145,725.0,333.5,0.46
2021-11-24,1111110,4,45,3,53.0,165,874.5,323.565,0.37
2021-12-23,1111110,3,45,3,51.0,225,1147.5,481.95,0.42
2021-12-23,1111110,2,45,3,56.0,233,1304.8,521.92,0.39999999999999997
2021-12-23,1111110,6,45,3,48.0,193,926.4,379.82399999999996,0.41
2021-12-23,1111110,5,45,3,53.0,165,874.5,341.05499999999995,0.38999999999999996
2021-12-23,1111110,1,45,3,54.0,157,847.8,398.466,0.47000000000000003
2021-12-23,1111110,4,45,3,55.0,201,1105.5,375.87,0.33999999999999997
2021-01-17,1111110,3,45,3,28.0,120,336.0,141.12,0.42
2021-01-17,1111110,2,45,3,31.0,124,384.4,169.136,0.43999999999999995
2021-01-17,1111110,6,45,3,33.0,128,422.4,181.63199999999998,0.42999999999999994
2021-01-17,1111110,5,45,3,34.0,78,265.2,121.99199999999999,0.45999999999999996
2021-01-17,1111110,1,45,3,33.0,68,224.4,114.444,0.51
2021-01-17,1111110,4,45,3,34.0,140,476.0,190.39999999999998,0.39999999999999997
2021-02-17,1111110,3,45,3,24.0,175,420.0,188.99999999999997,0.44999999999999996
2021-02-17,1111110,2,45,3,31.0,124,384.4,165.29199999999997,0.42999999999999994
2021-02-17,1111110,6,45,3,34.0,132,448.8,192.98399999999998,0.42999999999999994
2021-02-17,1111110,5,36,3,33.0,75,247.5,116.325,0.47
2021-02-17,1111110,1,36,3,33.0,53,174.9,82.203,0.47000000000000003
2021-02-17,1111110,4,36,3,32.0,131,419.2,155.10399999999998,0.37
2021-03-16,1111110,3,36,3,29.0,179,519.1,238.78599999999997,0.45999999999999996
2021-03-16,1111110,2,36,3,38.0,120,456.0,200.64,0.43999999999999995
2021-03-16,1111110,6,36,3,39.0,120,468.0,210.6,0.44999999999999996
2021-03-16,1111110,5,36,3,43.0,96,412.8,177.50399999999996,0.42999999999999994
2021-03-16,1111110,1,36,3,40.0,50,200.0,102.0,0.51
2021-03-16,1111110,4,36,3,29.0,109,316.1,116.957,0.37
2021-04-17,1111110,3,36,3,38.0,168,638.4,300.048,0.47
2021-04-17,1111110,2,36,3,36.0,107,385.2,177.19199999999998,0.45999999999999996
2021-04-17,1111110,6,36,3,40.0,120,480.0,201.6,0.42
2021-04-17,1111110,5,36,3,27.0,91,245.7,110.56499999999998,0.44999999999999996
2021-04-17,1111110,1,36,3,34.0,56,190.4,97.104,0.51
2021-04-17,1111110,4,36,3,39.0,123,479.7,177.48899999999998,0.37
2021-05-18,1111110,3,36,3,32.0,176,563.2,242.176,0.42999999999999994
2021-05-18,1111110,2,36,3,40.0,128,512.0,225.27999999999997,0.43999999999999995
2021-05-18,1111110,6,36,3,37.0,136,503.2,211.344,0.42
2021-05-18,1111110,5,36,3,33.0,101,333.3,143.319,0.42999999999999994
2021-05-18,1111110,1,36,3,32.0,77,246.4,118.272,0.48
2021-05-18,1111110,4,36,3,46.0,178,818.8,327.52,0.39999999999999997
2021-06-17,1111110,3,36,3,47.0,256,1203.2,565.504,0.47
2021-06-17,1111110,2,36,3,55.0,224,1232.0,554.3999999999999,0.44999999999999996
2021-06-17,1111110,6,36,3,55.0,210,1155.0,508.19999999999993,0.43999999999999995
2021-06-17,1111110,5,36,3,59.0,184,1085.6,510.23199999999997,0.47
2021-06-17,1111110,1,36,3,70.0,153,1071.0,503.37000000000006,0.47000000000000003
2021-06-17,1111110,4,36,3,80.0,248,1984.0,813.4399999999999,0.41
2021-07-16,1111110,3,36,3,62.0,306,1897.2,815.7959999999999,0.42999999999999994
2021-07-16,1111110,2,36,3,67.0,248,1661.6,764.336,0.45999999999999996
2021-07-16,1111110,6,36,3,69.0,210,1449.0,681.03,0.47
2021-07-16,1111110,5,36,3,62.0,198,1227.6,552.42,0.44999999999999996
2021-07-16,1111110,1,36,3,73.0,221,1613.3,790.517,0.49
2021-07-16,1111110,4,36,3,81.0,208,1684.8,690.7679999999999,0.41
2021-08-17,1111110,3,36,3,73.0,255,1861.5,874.905,0.47
2021-08-17,1111110,2,36,3,57.0,256,1459.2,642.048,0.43999999999999995
2021-08-17,1111110,6,36,3,50.0,217,1085.0,455.7,0.42
2021-08-17,1111110,5,36,3,55.0,143,786.5,369.655,0.47
2021-08-17,1111110,1,36,3,47.0,152,714.4,350.056,0.49
2021-08-17,1111110,4,36,3,46.0,102,469.2,178.296,0.38
2021-09-18,1111110,3,36,3,33.0,175,577.5,242.55,0.42
2021-09-18,1111110,2,36,3,40.0,175,700.0,300.99999999999994,0.42999999999999994
2021-09-18,1111110,6,36,3,30.0,96,288.0,132.48,0.45999999999999996
2021-09-18,1111110,5,36,3,34.0,80,272.0,114.23999999999998,0.42
2021-09-18,1111110,1,36,3,41.0,83,340.3,163.344,0.48
2021-09-18,1111110,4,36,3,30.0,90,270.0,108.0,0.39999999999999997
2021-10-17,1111110,3,36,3,25.0,124,310.0,133.29999999999998,0.42999999999999994
2021-10-17,1111110,2,36,3,34.0,184,625.6,281.52,0.44999999999999996
2021-10-17,1111110,6,36,3,33.0,128,422.4,190.07999999999998,0.44999999999999996
2021-10-17,1111110,5,36,3,31.0,120,372.0,159.95999999999998,0.42999999999999994
2021-10-17,1111110,1,36,3,39.0,112,436.8,209.664,0.48
2021-10-17,1111110,4,36,3,44.0,140,616.0,246.4,0.39999999999999997
2021-11-17,1111110,3,36,3,28.0,219,613.2,288.204,0.47
2021-11-17,1111110,2,36,3,35.0,224,784.0,368.47999999999996,0.47
2021-11-17,1111110,6,36,3,30.0,158,474.0,218.03999999999996,0.45999999999999996
2021-11-17,1111110,5,36,3,40.0,155,620.0,285.2,0.45999999999999996
2021-11-17,1111110,1,36,3,53.0,147,779.1,366.177,0.47000000000000003
2021-11-17,1111110,4,36,3,64.0,180,1152.0,472.32,0.41
2021-12-16,1111110,3,36,3,46.0,272,1251.2,575.5519999999999,0.45999999999999996
2021-12-16,1111110,2,36,3,52.0,248,1289.6,567.4239999999999,0.43999999999999995
2021-01-05,1111110,4,36,3,23.0,147,338.1,169.05,0.5
2021-03-06,1111110,1,8,3,32.0,88,281.6,98.55999999999999,0.35
2021-03-06,1111110,4,8,3,25.0,124,310.0,164.3,0.53
2021-04-05,1111110,3,8,3,15.0,215,322.5,135.45,0.42
2021-04-05,1111110,2,8,3,21.0,215,451.5,176.08499999999998,0.38999999999999996
2021-04-05,1111110,6,8,3,19.0,162,307.8,113.886,0.37
2021-04-05,1111110,5,8,3,20.0,116,232.0,113.67999999999999,0.49
2021-04-05,1111110,1,8,3,27.0,91,245.7,78.624,0.32
2021-04-05,1111110,4,8,3,23.0,176,404.8,230.73600000000002,0.5700000000000001
2021-05-05,1111110,3,8,3,14.0,210,294.0,123.47999999999999,0.42
2021-05-05,1111110,2,8,3,22.0,247,543.4,222.794,0.41
2021-05-05,1111110,6,8,3,18.0,184,331.2,129.16799999999998,0.38999999999999996
2021-05-05,1111110,5,8,3,24.0,155,372.0,186.0,0.5
2021-05-05,1111110,1,8,3,34.0,120,408.0,142.8,0.35
2021-05-05,1111110,4,8,3,33.0,240,792.0,435.6,0.55
2021-06-04,1111110,3,8,3,31.0,233,722.3,274.47400000000005,0.38
2021-06-04,1111110,2,8,3,35.0,263,920.5,377.405,0.41
2021-06-04,1111110,6,8,3,34.0,186,632.4,259.284,0.41
2021-06-04,1111110,5,8,3,33.0,187,617.1,302.379,0.49
2021-06-04,1111110,1,8,3,43.0,158,679.4,230.99599999999995,0.33999999999999997
2021-06-04,1111110,4,8,3,39.0,248,967.2,531.96,0.55
2021-07-06,1111110,3,8,3,35.0,264,924.0,425.03999999999996,0.45999999999999996
2021-07-06,1111110,2,8,3,40.0,271,1084.0,466.1199999999999,0.42999999999999994
2021-07-06,1111110,6,8,3,34.0,278,945.2,396.984,0.42
2021-07-06,1111110,5,8,3,38.0,158,600.4,318.21200000000005,0.53
2021-07-06,1111110,1,8,3,43.0,173,743.9,297.56,0.39999999999999997
2021-10-21,1111110,4,29,3,20.0,132,264.0,118.8,0.45
2021-11-20,1111110,3,29,3,18.0,176,316.8,145.728,0.46
2021-11-20,1111110,2,29,3,11.0,116,127.6,53.592,0.42
2021-11-20,1111110,6,29,3,19.0,102,193.8,83.33400000000002,0.43000000000000005
2021-11-20,1111110,5,29,3,41.0,128,524.8,230.91199999999998,0.44
2021-11-20,1111110,1,29,3,56.0,105,588.0,241.07999999999998,0.41
2021-11-20,1111110,4,29,3,53.0,135,715.5,321.975,0.45
2021-12-19,1111110,3,29,3,55.0,238,1309.0,602.1400000000001,0.46
2021-12-19,1111110,2,29,3,46.0,155,713.0,285.19999999999993,0.39999999999999997
2021-12-19,1111110,6,29,3,43.0,149,640.7,281.908,0.44
2021-12-19,1111110,5,29,3,40.0,124,496.0,228.16,0.46
2021-12-19,1111110,1,29,3,50.0,132,660.0,264.0,0.39999999999999997
2021-12-19,1111110,4,29,3,55.0,170,935.0,420.75,0.45
2021-01-23,1111110,3,29,3,17.0,178,302.6,142.222,0.47000000000000003
2021-01-23,1111110,2,29,3,18.0,124,223.2,84.816,0.38
2021-01-23,1111110,6,29,3,10.0,131,131.0,56.330000000000005,0.43000000000000005
2021-01-23,1111110,5,29,3,13.0,74,96.2,41.366,0.43000000000000005
2021-01-23,1111110,1,29,3,23.0,91,209.3,85.813,0.41
2021-01-23,1111110,4,29,3,18.0,124,223.2,100.44,0.45
2021-02-21,1111110,3,29,3,18.0,206,370.8,163.152,0.44
2021-02-21,1111110,2,29,3,17.0,83,141.1,55.028999999999996,0.38999999999999996
2021-02-21,1111110,6,29,3,12.0,98,117.6,55.272000000000006,0.47000000000000003
2021-02-21,1111110,5,39,3,15.0,58,87.0,40.02,0.46
2021-02-21,1111110,1,39,3,24.0,85,204.0,81.6,0.39999999999999997
2021-02-21,1111110,4,39,3,14.0,112,156.8,72.12800000000001,0.46
2021-03-19,1111110,3,39,3,14.0,182,254.8,117.20800000000001,0.46
2021-03-19,1111110,2,39,3,15.0,78,117.0,47.97,0.41
2021-03-19,1111110,6,39,3,7.0,83,58.1,26.145,0.45
2021-03-19,1111110,5,39,3,16.0,39,62.4,29.328000000000003,0.47000000000000003
2021-03-19,1111110,1,39,3,26.0,61,158.6,66.612,0.42
2021-03-19,1111110,4,39,3,18.0,88,158.4,72.864,0.46
2021-04-20,1111110,3,39,3,20.0,184,368.0,169.28000000000003,0.46
2021-04-20,1111110,2,39,3,18.0,79,142.2,55.45799999999999,0.38999999999999996
2021-04-20,1111110,6,39,3,10.0,70,70.0,32.2,0.46
2021-04-20,1111110,5,39,3,15.0,47,70.5,30.315000000000005,0.43000000000000005
2021-04-20,1111110,1,39,3,27.0,54,145.8,56.86199999999999,0.38999999999999996
2021-04-20,1111110,4,39,3,22.0,111,244.2,105.00600000000001,0.43000000000000005
2021-05-19,1111110,3,39,3,28.0,179,501.2,215.51600000000002,0.43000000000000005
2021-05-19,1111110,2,39,3,29.0,93,269.7,102.48599999999999,0.38
2021-05-19,1111110,6,39,3,27.0,88,237.6,99.792,0.42000000000000004
2021-05-19,1111110,5,39,3,26.0,74,192.4,80.808,0.42000000000000004
2021-05-19,1111110,1,39,3,33.0,80,264.0,108.23999999999998,0.41
2021-05-19,1111110,4,39,3,33.0,116,382.8,172.26000000000002,0.45
2021-06-21,1111110,3,39,3,32.0,192,614.4,282.624,0.46
2021-06-21,1111110,2,39,3,25.0,123,307.5,119.92499999999998,0.38999999999999996
2021-06-21,1111110,6,39,3,27.0,107,288.9,124.22700000000002,0.43000000000000005
2021-06-21,1111110,5,39,3,29.0,102,295.8,133.11,0.45
2021-06-21,1111110,1,39,3,41.0,105,430.5,163.59,0.38
2021-06-21,1111110,4,39,3,40.0,143,572.0,240.24,0.42000000000000004
2021-07-19,1111110,3,39,3,43.0,238,1023.4,429.8280000000001,0.42000000000000004
2021-07-19,1111110,2,39,3,35.0,135,472.5,179.55,0.38
2021-07-19,1111110,6,39,3,33.0,131,432.3,185.889,0.43000000000000005
2021-07-19,1111110,5,39,3,36.0,107,385.2,177.192,0.46
2021-07-19,1111110,1,39,3,43.0,116,498.8,204.50799999999998,0.41
2021-07-19,1111110,4,39,3,45.0,163,733.5,344.745,0.47000000000000003
2021-08-20,1111110,3,39,3,41.0,230,943.0,396.06000000000006,0.42000000000000004
2021-08-20,1111110,2,39,3,37.0,140,518.0,217.56,0.42
2021-08-20,1111110,6,39,3,38.0,113,429.4,201.818,0.47000000000000003
2021-08-20,1111110,5,39,3,32.0,111,355.2,149.18400000000003,0.42000000000000004
2021-08-20,1111110,1,39,3,40.0,105,420.0,155.4,0.37
2021-08-20,1111110,4,39,3,40.0,166,664.0,312.08000000000004,0.47000000000000003
2021-09-19,1111110,3,39,3,35.0,196,686.0,315.56000000000006,0.46
2021-09-19,1111110,2,39,3,28.0,128,358.4,146.944,0.41
2021-09-19,1111110,6,39,3,12.0,91,109.2,45.864000000000004,0.42000000000000004
2021-09-19,1111110,5,39,3,12.0,83,99.6,41.83200000000001,0.42000000000000004
2021-09-19,1111110,1,39,3,20.0,78,156.0,59.279999999999994,0.38
2021-09-19,1111110,4,39,3,23.0,119,273.7,128.639,0.47000000000000003
2021-10-21,1111110,3,39,3,20.0,173,346.0,162.62,0.47000000000000003
2021-10-21,1111110,2,39,3,14.0,112,156.8,65.856,0.42
2021-10-21,1111110,6,39,3,14.0,74,103.6,43.51200000000001,0.42000000000000004
2021-10-21,1111110,5,39,3,15.0,62,93.0,39.06,0.42000000000000004
2021-10-21,1111110,1,39,3,22.0,68,149.6,56.848,0.38
2021-10-12,1111110,4,10,3,54.0,90,486.0,223.56,0.45999999999999996
2021-11-11,1111110,3,10,3,54.0,140,756.0,378.0,0.5
2021-11-11,1111110,2,10,3,47.0,98,460.6,225.69400000000002,0.49
2021-11-11,1111110,6,10,3,46.0,102,469.2,173.60399999999998,0.37
